{"type":"FeatureCollection", "features": [
{"type":"Feature","geometry":{"type":"MultiPolygon","coordinates":[[[[117.6272,-8.5064],[117.6245,-8.44271],[117.5649,-8.40792],[117.4728,-8.41637],[117.4425,-8.40256],[117.39,-8.47539],[117.2359,-8.40081],[117.1216,-8.37079],[117.0946,-8.4171],[116.9938,-8.49331],[116.9356,-8.52108],[116.831,-8.54152],[116.7814,-8.59762],[116.7527,-8.67578],[116.7648,-8.74296],[116.8032,-8.79202],[116.7631,-8.86169],[116.7335,-8.87307],[116.7278,-8.98057],[116.7943,-9.04135],[116.8858,-9.06688],[116.9575,-9.06298],[117.0162,-9.11278],[117.1348,-9.08871],[117.1763,-9.02927],[117.206,-9.02215],[117.3334,-9.05713],[117.4106,-9.05105],[117.5918,-8.98328],[117.6781,-8.92221],[117.7711,-8.93188],[117.8884,-8.92488],[117.9719,-8.89648],[117.994,-8.85823],[118.0707,-8.84253],[118.1125,-8.88099],[118.1936,-8.83756],[118.2689,-8.74803],[118.313,-8.72504],[118.3432,-8.68399],[118.4147,-8.64578],[118.4155,-8.7207],[118.3683,-8.76699],[118.368,-8.84007],[118.4338,-8.88751],[118.5264,-8.87052],[118.6678,-8.8026],[118.7604,-8.79343],[118.823,-8.83576],[118.9095,-8.84041],[118.952,-8.80798],[118.9111,-8.7657],[118.8394,-8.76959],[118.7364,-8.75995],[118.7487,-8.69728],[118.814,-8.69996],[118.8719,-8.72035],[118.9094,-8.67704],[118.9733,-8.74543],[119.0251,-8.73356],[119.136,-8.7498],[119.1608,-8.70023],[119.1626,-8.63554],[119.0823,-8.64853],[119.0402,-8.64027],[119.0157,-8.56836],[119.0193,-8.52801],[119.058,-8.5075],[119.0554,-8.44954],[118.9956,-8.37304],[119.0086,-8.3121],[118.8935,-8.28139],[118.8045,-8.28351],[118.7351,-8.33774],[118.7031,-8.40608],[118.7134,-8.49515],[118.666,-8.49455],[118.696,-8.43382],[118.6959,-8.3531],[118.6543,-8.28915],[118.4821,-8.24431],[118.3766,-8.30573],[118.376,-8.3322],[118.3065,-8.37104],[118.2371,-8.34483],[118.2107,-8.28859],[118.1771,-8.26983],[118.1403,-8.20128],[118.1397,-8.13938],[118.0848,-8.11166],[118.0027,-8.09299],[117.9477,-8.1023],[117.923,-8.08018],[117.8297,-8.12762],[117.7737,-8.12987],[117.7187,-8.16267],[117.69,-8.23815],[117.8264,-8.36613],[117.9755,-8.46654],[118.0745,-8.45144],[118.0921,-8.49019],[118.2602,-8.58876],[118.2592,-8.65611],[118.1907,-8.67446],[118.1307,-8.65005],[118.042,-8.66336],[117.9643,-8.74235],[117.8649,-8.69836],[117.8005,-8.72671],[117.7706,-8.71411],[117.7476,-8.65059],[117.7511,-8.59203],[117.7339,-8.56494],[117.6347,-8.5577],[117.6272,-8.5064]]],[[[116.3869,-8.95521],[116.4041,-8.94031],[116.3951,-8.86296],[116.4287,-8.82842],[116.475,-8.82107],[116.4524,-8.89981],[116.4771,-8.92124],[116.5681,-8.89245],[116.5104,-8.78135],[116.5379,-8.76436],[116.6227,-8.60767],[116.6654,-8.55788],[116.6622,-8.48923],[116.7078,-8.44609],[116.7153,-8.35162],[116.6502,-8.2903],[116.6033,-8.28462],[116.4473,-8.2233],[116.37,-8.2136],[116.2819,-8.25297],[116.1331,-8.39276],[116.0852,-8.40538],[116.058,-8.44775],[116.0652,-8.49738],[116.0939,-8.52486],[116.0982,-8.66515],[116.0682,-8.72393],[116.0066,-8.73022],[115.913,-8.77189],[115.852,-8.71975],[115.8193,-8.74502],[115.833,-8.7992],[115.9412,-8.83306],[116.0229,-8.90188],[116.1736,-8.86446],[116.1917,-8.91269],[116.2538,-8.91775],[116.3083,-8.9054],[116.3737,-8.90937],[116.3869,-8.95521]]],[[[117.5764,-8.1487],[117.5179,-8.16035],[117.4797,-8.19131],[117.478,-8.25889],[117.509,-8.27402],[117.4692,-8.35647],[117.5289,-8.39122],[117.5718,-8.33329],[117.6109,-8.23826],[117.6882,-8.17372],[117.6696,-8.15196],[117.5764,-8.1487]]],[[[119.0875,-8.12935],[119.0592,-8.12652],[119.0052,-8.17625],[119.0052,-8.23024],[119.0524,-8.26051],[119.1206,-8.22137],[119.1209,-8.16271],[119.0875,-8.12935]]]]},"properties":{"ID":2,"kode":52,"Propinsi":"NUSATENGGARA BARAT","SUMBER":"Peta Dasar BAKOSURTANAL Skala 1 : 250.000"},"id":52},
{"type":"Feature","geometry":{"type":"Polygon","coordinates":[[[122.188141,1.045298],[122.067818,0.997213],[122.02533,0.949058],[121.993927,0.94102],[121.968292,0.894658],[121.925529,0.946584],[121.882187,0.9727],[121.831047,0.963612],[121.754608,0.926077],[121.673096,0.914232],[121.620621,0.883505],[121.499672,0.850688],[121.386032,0.870693],[121.294579,0.82408],[121.260277,0.78299],[121.225578,0.708211],[121.168579,0.690562],[121.247383,0.597502],[121.35453,0.571319],[121.345665,0.474487],[121.419083,0.484982],[121.45018,0.468869],[121.528786,0.49727],[121.534134,0.550474],[121.572685,0.536764],[121.717461,0.521079],[121.814293,0.414142],[121.876221,0.44692],[121.949081,0.445606],[122.056122,0.479517],[122.138397,0.491899],[122.177422,0.471345],[122.228798,0.486402],[122.280655,0.475349],[122.406532,0.518997],[122.423508,0.502104],[122.535942,0.507037],[122.548058,0.493073],[122.712585,0.478211],[122.836777,0.495058],[122.895432,0.484932],[123.000008,0.484606],[123.071152,0.510825],[123.122955,0.465821],[123.165573,0.404253],[123.199982,0.396042],[123.269981,0.325868],[123.343658,0.309153],[123.416306,0.313156],[123.465736,0.330308],[123.51918,0.449638],[123.527229,0.57175],[123.494171,0.636227],[123.368813,0.661965],[123.257477,0.749624],[123.240799,0.83596],[123.1465,0.881753],[123.117294,0.92862],[123.088364,0.911231],[123.028053,0.933226],[122.989319,0.968382],[122.948494,0.965814],[122.950432,0.910492],[122.925346,0.861357],[122.847275,0.816487],[122.718719,0.895446],[122.690964,0.895421],[122.653801,0.949849],[122.589439,0.954507],[122.494095,0.990939],[122.4674,1.025363],[122.375313,0.997158],[122.320999,1.010509],[122.226273,1.00335],[122.188141,1.045298]],[[122.957306,0.584448],[123.007317,0.617577],[123.020927,0.563377],[122.980988,0.556596],[122.957306,0.584448]]]},"properties":{"ID":3,"kode":75,"Propinsi":"GORONTALO","SUMBER":"Peta Dasar BAKOSURTANAL Skala 1 : 250.000"},"id":75},
{"type":"Feature","geometry":{"type":"MultiPolygon","coordinates":[[[[121.797012,-2.710249],[121.760185,-2.71899],[121.724182,-2.759546],[121.703339,-2.811771],[121.645721,-2.883784],[121.568336,-2.914573],[121.486954,-2.992209],[121.355957,-3.019798],[121.315308,-3.065957],[121.255768,-3.057803],[121.210396,-2.97805],[121.167259,-2.970928],[121.133423,-2.87806],[121.078339,-2.778087],[120.98423,-2.835341],[121.071167,-2.89214],[121.084557,-2.923684],[121.056152,-3.070598],[121.051331,-3.184905],[121.016693,-3.244607],[120.966698,-3.26637],[120.95388,-3.329225],[120.928894,-3.342],[120.858788,-3.440268],[120.876328,-3.525793],[120.910744,-3.582204],[121.020912,-3.690099],[121.061172,-3.703674],[121.181694,-3.828741],[121.226234,-3.822368],[121.293785,-3.888254],[121.337173,-3.98036],[121.499374,-4.014913],[121.599144,-4.055925],[121.608521,-4.13802],[121.564728,-4.245612],[121.522499,-4.277308],[121.507233,-4.331302],[121.506104,-4.435465],[121.45945,-4.585207],[121.455299,-4.681352],[121.56263,-4.786319],[121.651039,-4.805225],[121.662598,-4.848654],[121.724449,-4.830998],[121.808197,-4.830569],[121.818916,-4.84867],[121.904724,-4.88616],[121.992233,-4.894716],[122.079865,-4.843765],[122.108398,-4.812253],[122.04731,-4.770176],[122.023575,-4.716242],[122.025444,-4.649319],[122.082832,-4.536929],[122.174736,-4.514592],[122.224892,-4.476355],[122.257019,-4.487848],[122.36808,-4.461316],[122.42131,-4.430861],[122.503342,-4.448484],[122.586288,-4.393665],[122.613434,-4.401861],[122.681007,-4.479528],[122.746147,-4.507518],[122.767426,-4.449976],[122.701942,-4.401843],[122.663979,-4.351196],[122.683952,-4.323638],[122.773346,-4.407986],[122.840179,-4.445022],[122.904427,-4.377195],[122.88662,-4.297779],[122.905563,-4.196556],[122.8918,-4.125212],[122.842255,-4.057042],[122.771515,-4.059357],[122.843758,-4.125524],[122.792816,-4.1576],[122.704361,-4.158368],[122.643234,-4.129524],[122.663445,-4.008508],[122.603531,-3.976277],[122.671906,-3.897003],[122.515129,-3.882586],[122.512268,-3.854226],[122.465042,-3.795845],[122.448067,-3.749501],[122.4011,-3.737035],[122.367409,-3.752801],[122.308617,-3.691788],[122.248512,-3.666231],[122.195618,-3.608036],[122.198738,-3.56528],[122.275734,-3.552534],[122.302132,-3.471626],[122.238159,-3.398722],[122.277771,-3.365802],[122.322395,-3.380808],[122.330208,-3.423481],[122.372299,-3.463288],[122.390915,-3.405149],[122.373749,-3.379456],[122.292755,-3.35732],[122.288254,-3.309927],[122.312798,-3.271106],[122.285965,-3.253934],[122.294449,-3.195179],[122.274086,-3.138374],[122.241173,-3.138603],[122.190437,-3.094346],[122.191582,-3.032609],[122.130539,-3.015782],[122.090057,-2.961801],[122.000359,-2.962439],[121.940231,-2.932159],[121.899376,-2.80432],[121.872299,-2.777285],[121.81871,-2.763949],[121.797012,-2.710249]]],[[[122.97496,-5.080378],[122.955971,-5.000822],[122.969612,-4.950684],[123.001671,-4.93299],[122.993774,-4.828905],[123.038658,-4.800051],[123.103752,-4.713612],[123.149704,-4.735183],[123.171539,-4.834829],[123.201141,-4.780681],[123.21109,-4.722411],[123.199295,-4.605664],[123.136269,-4.483249],[123.080978,-4.45977],[123.040962,-4.370708],[122.910202,-4.460138],[122.850807,-4.590418],[122.831207,-4.679556],[122.858742,-4.783739],[122.807869,-4.866568],[122.832375,-4.890354],[122.811577,-4.978685],[122.768929,-5.008087],[122.80249,-5.037634],[122.788528,-5.106222],[122.737282,-5.170575],[122.806274,-5.200619],[122.793892,-5.241115],[122.732628,-5.241536],[122.682716,-5.320218],[122.651276,-5.326329],[122.646088,-5.356668],[122.617264,-5.403909],[122.647797,-5.425014],[122.563545,-5.480018],[122.578278,-5.571494],[122.623024,-5.679935],[122.661079,-5.689842],[122.744087,-5.637722],[122.797371,-5.695441],[122.815216,-5.65809],[122.897095,-5.56276],[122.897339,-5.518404],[122.846359,-5.485299],[122.888062,-5.441972],[122.921967,-5.43637],[122.972809,-5.394393],[123.014626,-5.44086],[123.135201,-5.395737],[123.21479,-5.304791],[123.176643,-5.245639],[123.151733,-5.246449],[123.085037,-5.172699],[123.032532,-5.13616],[122.962776,-5.195495],[122.942909,-5.160937],[122.974899,-5.114667],[122.97496,-5.080378]]],[[[122.311989,-5.189582],[122.315941,-5.233175],[122.268753,-5.306668],[122.275864,-5.388109],[122.363136,-5.385505],[122.463638,-5.400284],[122.495522,-5.34572],[122.481499,-5.295955],[122.524986,-5.288412],[122.539757,-5.326673],[122.511826,-5.402669],[122.545418,-5.438321],[122.592781,-5.388764],[122.599274,-5.35376],[122.640091,-5.352726],[122.637917,-5.2589],[122.58609,-5.182532],[122.637512,-5.059143],[122.679199,-5.035037],[122.735123,-4.955379],[122.762848,-4.887722],[122.727425,-4.832773],[122.747383,-4.792154],[122.721161,-4.689926],[122.730896,-4.638964],[122.668556,-4.609775],[122.596466,-4.641494],[122.536934,-4.704957],[122.451523,-4.74067],[122.374245,-4.743024],[122.321449,-4.834823],[122.353973,-4.920957],[122.377975,-4.944457],[122.382103,-5.084469],[122.322166,-5.108933],[122.311989,-5.189582]]],[[[121.805817,-5.245513],[121.802193,-5.27901],[121.875435,-5.380198],[121.945465,-5.446015],[121.944969,-5.474207],[122.029358,-5.46955],[122.043472,-5.455512],[122.051247,-5.260043],[122.060753,-5.18434],[122.026848,-5.14409],[121.992439,-5.15234],[121.986343,-5.092185],[121.94725,-5.05961],[121.930122,-5.102027],[121.859879,-5.074867],[121.843086,-5.139951],[121.808357,-5.201829],[121.805817,-5.245513]]],[[[123.003357,-3.999794],[122.980415,-4.061724],[122.945335,-4.099027],[122.996155,-4.201651],[123.073792,-4.249185],[123.118874,-4.261611],[123.149765,-4.243471],[123.254288,-4.114],[123.254143,-4.066495],[123.215721,-4.022439],[123.144112,-4.010673],[123.086868,-4.022165],[123.03022,-3.981664],[123.003357,-3.999794]]],[[[123.537064,-5.338479],[123.581528,-5.386153],[123.618355,-5.385718],[123.647369,-5.299086],[123.581436,-5.249413],[123.51709,-5.270007],[123.537064,-5.338479]]],[[[124.07579,-5.99996],[124.050156,-5.91096],[123.991692,-5.87584],[123.973602,-5.935432],[123.987404,-5.965688],[124.07579,-5.99996]]],[[[123.092873,-3.570833],[123.045197,-3.594425],[123.113304,-3.638883],[123.133232,-3.610474],[123.181412,-3.602412],[123.161133,-3.560991],[123.092873,-3.570833]]],[[[123.721954,-5.477765],[123.718681,-5.512402],[123.784508,-5.591027],[123.827209,-5.571645],[123.767891,-5.50372],[123.721954,-5.477765]]],[[[123.959496,-5.727983],[123.896194,-5.737903],[123.928597,-5.776584],[123.997734,-5.768229],[123.959496,-5.727983]]],[[[122.547577,-5.634616],[122.507607,-5.62051],[122.487648,-5.661558],[122.532173,-5.690142],[122.547577,-5.634616]]],[[[122.417923,-3.397853],[122.400879,-3.439657],[122.436958,-3.505473],[122.470146,-3.466125],[122.417923,-3.397853]]],[[[123.062531,-4.839228],[123.108261,-4.845974],[123.115738,-4.797104],[123.079178,-4.794402],[123.062531,-4.839228]]]]},"properties":{"ID":4,"kode":74,"Propinsi":"SULAWESI TENGGARA","SUMBER":"Peta Dasar BAKOSURTANAL Skala 1 : 250.000"},"id":74},
{"type":"Feature","geometry":{"type":"Polygon","coordinates":[[[110.011826,-7.886903],[110.116516,-7.927296],[110.217957,-7.985723],[110.345947,-8.028257],[110.37883,-8.066612],[110.438988,-8.095153],[110.584984,-8.139478],[110.677467,-8.182687],[110.836136,-8.202934],[110.788666,-8.154592],[110.790009,-8.1165],[110.758797,-8.030742],[110.771225,-7.899249],[110.786538,-7.818944],[110.750929,-7.82466],[110.723794,-7.791503],[110.657083,-7.785867],[110.588886,-7.804361],[110.54336,-7.798195],[110.498291,-7.745311],[110.444958,-7.536631],[110.379147,-7.595244],[110.254532,-7.683113],[110.25954,-7.645667],[110.142883,-7.645877],[110.132286,-7.741732],[110.06321,-7.813906],[110.042953,-7.89204],[110.011826,-7.886903]]]},"properties":{"ID":5,"kode":34,"Propinsi":"DAERAH ISTIMEWA YOGYAKARTA","SUMBER":"Peta Dasar BAKOSURTANAL Skala 1 : 250.000"},"id":34},
{"type":"Feature","geometry":{"type":"MultiPolygon","coordinates":[[[[108.829338,-6.74608],[108.824615,-6.829293],[108.76516,-6.896383],[108.761101,-6.98307],[108.798622,-7.004968],[108.777687,-7.104835],[108.726479,-7.116722],[108.696854,-7.151166],[108.628929,-7.137631],[108.556373,-7.171165],[108.582017,-7.240565],[108.555715,-7.290434],[108.560766,-7.334588],[108.603483,-7.350607],[108.662295,-7.340506],[108.714968,-7.421927],[108.724345,-7.486524],[108.753132,-7.543514],[108.738433,-7.609161],[108.804252,-7.673145],[108.827862,-7.599123],[108.865476,-7.611036],[108.876058,-7.694295],[108.933997,-7.720566],[108.96375,-7.715322],[108.993577,-7.744561],[109.048995,-7.697629],[109.105467,-7.685618],[109.277812,-7.701472],[109.380403,-7.724499],[109.424683,-7.76845],[109.47419,-7.756908],[109.690193,-7.792683],[109.896675,-7.844425],[110.011826,-7.886903],[110.042953,-7.89204],[110.06321,-7.813906],[110.132286,-7.741732],[110.142883,-7.645877],[110.25954,-7.645667],[110.254532,-7.683113],[110.379147,-7.595244],[110.444958,-7.536631],[110.498291,-7.745311],[110.54336,-7.798195],[110.588886,-7.804361],[110.657083,-7.785867],[110.723794,-7.791503],[110.750929,-7.82466],[110.786538,-7.818944],[110.771225,-7.899249],[110.758797,-8.030742],[110.790009,-8.1165],[110.788666,-8.154592],[110.836136,-8.202934],[110.904457,-8.210409],[110.911171,-8.121149],[110.956131,-8.063713],[111.031685,-8.082599],[111.072105,-8.050748],[111.108658,-8.065952],[111.134033,-8.020032],[111.140442,-7.938492],[111.181503,-7.916514],[111.231346,-7.948041],[111.269707,-7.930492],[111.314003,-7.85079],[111.281219,-7.782755],[111.283073,-7.744789],[111.230736,-7.747669],[111.180164,-7.709611],[111.189209,-7.603958],[111.151654,-7.563807],[111.112659,-7.415796],[111.132803,-7.386832],[111.133153,-7.30824],[111.146592,-7.262771],[111.241771,-7.24923],[111.219641,-7.295056],[111.346387,-7.352231],[111.438232,-7.353508],[111.448722,-7.280662],[111.544593,-7.209885],[111.580716,-7.201196],[111.62486,-7.065532],[111.612236,-6.971057],[111.566604,-6.951681],[111.609039,-6.903624],[111.615326,-6.836943],[111.648499,-6.828923],[111.659874,-6.780993],[111.694595,-6.752857],[111.563789,-6.638492],[111.493095,-6.616364],[111.460175,-6.661293],[111.353966,-6.700903],[111.288116,-6.682676],[111.208681,-6.687917],[111.135153,-6.652081],[111.089495,-6.595203],[111.051265,-6.504015],[111.03451,-6.421138],[110.920682,-6.406552],[110.8402,-6.409402],[110.72816,-6.449049],[110.686522,-6.496921],[110.692026,-6.53139],[110.63764,-6.680221],[110.593362,-6.738227],[110.567362,-6.805168],[110.482428,-6.918728],[110.439422,-6.946518],[110.360636,-6.958464],[110.282545,-6.910134],[110.224055,-6.898671],[110.218449,-6.858777],[110.161217,-6.857075],[110.135114,-6.886767],[109.994609,-6.926026],[109.83173,-6.91085],[109.704632,-6.859836],[109.574196,-6.837207],[109.525772,-6.783483],[109.444908,-6.835716],[109.375954,-6.859314],[109.284729,-6.873732],[109.116945,-6.849453],[109.027512,-6.774646],[108.952652,-6.83733],[108.854889,-6.799195],[108.829338,-6.74608]]],[[[108.864219,-7.706541],[108.828885,-7.685307],[108.811508,-7.734937],[108.907681,-7.751549],[108.98867,-7.776379],[108.957728,-7.718627],[108.864219,-7.706541]]]]},"properties":{"ID":6,"kode":33,"Propinsi":"JAWA TENGAH","SUMBER":"Peta Dasar BAKOSURTANAL Skala 1 : 250.000"},"id":33},
{"type":"Feature","geometry":{"type":"MultiPolygon","coordinates":[[[[106.721344,-6.089998],[106.684662,-6.016144],[106.634544,-6.014261],[106.570259,-6.035616],[106.534706,-6.012048],[106.472466,-6.052454],[106.396767,-6.018975],[106.388206,-5.992125],[106.292465,-5.950864],[106.245636,-5.961533],[106.222588,-6.015579],[106.165306,-6.02962],[106.099228,-5.986111],[106.113579,-5.930358],[106.074554,-5.885445],[106.021919,-5.888695],[105.976501,-5.999971],[105.883545,-6.074547],[105.825676,-6.252214],[105.818306,-6.370665],[105.825912,-6.429081],[105.813004,-6.468743],[105.771484,-6.516271],[105.713791,-6.53336],[105.648323,-6.488072],[105.615372,-6.561943],[105.625389,-6.585471],[105.595924,-6.650365],[105.505432,-6.729187],[105.509209,-6.757093],[105.467102,-6.827007],[105.38649,-6.738562],[105.392738,-6.691132],[105.374222,-6.655813],[105.263069,-6.761764],[105.218208,-6.747766],[105.241913,-6.822674],[105.269058,-6.843428],[105.300941,-6.801612],[105.372208,-6.813282],[105.476051,-6.862449],[105.546936,-6.867788],[105.604584,-6.845806],[105.684792,-6.836181],[105.775536,-6.849614],[105.913567,-6.815527],[105.988388,-6.814358],[106.060333,-6.833915],[106.093071,-6.874006],[106.145668,-6.902672],[106.236198,-6.931706],[106.263062,-6.972657],[106.379082,-6.995171],[106.396103,-6.979798],[106.390602,-6.90497],[106.427551,-6.865082],[106.43618,-6.818825],[106.511475,-6.765959],[106.429398,-6.695778],[106.431358,-6.583818],[106.401779,-6.529884],[106.404884,-6.453141],[106.45713,-6.419496],[106.432259,-6.359931],[106.466515,-6.313413],[106.500175,-6.356728],[106.532104,-6.333633],[106.599113,-6.361764],[106.767433,-6.361234],[106.775894,-6.316725],[106.718864,-6.185875],[106.688759,-6.174209],[106.692719,-6.095602],[106.721344,-6.089998]]],[[[105.246979,-6.565058],[105.250877,-6.532654],[105.183006,-6.542505],[105.167686,-6.576644],[105.204712,-6.650276],[105.242393,-6.63545],[105.246979,-6.565058]]]]},"properties":{"ID":7,"kode":36,"Propinsi":"BANTEN","SUMBER":"Peta Dasar BAKOSURTANAL Skala 1 : 250.000"},"id":36},
{"type":"Feature","geometry":{"type":"MultiPolygon","coordinates":[[[[111.694595,-6.752857],[111.659874,-6.780993],[111.648499,-6.828923],[111.615326,-6.836943],[111.609039,-6.903624],[111.566604,-6.951681],[111.612236,-6.971057],[111.62486,-7.065532],[111.580716,-7.201196],[111.544593,-7.209885],[111.448722,-7.280662],[111.438232,-7.353508],[111.346387,-7.352231],[111.219641,-7.295056],[111.241771,-7.24923],[111.146592,-7.262771],[111.133153,-7.30824],[111.132803,-7.386832],[111.112659,-7.415796],[111.151654,-7.563807],[111.189209,-7.603958],[111.180164,-7.709611],[111.230736,-7.747669],[111.283073,-7.744789],[111.281219,-7.782755],[111.314003,-7.85079],[111.269707,-7.930492],[111.231346,-7.948041],[111.181503,-7.916514],[111.140442,-7.938492],[111.134033,-8.020032],[111.108658,-8.065952],[111.072105,-8.050748],[111.031685,-8.082599],[110.956131,-8.063713],[110.911171,-8.121149],[110.904457,-8.210409],[111.023735,-8.252783],[111.118698,-8.254065],[111.188499,-8.278602],[111.254616,-8.248837],[111.41066,-8.279475],[111.513535,-8.335917],[111.625053,-8.325221],[111.672142,-8.373858],[111.710007,-8.325211],[111.710297,-8.294887],[111.769699,-8.290105],[111.776794,-8.257344],[111.897675,-8.301271],[111.969475,-8.282909],[112.031502,-8.319978],[112.142982,-8.318054],[112.265106,-8.349245],[112.329979,-8.334126],[112.37439,-8.376492],[112.44194,-8.398211],[112.552414,-8.401976],[112.670242,-8.446231],[112.74437,-8.419105],[112.781456,-8.387782],[112.875587,-8.409164],[112.937477,-8.383437],[112.972435,-8.326396],[113.072037,-8.284934],[113.243156,-8.284298],[113.284279,-8.295891],[113.364845,-8.353276],[113.387894,-8.398775],[113.425812,-8.380055],[113.524757,-8.430819],[113.61882,-8.442991],[113.646294,-8.494339],[113.73201,-8.526714],[113.79007,-8.488746],[113.8125,-8.546223],[113.905838,-8.579295],[113.942947,-8.56012],[113.970848,-8.609504],[114.021385,-8.595541],[114.045151,-8.639547],[114.090469,-8.615832],[114.216881,-8.643929],[114.225525,-8.602414],[114.317375,-8.624228],[114.361153,-8.65963],[114.375259,-8.698574],[114.349121,-8.744769],[114.416534,-8.748014],[114.530891,-8.780732],[114.591324,-8.750443],[114.602242,-8.715033],[114.569321,-8.661139],[114.513489,-8.648381],[114.467758,-8.61793],[114.443161,-8.637075],[114.372826,-8.53333],[114.337181,-8.422754],[114.395546,-8.121264],[114.42569,-8.064825],[114.41713,-7.920804],[114.460304,-7.88781],[114.449234,-7.804945],[114.368515,-7.751497],[114.286819,-7.74787],[114.239769,-7.700929],[114.208633,-7.719072],[114.137779,-7.71711],[114.095688,-7.699542],[114.065537,-7.637639],[114.0299,-7.606591],[113.931564,-7.699339],[113.838509,-7.684821],[113.784576,-7.733948],[113.706665,-7.709392],[113.667999,-7.736984],[113.575294,-7.711989],[113.481895,-7.698964],[113.337135,-7.77614],[113.280533,-7.786507],[113.212761,-7.73906],[113.154587,-7.746615],[113.110321,-7.72505],[113.048615,-7.659442],[112.994942,-7.657773],[112.901512,-7.62622],[112.843674,-7.586721],[112.857704,-7.548725],[112.816696,-7.488018],[112.830528,-7.46781],[112.826752,-7.347414],[112.836922,-7.30876],[112.782669,-7.214118],[112.727264,-7.199742],[112.674713,-7.225679],[112.66918,-7.166654],[112.625006,-7.126014],[112.652966,-7.041649],[112.608869,-6.982774],[112.602792,-6.89387],[112.544864,-6.848775],[112.5198,-6.905662],[112.411819,-6.865529],[112.23793,-6.871494],[112.16993,-6.89966],[112.060112,-6.890543],[112.027229,-6.859045],[111.972176,-6.765804],[111.939568,-6.764695],[111.832825,-6.799014],[111.694595,-6.752857]]],[[[113.638163,-6.887474],[113.499718,-6.897233],[113.42231,-6.88627],[113.118645,-6.894146],[113.042206,-6.880765],[112.845161,-6.898797],[112.787674,-6.985271],[112.725105,-7.040094],[112.683548,-7.031513],[112.673004,-7.075121],[112.708206,-7.102842],[112.690369,-7.151152],[112.721176,-7.174918],[112.801178,-7.157979],[112.866043,-7.164714],[112.962181,-7.200501],[113.092392,-7.229101],[113.328033,-7.214845],[113.551178,-7.2346],[113.573105,-7.163429],[113.604645,-7.127305],[113.678551,-7.110577],[113.883873,-7.135548],[113.880783,-7.07095],[113.941284,-7.057282],[113.985703,-7.011945],[114.035805,-7.008666],[114.121918,-6.980549],[114.086349,-6.927759],[113.992722,-6.884586],[113.912071,-6.864436],[113.797623,-6.884495],[113.638163,-6.887474]]],[[[115.499336,-6.946886],[115.534569,-6.96106],[115.553787,-6.90412],[115.439651,-6.846564],[115.394707,-6.834252],[115.251526,-6.826602],[115.233414,-6.885417],[115.193825,-6.931066],[115.320747,-6.993716],[115.390144,-6.98852],[115.38356,-6.911211],[115.4478,-6.919424],[115.499336,-6.946886]]],[[[112.67501,-5.859471],[112.722518,-5.834838],[112.731986,-5.793182],[112.71614,-5.742655],[112.671714,-5.72369],[112.578552,-5.779873],[112.564216,-5.833381],[112.67501,-5.859471]]],[[[114.28257,-7.073864],[114.267868,-7.098571],[114.3144,-7.167445],[114.383644,-7.186969],[114.404289,-7.172804],[114.362137,-7.081872],[114.325409,-7.053657],[114.28257,-7.073864]]],[[[115.899406,-7.107687],[115.843468,-7.16076],[115.804092,-7.15064],[115.778282,-7.109709],[115.736443,-7.153445],[115.832756,-7.205947],[115.891769,-7.186985],[115.899406,-7.107687]]],[[[113.271072,-8.464405],[113.30629,-8.509363],[113.399284,-8.49789],[113.400581,-8.458902],[113.306946,-8.450875],[113.271072,-8.464405]]],[[[114.48246,-7.141308],[114.60331,-7.171029],[114.604576,-7.134747],[114.538559,-7.120292],[114.48246,-7.141308]]]]},"properties":{"ID":8,"kode":35,"Propinsi":"JAWA TIMUR","SUMBER":"Peta Dasar BAKOSURTANAL Skala 1 : 250.000"},"id":35},
{"type":"Feature","geometry":{"type":"MultiPolygon","coordinates":[[[[127.742072,0.816295],[127.697,0.87726],[127.6535,0.90266],[127.6247,0.96958],[127.6534,1.0226],[127.7644,1.06888],[127.8325,1.14733],[127.8934,1.14881],[127.9317,1.236],[127.9776,1.27595],[127.9981,1.3337],[127.9907,1.36575],[128.0265,1.47197],[128.0335,1.58746],[127.9915,1.61054],[127.9918,1.66442],[128.0203,1.70558],[127.9917,1.76257],[127.9263,1.80236],[127.8788,1.79133],[127.8422,1.81305],[127.8478,1.92255],[127.9438,1.98637],[127.9575,2.04664],[128.0163,2.09971],[128.0675,2.17477],[128.0521,2.20415],[127.9303,2.16371],[127.8375,2.09089],[127.7764,1.99706],[127.7001,1.93801],[127.607,1.77525],[127.5795,1.76204],[127.5565,1.70354],[127.5751,1.68532],[127.5242,1.57819],[127.5333,1.48478],[127.5177,1.42418],[127.4067,1.22822],[127.3989,1.18898],[127.4301,1.14734],[127.3987,1.0772],[127.4192,1.02931],[127.4721,1.059],[127.51,0.95334],[127.4906,0.92754],[127.5083,0.85684],[127.5627,0.8698],[127.6378,0.83297],[127.6029,0.76229],[127.5449,0.72851],[127.549,0.67995],[127.5249,0.55191],[127.5623,0.5117],[127.5751,0.41658],[127.619,0.36049],[127.7144,0.3493],[127.7323,0.31467],[127.6981,0.19853],[127.6883,0.10672],[127.7194,0.06459],[127.6984,0.01083],[127.6996,-0.08177],[127.6595,-0.21024],[127.6863,-0.26548],[127.7496,-0.31774],[127.8621,-0.36417],[127.936,-0.49685],[128.0045,-0.66521],[128.063,-0.7163],[128.239,-0.77439],[128.2714,-0.82066],[128.2325,-0.8483],[128.29,-0.87902],[128.3489,-0.88716],[128.3741,-0.84649],[128.3036,-0.76573],[128.2195,-0.70072],[128.1851,-0.62383],[128.0997,-0.50944],[127.9867,-0.26911],[127.9483,-0.11003],[127.8873,0.00948],[127.8861,0.07639],[127.9243,0.13099],[127.9191,0.27721],[127.8716,0.30896],[127.9102,0.39127],[127.9154,0.45615],[127.9746,0.4816],[128.0398,0.47984],[128.1165,0.45372],[128.1369,0.46332],[128.2183,0.4098],[128.3124,0.39049],[128.3869,0.40178],[128.4753,0.39434],[128.4994,0.35481],[128.5584,0.31668],[128.6011,0.31807],[128.8473,0.26065],[128.7976,0.31372],[128.6767,0.33845],[128.6897,0.46074],[128.6694,0.49282],[128.6909,0.54882],[128.5697,0.56647],[128.4445,0.62671],[128.3137,0.6577],[128.2597,0.73909],[128.2201,0.756],[128.2052,0.80334],[128.3166,0.81788],[128.2815,0.86741],[128.3338,0.91042],[128.3849,0.91071],[128.5073,0.969],[128.5361,0.97025],[128.5998,1.04118],[128.6842,1.07075],[128.6878,1.19439],[128.7158,1.25066],[128.7071,1.29313],[128.7418,1.33011],[128.7364,1.3984],[128.6905,1.44729],[128.6797,1.48842],[128.7197,1.57194],[128.6649,1.58865],[128.5524,1.56312],[128.5052,1.52351],[128.4626,1.54464],[128.3597,1.49011],[128.3401,1.45979],[128.2424,1.41862],[128.1604,1.36163],[128.1347,1.30145],[128.0916,1.26956],[128.1092,1.23794],[128.18,1.23451],[128.2007,1.19261],[128.1659,1.12245],[128.0883,1.12649],[128.0237,1.11131],[127.98,1.08488],[127.9239,0.95794],[127.932,0.88722],[127.8397,0.80633],[127.7974,0.7996],[127.742072,0.816295]]],[[[124.936874,-1.929927],[125.020279,-1.930932],[125.059608,-1.88656],[125.108589,-1.898453],[125.167656,-1.875936],[125.233017,-1.87573],[125.311661,-1.895589],[125.32077,-1.784913],[125.292274,-1.733136],[125.202957,-1.727396],[125.131844,-1.686383],[125.076996,-1.762628],[124.955513,-1.699806],[124.897141,-1.711954],[124.869881,-1.68325],[124.798882,-1.686176],[124.636864,-1.644307],[124.52462,-1.634892],[124.473778,-1.65911],[124.398499,-1.661184],[124.363998,-1.71271],[124.375023,-1.733304],[124.344444,-1.811057],[124.339363,-1.883676],[124.384331,-1.94311],[124.398903,-2.024912],[124.449631,-2.030549],[124.534431,-2.007188],[124.590477,-2.003751],[124.669197,-1.977551],[124.77874,-1.916949],[124.865112,-1.893923],[124.889656,-1.92754],[124.936874,-1.929927]]],[[[127.5001,-1.72513],[127.6446,-1.72921],[127.7037,-1.6869],[127.8162,-1.69945],[127.885,-1.68033],[128.0372,-1.71459],[128.0989,-1.71322],[128.159,-1.67794],[128.1673,-1.6148],[128.1245,-1.56462],[128.0786,-1.57834],[127.9399,-1.45149],[127.8983,-1.43163],[127.8465,-1.43784],[127.7995,-1.41196],[127.7904,-1.37072],[127.71,-1.33658],[127.5734,-1.36802],[127.5097,-1.41778],[127.4573,-1.4385],[127.4126,-1.48042],[127.41,-1.56593],[127.3915,-1.61568],[127.4048,-1.66221],[127.5001,-1.72513]]],[[[128.2792,2.00001],[128.3047,2.03752],[128.3987,2.05641],[128.4704,2.05684],[128.5306,2.07179],[128.6307,2.21973],[128.6571,2.31508],[128.6547,2.3753],[128.6958,2.42752],[128.6942,2.48003],[128.6355,2.54578],[128.5646,2.64851],[128.5255,2.57971],[128.459,2.59769],[128.4117,2.53086],[128.3619,2.50778],[128.2987,2.44234],[128.2787,2.35976],[128.2244,2.30658],[128.2514,2.25059],[128.2571,2.12537],[128.3096,2.08133],[128.2792,2.00001]]],[[[127.3592,-0.57986],[127.4518,-0.62858],[127.4752,-0.65588],[127.438,-0.74074],[127.4728,-0.81791],[127.5675,-0.76966],[127.6537,-0.74391],[127.6567,-0.78787],[127.693,-0.84385],[127.7942,-0.85696],[127.8678,-0.82488],[127.906,-0.77903],[127.8704,-0.72379],[127.8006,-0.67786],[127.7163,-0.68805],[127.6861,-0.70913],[127.6496,-0.67974],[127.6448,-0.6237],[127.5993,-0.61639],[127.6037,-0.57387],[127.6677,-0.51201],[127.6887,-0.46297],[127.6123,-0.36417],[127.5376,-0.31027],[127.481,-0.3414],[127.4514,-0.41708],[127.4094,-0.35825],[127.3553,-0.32239],[127.285,-0.46953],[127.3592,-0.57986]]],[[[125.9997,-1.91651],[126.1065,-1.88032],[126.1545,-1.89238],[126.2178,-1.86881],[126.2614,-1.87942],[126.3354,-1.84281],[126.2828,-1.8179],[126.2095,-1.80953],[126.1406,-1.81564],[125.9168,-1.79541],[125.8765,-1.81093],[125.7522,-1.80754],[125.7029,-1.83132],[125.5512,-1.80585],[125.4913,-1.82035],[125.4809,-1.78226],[125.4305,-1.81122],[125.372,-1.78057],[125.3303,-1.83265],[125.4385,-1.89255],[125.4509,-1.94292],[125.5354,-1.94847],[125.5886,-1.93069],[125.7902,-1.9299],[125.8447,-1.89649],[125.9263,-1.94223],[125.9997,-1.91651]]],[[[126,-2.44711],[126.0422,-2.47304],[126.0692,-2.41961],[126.0052,-2.26574],[125.9634,-2.18431],[125.9613,-2.12136],[125.9938,-2.05085],[125.9811,-2.01085],[125.9136,-1.9759],[125.8753,-2.02554],[125.8583,-2.08804],[125.8878,-2.17258],[125.8816,-2.21248],[125.9575,-2.32236],[125.9594,-2.37442],[126,-2.44711]]],[[[127.2619,-0.41957],[127.2834,-0.37313],[127.2481,-0.31237],[127.2657,-0.28156],[127.2358,-0.24834],[127.1443,-0.2604],[127.1131,-0.29016],[127.1347,-0.32419],[127.1134,-0.37269],[127.1193,-0.51607],[127.1446,-0.52742],[127.214,-0.51609],[127.2517,-0.49356],[127.2619,-0.41957]]],[[[127.1612,-0.72234],[127.191,-0.77644],[127.2356,-0.7631],[127.2906,-0.79626],[127.3295,-0.78217],[127.2881,-0.72649],[127.2975,-0.68594],[127.2087,-0.64521],[127.1612,-0.72234]]],[[[127.4999,-1.27043],[127.5595,-1.24815],[127.6721,-1.29242],[127.6935,-1.22769],[127.5999,-1.20978],[127.5378,-1.17793],[127.4654,-1.23999],[127.4999,-1.27043]]],[[[129.463684,-0.090001],[129.398895,-0.025581],[129.375412,-0.064561],[129.455719,-0.108978],[129.510452,-0.205838],[129.562119,-0.181339],[129.536438,-0.137458],[129.463684,-0.090001]]],[[[127.3835,0.72289],[127.3616,0.67888],[127.3691,0.64163],[127.4277,0.63181],[127.4573,0.67694],[127.4478,0.74363],[127.404,0.75954],[127.3835,0.72289]]],[[[127.2924,0.82257],[127.3044,0.76429],[127.3733,0.7637],[127.3848,0.83086],[127.3168,0.86424],[127.2924,0.82257]]],[[[127.3804,0.28067],[127.4215,0.28311],[127.4427,0.33914],[127.4175,0.37392],[127.3442,0.33348],[127.3804,0.28067]]],[[[127.4613,0.00001],[127.4705,0.03449],[127.4404,0.10221],[127.4134,0.05743],[127.4331,-0.00584],[127.4613,0.00001]]],[[[127.3164,-1.43808],[127.3713,-1.428],[127.3989,-1.40281],[127.347,-1.3666],[127.2912,-1.40862],[127.3164,-1.43808]]],[[[128.1611,2.41114],[128.129,2.32644],[128.184,2.29051],[128.1882,2.36684],[128.1611,2.41114]]],[[[128.350814,-1.033596],[128.4037,-1.03638],[128.4029,-0.99246],[128.3414,-0.97438],[128.350814,-1.033596]]],[[[128.4984,-0.56781],[128.5155,-0.62451],[128.5917,-0.64074],[128.5987,-0.61046],[128.5245,-0.58984],[128.4984,-0.56781]]],[[[128.3113,-0.54382],[128.4003,-0.57154],[128.3684,-0.51991],[128.3113,-0.54382]]],[[[127.3309,-0.62605],[127.359,-0.6629],[127.4108,-0.633],[127.3769,-0.6072],[127.3309,-0.62605]]],[[[124.303452,-2.000366],[124.328445,-2.02773],[124.365074,-2.013639],[124.366676,-1.967357],[124.313477,-1.971169],[124.303452,-2.000366]]],[[[126.375684,1.346717],[126.412223,1.282993],[126.43995,1.344847],[126.375684,1.346717]]]]},"properties":{"ID":9,"kode":82,"Propinsi":"MALUKU UTARA","SUMBER":"Peta Dasar BAKOSURTANAL Skala 1 : 250.000"},"id":82},
{"type":"Feature","geometry":{"type":"MultiPolygon","coordinates":[[[[130.8313,-3.47141],[130.8015,-3.41255],[130.6609,-3.40861],[130.6252,-3.31561],[130.6337,-3.29172],[130.5932,-3.15459],[130.521,-3.1028],[130.4896,-3.10319],[130.4287,-3.02831],[130.34,-2.97073],[130.2655,-2.96975],[130.2095,-3.00005],[130.1593,-2.98459],[130.0619,-3.00004],[130.0093,-2.99152],[129.8639,-2.92376],[129.8424,-2.88833],[129.7981,-2.90508],[129.7802,-2.86243],[129.6626,-2.81661],[129.6358,-2.82154],[129.4677,-2.77901],[129.3758,-2.78267],[129.3442,-2.85179],[129.213,-2.92231],[129.1735,-2.92563],[129.1264,-2.96181],[129.0813,-2.93207],[129.0634,-2.8102],[129.0271,-2.79063],[128.9475,-2.83844],[128.797,-2.86403],[128.7457,-2.84936],[128.71,-2.85998],[128.6526,-2.8384],[128.6275,-2.85114],[128.5428,-2.84749],[128.5049,-2.8312],[128.4305,-2.84402],[128.3975,-2.86835],[128.3525,-2.85581],[128.271,-2.86299],[128.2347,-2.84965],[128.1604,-2.8631],[128.1079,-2.95342],[128.1169,-2.9968],[128.0854,-3.01254],[128.0965,-3.06632],[127.9926,-3.06595],[127.9702,-3.09849],[127.8952,-3.15067],[127.866,-3.18653],[127.8799,-3.2655],[127.9104,-3.28972],[127.9325,-3.36832],[127.8864,-3.48258],[127.9101,-3.53896],[127.946,-3.52314],[127.9351,-3.481],[127.9723,-3.37984],[128.0058,-3.37754],[128.0454,-3.33848],[128.0515,-3.25021],[128.0849,-3.12556],[128.1415,-3.06945],[128.1891,-3.06464],[128.1945,-3.12455],[128.1589,-3.16823],[128.1976,-3.20564],[128.2827,-3.22196],[128.3251,-3.32516],[128.3877,-3.39445],[128.3948,-3.42432],[128.4506,-3.45653],[128.5119,-3.45503],[128.5858,-3.42633],[128.6643,-3.43326],[128.6635,-3.37588],[128.7788,-3.25702],[128.8309,-3.24359],[128.8912,-3.19893],[128.9612,-3.22166],[128.9624,-3.2814],[128.918,-3.3311],[128.9589,-3.35402],[129.0764,-3.33637],[129.1756,-3.37997],[129.2791,-3.40822],[129.4135,-3.41433],[129.532,-3.466],[129.5639,-3.40784],[129.4952,-3.30992],[129.5451,-3.30253],[129.6776,-3.31819],[129.7948,-3.31658],[129.8779,-3.33584],[129.9239,-3.33397],[129.9632,-3.37067],[129.9645,-3.41722],[130.0123,-3.47822],[130.1092,-3.50424],[130.1187,-3.52129],[130.2904,-3.58056],[130.3481,-3.61665],[130.4058,-3.6243],[130.4664,-3.69326],[130.5704,-3.72628],[130.6133,-3.7912],[130.7655,-3.83031],[130.8279,-3.87666],[130.8327,-3.78794],[130.8219,-3.70138],[130.838,-3.65112],[130.8796,-3.58872],[130.8059,-3.49896],[130.8313,-3.47141]]],[[[126.0006,-3.3093],[126.0059,-3.36454],[126.0398,-3.40619],[126.0465,-3.44963],[126.1605,-3.54538],[126.163,-3.58489],[126.198,-3.62769],[126.2323,-3.62291],[126.2828,-3.66723],[126.5235,-3.79459],[126.5525,-3.79009],[126.6689,-3.84196],[126.6818,-3.85857],[126.7496,-3.84348],[126.8629,-3.78245],[126.8914,-3.78843],[126.9586,-3.75261],[127.045,-3.68912],[127.1262,-3.65913],[127.1869,-3.67576],[127.2178,-3.66125],[127.2481,-3.59206],[127.2462,-3.45383],[127.2546,-3.37528],[127.1807,-3.35828],[127.159,-3.33658],[127.1212,-3.38484],[127.0728,-3.37474],[127.0424,-3.33172],[127.0297,-3.26615],[127.076,-3.26191],[127.1038,-3.22728],[127.0466,-3.17702],[126.9815,-3.14039],[126.9244,-3.14334],[126.8791,-3.10877],[126.7883,-3.06155],[126.7065,-3.05979],[126.6736,-3.07402],[126.5983,-3.06836],[126.4644,-3.08945],[126.4018,-3.08571],[126.3414,-3.10657],[126.2956,-3.09941],[126.2245,-3.14467],[126.2217,-3.18936],[126.1275,-3.16512],[126.1009,-3.12067],[126.0156,-3.18204],[126.0006,-3.3093]]],[[[131.148111,-7.733321],[131.112411,-7.777601],[131.146711,-7.799841],[131.086911,-7.837771],[131.086611,-7.879891],[131.122011,-7.905691],[131.105011,-7.990961],[131.188511,-7.987851],[131.230311,-8.002691],[131.271711,-7.956001],[131.301711,-8.016321],[131.341811,-7.985141],[131.333411,-7.936211],[131.374111,-7.855401],[131.480311,-7.774321],[131.483211,-7.727291],[131.553011,-7.719511],[131.583311,-7.658131],[131.621311,-7.645961],[131.657511,-7.548331],[131.675411,-7.359271],[131.637311,-7.304361],[131.632611,-7.247311],[131.652611,-7.225321],[131.738411,-7.219041],[131.716911,-7.159711],[131.650311,-7.174691],[131.646611,-7.112811],[131.582211,-7.120791],[131.517611,-7.158241],[131.529611,-7.228881],[131.475911,-7.229681],[131.436911,-7.321361],[131.365311,-7.366271],[131.340311,-7.442291],[131.309711,-7.418691],[131.233511,-7.473591],[131.222611,-7.528451],[131.184811,-7.589211],[131.164311,-7.667571],[131.107111,-7.701931],[131.148111,-7.733321]]],[[[125.8047,-8.00014],[125.8653,-7.9728],[125.9438,-7.9134],[126.061,-7.89072],[126.1508,-7.90081],[126.177,-7.92564],[126.3332,-7.91575],[126.3682,-7.93536],[126.4293,-7.93509],[126.4649,-7.97483],[126.4953,-7.94762],[126.5236,-7.86325],[126.5588,-7.81877],[126.5973,-7.80845],[126.7227,-7.74454],[126.8188,-7.75456],[126.8458,-7.73482],[126.8208,-7.66033],[126.7264,-7.66638],[126.692,-7.6219],[126.645,-7.60431],[126.6433,-7.56392],[126.545,-7.56934],[126.4899,-7.58823],[126.4243,-7.63154],[126.3889,-7.63476],[126.3278,-7.69185],[126.2498,-7.68395],[126.1872,-7.72471],[126.0316,-7.69334],[125.9843,-7.65647],[125.9467,-7.66017],[125.8904,-7.75561],[125.8594,-7.76665],[125.8663,-7.81319],[125.8037,-7.85616],[125.8214,-7.90089],[125.8047,-8.00014]]],[[[134.4336,-6.68109],[134.4821,-6.66863],[134.5276,-6.60318],[134.4858,-6.58192],[134.4891,-6.53131],[134.4599,-6.43869],[134.4026,-6.40139],[134.3474,-6.39878],[134.298,-6.36197],[134.3115,-6.30646],[134.2173,-6.22012],[134.17,-6.21557],[134.1377,-6.17052],[134.097,-6.17273],[134.1277,-6.25815],[134.134,-6.34636],[134.117,-6.41609],[134.1407,-6.46422],[134.1005,-6.48848],[134.0907,-6.63462],[134.0766,-6.71568],[134.0503,-6.77574],[134.0711,-6.83181],[134.1372,-6.8557],[134.1704,-6.9112],[134.2023,-6.92197],[134.2755,-6.88061],[134.3282,-6.86583],[134.3658,-6.78505],[134.4336,-6.68109]]],[[[134.2807,-6.05256],[134.2849,-6.14636],[134.3368,-6.21551],[134.3863,-6.22362],[134.3971,-6.25802],[134.4592,-6.27077],[134.5054,-6.30132],[134.5489,-6.3525],[134.6395,-6.35555],[134.6866,-6.34413],[134.7274,-6.3072],[134.7663,-6.18145],[134.7604,-6.14324],[134.7817,-6.09747],[134.7544,-6.0529],[134.6703,-5.98357],[134.6581,-5.94721],[134.5723,-5.94052],[134.5357,-5.92285],[134.4644,-5.98356],[134.4244,-6.02619],[134.3823,-6.02187],[134.3607,-6.04227],[134.3267,-6.02579],[134.2807,-6.05256]]],[[[134.7577,-5.85453],[134.6972,-5.81007],[134.6405,-5.71887],[134.619,-5.7287],[134.5668,-5.65654],[134.538,-5.63655],[134.5289,-5.56647],[134.4543,-5.5571],[134.4186,-5.64292],[134.355,-5.69253],[134.3467,-5.73121],[134.2405,-5.67587],[134.2142,-5.72281],[134.2634,-5.76163],[134.3688,-5.77119],[134.3723,-5.85071],[134.3324,-5.86254],[134.3007,-5.90053],[134.334,-5.95209],[134.3167,-5.99975],[134.3546,-6.0354],[134.3792,-6.01837],[134.4315,-6.02112],[134.4715,-5.9604],[134.5374,-5.92008],[134.5854,-5.93691],[134.6304,-5.92205],[134.7117,-5.97952],[134.7697,-5.89399],[134.7577,-5.85453]]],[[[128.2655,-3.61441],[128.3374,-3.63375],[128.3452,-3.59693],[128.3097,-3.56217],[128.3348,-3.50381],[128.2809,-3.48812],[128.2057,-3.52147],[128.1683,-3.58184],[128.0169,-3.58674],[127.9109,-3.67892],[127.9068,-3.71281],[127.9318,-3.76827],[127.9853,-3.77568],[128.0116,-3.74275],[128.1484,-3.66138],[128.1211,-3.74962],[128.1829,-3.74662],[128.2518,-3.72545],[128.2877,-3.69248],[128.2655,-3.61441]]],[[[129.789611,-8.048421],[129.798611,-8.013341],[129.860811,-7.922381],[129.843311,-7.844541],[129.675811,-7.791501],[129.608311,-7.812481],[129.583011,-7.840591],[129.576011,-7.901111],[129.702611,-8.045571],[129.750711,-8.060451],[129.789611,-8.048421]]],[[[132.918211,-5.790491],[132.876411,-5.898311],[132.900311,-5.950561],[132.963011,-5.856341],[132.953611,-5.811861],[132.968511,-5.737791],[133.020311,-5.665601],[133.089711,-5.614901],[133.122111,-5.555371],[133.179011,-5.291151],[133.117011,-5.274701],[133.054611,-5.449861],[133.045011,-5.515811],[133.016311,-5.584311],[133.006711,-5.643821],[132.946411,-5.681341],[132.941011,-5.772471],[132.918211,-5.790491]]],[[[131.002945,-4.443814],[130.957397,-4.476324],[130.989182,-4.514464],[131.086044,-4.477498],[131.22493,-4.506531],[131.272049,-4.541338],[131.368332,-4.529637],[131.455231,-4.502821],[131.493683,-4.41465],[131.453949,-4.374352],[131.390854,-4.377274],[131.343292,-4.421241],[131.228928,-4.456224],[131.155197,-4.44084],[131.074814,-4.453882],[131.002945,-4.443814]]],[[[132.696911,-5.752801],[132.696211,-5.808051],[132.671911,-5.903691],[132.729911,-5.942501],[132.789511,-5.938101],[132.820311,-5.849941],[132.811311,-5.784241],[132.780011,-5.766551],[132.744211,-5.672451],[132.692111,-5.601881],[132.644411,-5.635551],[132.654111,-5.708561],[132.696911,-5.752801]]],[[[134.2773,-6.17358],[134.2339,-6.12277],[134.2461,-6.07542],[134.2289,-6.0174],[134.1945,-6.0387],[134.1245,-6.0387],[134.1176,-6.10945],[134.1708,-6.16644],[134.1807,-6.20193],[134.2305,-6.20123],[134.2868,-6.28248],[134.3152,-6.27647],[134.3477,-6.34415],[134.4229,-6.28203],[134.3702,-6.22986],[134.3385,-6.2284],[134.3066,-6.17218],[134.2773,-6.17358]]],[[[134.4041,-6.30569],[134.3625,-6.36106],[134.3848,-6.40067],[134.4075,-6.39784],[134.4437,-6.4401],[134.493,-6.45866],[134.5202,-6.53328],[134.548,-6.53803],[134.5735,-6.47648],[134.6113,-6.43346],[134.5967,-6.38789],[134.5468,-6.36615],[134.5012,-6.30226],[134.4624,-6.27898],[134.4041,-6.30569]]],[[[127.778111,-8.140231],[127.793211,-8.190191],[127.859311,-8.217701],[127.936211,-8.222341],[127.954811,-8.249611],[128.044211,-8.257411],[128.071911,-8.195261],[128.116711,-8.171331],[128.097211,-8.140591],[128.022411,-8.148441],[127.930311,-8.143591],[127.804411,-8.104221],[127.778111,-8.140231]]],[[[131.087511,-8.172361],[131.145511,-8.157911],[131.169111,-8.112971],[131.079511,-8.108431],[131.035511,-8.071791],[130.999811,-8.089501],[130.977011,-8.131751],[130.912811,-8.147011],[130.929811,-8.191911],[130.829211,-8.248821],[130.767511,-8.313871],[130.789911,-8.342211],[130.896411,-8.286951],[130.891211,-8.238591],[130.990911,-8.230581],[131.087511,-8.172361]]],[[[134.6442,-5.58602],[134.5345,-5.5749],[134.5488,-5.65219],[134.575,-5.67087],[134.6165,-5.72584],[134.7029,-5.73076],[134.731,-5.72249],[134.7514,-5.63225],[134.6442,-5.58602]]],[[[134.5938,-5.42747],[134.5577,-5.44406],[134.506,-5.42404],[134.5092,-5.54835],[134.6341,-5.58476],[134.7011,-5.5677],[134.7046,-5.51648],[134.6511,-5.47534],[134.6513,-5.44671],[134.5938,-5.42747]]],[[[131.897411,-7.176801],[131.906911,-7.223991],[131.949211,-7.248091],[131.971311,-7.199891],[131.929811,-7.111851],[131.884511,-7.102661],[131.752311,-7.110931],[131.716611,-7.131491],[131.723211,-7.169341],[131.845711,-7.156551],[131.897411,-7.176801]]],[[[128.690311,-7.103501],[128.587111,-7.069881],[128.519911,-7.132791],[128.534511,-7.168821],[128.636911,-7.222311],[128.674811,-7.177831],[128.655111,-7.150041],[128.690311,-7.103501]]],[[[127.369111,-7.502501],[127.366611,-7.577711],[127.325411,-7.631321],[127.370311,-7.661551],[127.409411,-7.607281],[127.481111,-7.583221],[127.485211,-7.525411],[127.369111,-7.502501]]],[[[128.4108,-3.55199],[128.4048,-3.63179],[128.453,-3.61128],[128.5329,-3.61114],[128.5658,-3.58219],[128.5416,-3.53703],[128.4891,-3.50863],[128.4361,-3.50583],[128.4108,-3.55199]]],[[[134.7075,-6.72872],[134.7382,-6.7057],[134.7601,-6.63249],[134.7244,-6.58593],[134.6857,-6.59563],[134.6723,-6.66742],[134.6232,-6.76017],[134.6705,-6.78497],[134.7075,-6.72872]]],[[[128.6085,-3.57854],[128.6368,-3.62703],[128.6678,-3.5731],[128.7303,-3.60021],[128.7227,-3.50944],[128.6756,-3.54095],[128.5962,-3.49247],[128.5457,-3.5238],[128.6085,-3.57854]]],[[[131.006851,-4.338299],[130.995056,-4.371799],[131.043167,-4.401302],[131.130356,-4.40931],[131.147736,-4.32551],[131.056335,-4.294552],[131.006851,-4.338299]]],[[[131.041011,-7.499981],[131.114011,-7.472901],[131.162611,-7.400661],[130.990111,-7.424961],[130.969711,-7.484171],[131.041011,-7.499981]]],[[[127.6479,-3.20179],[127.6609,-3.23991],[127.6987,-3.25287],[127.786,-3.24502],[127.789,-3.18783],[127.7537,-3.14518],[127.7043,-3.15873],[127.6479,-3.20179]]],[[[134.8759,-6.29141],[134.7981,-6.39306],[134.8068,-6.46157],[134.8507,-6.4427],[134.9079,-6.32475],[134.8759,-6.29141]]],[[[127.9522,-3.00023],[128.0001,-2.93658],[127.9352,-2.92238],[127.8735,-2.95421],[127.8416,-3.03203],[127.9018,-3.03362],[127.9522,-3.00023]]],[[[128.087511,-8.231111],[128.086211,-8.269521],[128.150311,-8.281711],[128.227411,-8.275191],[128.218911,-8.218541],[128.190711,-8.200321],[128.087511,-8.231111]]],[[[129.000611,-8.266451],[129.020211,-8.221081],[128.953211,-8.189821],[128.859611,-8.185831],[128.825211,-8.210451],[128.915111,-8.253071],[128.950511,-8.237551],[129.000611,-8.266451]]],[[[127.5001,-3.32302],[127.5758,-3.33546],[127.6241,-3.31356],[127.5485,-3.24207],[127.4816,-3.29371],[127.5001,-3.32302]]],[[[134.7314,-6.47601],[134.6917,-6.44599],[134.6397,-6.49611],[134.6709,-6.55956],[134.7352,-6.55801],[134.7625,-6.53462],[134.7314,-6.47601]]],[[[132.763011,-5.660381],[132.821311,-5.673781],[132.797511,-5.559731],[132.756311,-5.574361],[132.745511,-5.617491],[132.763011,-5.660381]]],[[[131.043911,-7.653431],[130.968111,-7.678161],[130.969211,-7.737981],[131.105911,-7.688891],[131.122811,-7.635551],[131.043911,-7.653431]]],[[[127.636911,-8.177851],[127.600011,-8.206561],[127.656011,-8.237481],[127.747611,-8.200721],[127.684011,-8.153111],[127.636911,-8.177851]]],[[[130.872111,-7.499971],[130.839211,-7.497951],[130.846511,-7.562131],[130.972711,-7.562581],[130.998211,-7.527311],[130.872111,-7.499971]]],[[[127.172,-8.11934],[127.2309,-8.11386],[127.2011,-8.02771],[127.1359,-8.04633],[127.1417,-8.11181],[127.172,-8.11934]]],[[[131.621311,-6.695521],[131.559711,-6.681411],[131.511911,-6.762721],[131.526611,-6.802571],[131.581311,-6.772751],[131.562011,-6.719951],[131.621311,-6.695521]]],[[[127.1987,-3.89045],[127.2362,-3.86309],[127.1915,-3.81556],[127.1369,-3.84772],[127.1543,-3.88116],[127.1987,-3.89045]]],[[[131.4279,-4.00002],[131.4184,-3.94902],[131.3673,-3.96939],[131.4216,-4.07687],[131.4501,-4.07044],[131.4279,-4.00002]]],[[[134.7166,-5.7494],[134.6595,-5.73844],[134.6982,-5.80898],[134.7493,-5.7861],[134.7166,-5.7494]]],[[[134.2541,-5.78689],[134.1989,-5.75416],[134.1901,-5.81428],[134.2099,-5.83785],[134.2541,-5.78689]]],[[[134.5586,-5.33935],[134.511,-5.37494],[134.5386,-5.41645],[134.5999,-5.34036],[134.5586,-5.33935]]]]},"properties":{"ID":10,"kode":81,"Propinsi":"MALUKU","SUMBER":"Peta Dasar BAKOSURTANAL Skala 1 : 250.000"},"id":81},
{"type":"Feature","geometry":{"type":"MultiPolygon","coordinates":[[[[119.484596,-3.18489],[119.420471,-3.176799],[119.389656,-3.21247],[119.43866,-3.266739],[119.435226,-3.345711],[119.516594,-3.571808],[119.46389,-3.639999],[119.451942,-3.713609],[119.583611,-3.976388],[119.641388,-3.961668],[119.605278,-4.083888],[119.638023,-4.173174],[119.594444,-4.240834],[119.639999,-4.302221],[119.59671,-4.416243],[119.591652,-4.55424],[119.481392,-4.750834],[119.506111,-4.868611],[119.525558,-4.923611],[119.447716,-5.086544],[119.409447,-5.112136],[119.353889,-5.325833],[119.362976,-5.41842],[119.396111,-5.432501],[119.430275,-5.487501],[119.438889,-5.596667],[119.514442,-5.53444],[119.512871,-5.56993],[119.611389,-5.6125],[119.656113,-5.640278],[119.646667,-5.682223],[119.785614,-5.701977],[119.849953,-5.664043],[119.840088,-5.635554],[119.935448,-5.544427],[120.13028,-5.589722],[120.314857,-5.507519],[120.472504,-5.623055],[120.404861,-5.341689],[120.35833,-5.331111],[120.271667,-5.14394],[120.300552,-5.055555],[120.303391,-4.87538],[120.383614,-4.838332],[120.400108,-4.710047],[120.458572,-4.658292],[120.397186,-4.600131],[120.377472,-4.512521],[120.402496,-4.480834],[120.348145,-4.425264],[120.393501,-4.332041],[120.365067,-4.298959],[120.380867,-4.163501],[120.330696,-4.104164],[120.361115,-4.02389],[120.33667,-3.9375],[120.358917,-3.849969],[120.442497,-3.739167],[120.413612,-3.667221],[120.418892,-3.573057],[120.379723,-3.503611],[120.421249,-3.264168],[120.389168,-3.250832],[120.382217,-3.202221],[120.255547,-3.16028],[120.254723,-3.05167],[120.189453,-2.967989],[120.196831,-2.951605],[120.256111,-2.945834],[120.353615,-2.860277],[120.453331,-2.824721],[120.569725,-2.711666],[120.568611,-2.691945],[120.632774,-2.683056],[120.666107,-2.639441],[120.799156,-2.60833],[120.793892,-2.62389],[120.857224,-2.658057],[120.945709,-2.64595],[120.970894,-2.670767],[121.006386,-2.679166],[121.073677,-2.642818],[121.046944,-2.701666],[121.09816,-2.71633],[120.972656,-2.81988],[120.985046,-2.83115],[121.101349,-2.77383],[121.172737,-2.96713],[121.215973,-2.974619],[121.269417,-3.06436],[121.305733,-3.069639],[121.367706,-3.01218],[121.497948,-2.98648],[121.57132,-2.912889],[121.656937,-2.878121],[121.742439,-2.735281],[121.800636,-2.709759],[121.71553,-2.558119],[121.504707,-2.490139],[121.328552,-2.372219],[121.164711,-2.33201],[120.975296,-2.2411],[120.706909,-2.212381],[120.581871,-2.121749],[120.399567,-1.884479],[120.336891,-2.053441],[120.122032,-2.007521],[120.093803,-1.96225],[119.99604,-1.963381],[119.880997,-2.047519],[119.733871,-2.07421],[119.629776,-2.163379],[119.596573,-2.294341],[119.690308,-2.33612],[119.715866,-2.39282],[119.689026,-2.437739],[119.720917,-2.500069],[119.700089,-2.553469],[119.751106,-2.604909],[119.76104,-2.68366],[119.727882,-2.72763],[119.643578,-2.75641],[119.493317,-2.74063],[119.5252,-2.793351],[119.534187,-2.94152],[119.629059,-3.121519],[119.545479,-3.13092],[119.484596,-3.18489]]],[[[120.458115,-6.38956],[120.483971,-6.49799],[120.509979,-6.443737],[120.495674,-6.391684],[120.53833,-6.327239],[120.524467,-6.222331],[120.568466,-6.055651],[120.493111,-5.7675],[120.461388,-5.792778],[120.445137,-5.956089],[120.466187,-6.093651],[120.445557,-6.16514],[120.443039,-6.2589],[120.480293,-6.281098],[120.458115,-6.38956]]],[[[120.429733,-6.10583],[120.392365,-6.178013],[120.414795,-6.20879],[120.429733,-6.10583]]],[[[120.629715,-7.000628],[120.603889,-7.072223],[120.63475,-7.099226],[120.631943,-7.133331],[120.767731,-7.134739],[120.785904,-7.059813],[120.736809,-7.075277],[120.629715,-7.000628]]],[[[120.906303,-7.277767],[120.79528,-7.270555],[121,-7.33333],[121.063889,-7.300556],[121.003609,-7.281388],[120.906303,-7.277767]]],[[[121.096947,-7.302219],[121.059723,-7.372499],[121.099167,-7.398055],[121.168335,-7.354165],[121.096947,-7.302219]]],[[[121.819725,-7.330278],[121.756386,-7.347777],[121.753891,-7.423055],[121.823608,-7.39694],[121.840279,-7.350555],[121.819725,-7.330278]]]]},"properties":{"ID":13,"kode":73,"Propinsi":"SULAWESI SELATAN","SUMBER":"Peta Dasar BAKOSURTANAL Skala 1 : 250.000"},"id":73},
{"type":"Feature","geometry":{"type":"Polygon","coordinates":[[[106.721344,-6.089998],[106.692719,-6.095602],[106.688759,-6.174209],[106.718864,-6.185875],[106.775894,-6.316725],[106.9132,-6.366885],[106.922569,-6.318879],[106.909164,-6.263964],[106.945602,-6.25469],[106.972893,-6.185318],[106.972267,-6.089283],[106.877823,-6.09872],[106.857552,-6.117222],[106.741844,-6.105995],[106.721344,-6.089998]]]},"properties":{"ID":14,"kode":31,"Propinsi":"DKI JAKARTA","SUMBER":"Peta Dasar BAKOSURTANAL Skala 1 : 250.000"},"id":31},
{"type":"Feature","geometry":{"type":"Polygon","coordinates":[[[106.396103,-6.979798],[106.441109,-6.952632],[106.543465,-6.982475],[106.539734,-7.056473],[106.456253,-7.127603],[106.455795,-7.184799],[106.398254,-7.188931],[106.376572,-7.237391],[106.370895,-7.310125],[106.421753,-7.357368],[106.473618,-7.371199],[106.519707,-7.405331],[106.788452,-7.434358],[106.857651,-7.432205],[107.077705,-7.451569],[107.242142,-7.487233],[107.35405,-7.498446],[107.39267,-7.492356],[107.602493,-7.571478],[107.673851,-7.627574],[107.679466,-7.660038],[107.782387,-7.677471],[107.839561,-7.7341],[107.928497,-7.730316],[108.123146,-7.780538],[108.261208,-7.806957],[108.430328,-7.822663],[108.48156,-7.801749],[108.505714,-7.760839],[108.513016,-7.699345],[108.586388,-7.684473],[108.657326,-7.69776],[108.715416,-7.6797],[108.76519,-7.696947],[108.804252,-7.673145],[108.738433,-7.609161],[108.753132,-7.543514],[108.724345,-7.486524],[108.714968,-7.421927],[108.662295,-7.340506],[108.603483,-7.350607],[108.560766,-7.334588],[108.555715,-7.290434],[108.582017,-7.240565],[108.556373,-7.171165],[108.628929,-7.137631],[108.696854,-7.151166],[108.726479,-7.116722],[108.777687,-7.104835],[108.798622,-7.004968],[108.761101,-6.98307],[108.76516,-6.896383],[108.824615,-6.829293],[108.829338,-6.74608],[108.763901,-6.815747],[108.683212,-6.80682],[108.677612,-6.768246],[108.605278,-6.770391],[108.575089,-6.735016],[108.554527,-6.676128],[108.539986,-6.577236],[108.538673,-6.485534],[108.484001,-6.460444],[108.429184,-6.416264],[108.368279,-6.329412],[108.361443,-6.274672],[108.301331,-6.245291],[108.19416,-6.261509],[108.194878,-6.30224],[108.156311,-6.331516],[108.103218,-6.334497],[107.940582,-6.249246],[107.893303,-6.238593],[107.822433,-6.178484],[107.722885,-6.232824],[107.654709,-6.242166],[107.621086,-6.189385],[107.531631,-6.174138],[107.465004,-6.141714],[107.387733,-6.01634],[107.302711,-5.956646],[107.191887,-5.985764],[107.139267,-5.978195],[107.103302,-5.932775],[107.038139,-5.911394],[107.008194,-5.994798],[107.018662,-6.078872],[106.972267,-6.089283],[106.972893,-6.185318],[106.945602,-6.25469],[106.909164,-6.263964],[106.922569,-6.318879],[106.9132,-6.366885],[106.775894,-6.316725],[106.767433,-6.361234],[106.599113,-6.361764],[106.532104,-6.333633],[106.500175,-6.356728],[106.466515,-6.313413],[106.432259,-6.359931],[106.45713,-6.419496],[106.404884,-6.453141],[106.401779,-6.529884],[106.431358,-6.583818],[106.429398,-6.695778],[106.511475,-6.765959],[106.43618,-6.818825],[106.427551,-6.865082],[106.390602,-6.90497],[106.396103,-6.979798]]]},"properties":{"ID":15,"kode":32,"Propinsi":"JAWA BARAT","SUMBER":"Peta Dasar BAKOSURTANAL Skala 1 : 250.000"},"id":32},
{"type":"Feature","geometry":{"type":"MultiPolygon","coordinates":[[[[134.87616,-4.251943],[134.979721,-4.324169],[135.039795,-4.375563],[135.09639,-4.408057],[135.11908,-4.397203],[135.199768,-4.463722],[135.338669,-4.44479],[135.35611,-4.414719],[135.718887,-4.497223],[135.908188,-4.483339],[136.01915,-4.550833],[136.051392,-4.536944],[136.053055,-4.5875],[136.113892,-4.622781],[136.209305,-4.659304],[136.295029,-4.67434],[136.323303,-4.665585],[136.421249,-4.69368],[136.434174,-4.728512],[136.547531,-4.7741],[136.568893,-4.797082],[136.632034,-4.827103],[136.674576,-4.79347],[136.689438,-4.844445],[136.743332,-4.872779],[136.768326,-4.813333],[136.790024,-4.801367],[136.872772,-4.836671],[136.976257,-4.939583],[137.06189,-4.918713],[137.031662,-4.883056],[137.064194,-4.858589],[137.10643,-4.8794],[137.057785,-4.938612],[137.107773,-4.974721],[137.125,-4.964166],[137.179993,-5.008611],[137.275009,-4.910381],[137.235596,-4.98977],[137.285294,-5.026015],[137.336853,-5.042817],[137.394958,-4.95218],[137.437317,-4.919075],[137.45369,-4.940616],[137.464661,-4.995559],[137.417221,-5.007223],[137.434174,-5.051972],[137.414444,-5.115833],[137.431671,-5.118589],[137.455872,-5.045023],[137.519592,-5.00266],[137.551117,-5.007791],[137.453369,-5.069268],[137.449387,-5.099888],[137.497177,-5.146317],[137.551361,-5.116002],[137.543884,-5.061111],[137.582199,-5.027038],[137.595276,-5.059999],[137.665924,-5.02725],[137.681885,-5.05243],[137.728394,-5.075208],[137.748337,-5.138055],[137.74556,-5.184166],[137.685822,-5.20237],[137.680832,-5.2375],[137.738892,-5.2875],[137.728073,-5.325589],[137.746384,-5.35576],[137.832504,-5.298055],[137.838608,-5.279999],[137.909698,-5.321306],[137.875275,-5.361939],[138.028885,-5.505281],[138.05278,-5.50472],[138.125793,-5.532678],[138.133392,-5.481514],[138.165573,-5.436957],[138.186066,-5.440681],[138.198685,-5.481849],[138.242188,-5.466599],[138.262222,-5.565001],[138.286194,-5.61748],[138.307358,-5.589237],[138.368439,-5.617626],[138.374756,-5.644679],[138.423218,-5.659669],[138.232498,-5.707777],[138.15889,-5.753889],[138.16333,-5.805554],[138.34938,-5.83769],[138.251114,-5.87778],[138.254166,-5.923331],[138.288895,-5.939166],[138.363617,-6.069171],[138.348969,-6.090442],[138.403061,-6.18111],[138.389999,-6.23194],[138.441391,-6.327219],[138.428848,-6.36095],[138.681107,-6.6075],[138.824997,-6.691108],[138.834793,-6.784596],[138.872955,-6.798277],[138.91037,-6.780899],[138.938889,-6.787777],[138.953888,-6.828889],[139.134613,-6.956379],[139.217438,-6.970949],[139.219482,-7.021232],[139.258286,-7.016988],[139.344269,-7.043914],[139.389664,-7.116319],[139.474976,-7.148047],[139.470047,-7.238251],[139.50708,-7.263996],[139.56192,-7.26636],[139.57373,-7.187123],[139.631943,-7.15506],[139.656052,-7.18003],[139.666168,-7.295719],[139.635056,-7.233941],[139.648392,-7.177779],[139.597656,-7.18476],[139.577698,-7.267271],[139.541382,-7.284661],[139.473785,-7.26068],[139.459442,-7.221426],[139.472626,-7.171249],[139.404419,-7.131457],[139.353729,-7.164835],[139.383499,-7.200255],[139.43161,-7.200046],[139.42308,-7.233811],[139.265533,-7.225818],[139.243729,-7.15057],[139.170609,-7.236943],[139.023254,-7.240216],[138.915115,-7.198061],[138.671951,-7.19833],[138.67334,-7.223056],[138.868591,-7.321462],[138.964325,-7.519186],[139.054016,-7.517074],[139.115234,-7.566709],[139.106308,-7.60077],[139.068344,-7.631122],[139.018082,-7.751259],[139.018051,-7.853889],[138.913086,-7.919674],[138.902771,-8.031388],[138.924164,-8.076111],[138.835281,-8.115],[138.910004,-8.267219],[138.953049,-8.295834],[138.976944,-8.329998],[139.003311,-8.296171],[138.988052,-8.203059],[139.08194,-8.1375],[139.223236,-8.095256],[139.277191,-8.176252],[139.343323,-8.206104],[139.506393,-8.180833],[139.71257,-8.097499],[139.924423,-8.107983],[140.060791,-8.062901],[139.956665,-8.124438],[139.983337,-8.187221],[140.169556,-8.336712],[140.228607,-8.355278],[140.314621,-8.455412],[140.355118,-8.463129],[140.500488,-8.61316],[140.61322,-8.809982],[140.892776,-9.084998],[141.001114,-9.118333],[141.011765,-7.999899],[140.982391,-6.891975],[140.951218,-6.876529],[140.936249,-6.846869],[140.897812,-6.856439],[140.902603,-6.805129],[140.858093,-6.780619],[140.885437,-6.740618],[140.836395,-6.713049],[140.834351,-6.67659],[140.864258,-6.671305],[140.8564,-6.630125],[140.893906,-6.623135],[140.931885,-6.553238],[140.957016,-6.341135],[141.000214,-6.313239],[141.002945,-2.604969],[140.915283,-2.627222],[140.789536,-2.595499],[140.761108,-2.62861],[140.705826,-2.628334],[140.717224,-2.59278],[140.707947,-2.538949],[140.747223,-2.534719],[140.686661,-2.477779],[140.612717,-2.43861],[140.497955,-2.444],[140.348801,-2.395277],[140.371384,-2.457221],[140.337006,-2.464859],[140.253586,-2.400959],[140.211105,-2.409444],[140.153885,-2.371111],[140.111282,-2.319439],[140.055222,-2.360203],[139.809998,-2.37778],[139.751251,-2.359654],[139,-1.975],[138.863342,-1.965819],[138.789734,-1.920396],[138.748062,-1.86667],[138.751114,-1.84611],[138.652985,-1.787329],[138.341309,-1.71601],[138.071808,-1.60333],[137.981049,-1.52854],[137.979996,-1.57028],[138.034485,-1.609399],[138.00296,-1.640575],[137.963028,-1.62002],[137.970001,-1.531667],[137.934998,-1.458611],[137.83667,-1.461668],[137.648056,-1.51972],[137.592438,-1.552847],[137.477966,-1.597864],[137.394791,-1.6584],[137.331116,-1.689789],[137.354446,-1.708612],[137.360275,-1.76],[137.39473,-1.76361],[137.402222,-1.809446],[137.365829,-1.840829],[137.299438,-1.82722],[137.226944,-1.74833],[137.153122,-1.771874],[137.205826,-1.843612],[137.258057,-1.903059],[137.219452,-1.938611],[137.217224,-1.98333],[137.189163,-1.990279],[137.211685,-2.029968],[137.265396,-2.04078],[137.195541,-2.09764],[137.057602,-2.098139],[137.004715,-2.128333],[136.942215,-2.120279],[136.913895,-2.182777],[136.805161,-2.176717],[136.793533,-2.210915],[136.749146,-2.26798],[136.706421,-2.22702],[136.655609,-2.277758],[136.640823,-2.246155],[136.598709,-2.27059],[136.581741,-2.201986],[136.535141,-2.222489],[136.518143,-2.19077],[136.392654,-2.218956],[136.33223,-2.279722],[136.346664,-2.370277],[136.295883,-2.41113],[136.266083,-2.562176],[136.185013,-2.639112],[136.017731,-2.691776],[135.990082,-2.77009],[135.947495,-2.77917],[135.950562,-2.820001],[135.904999,-2.86861],[135.935486,-2.916109],[135.910553,-2.979166],[135.733948,-3.06395],[135.760956,-3.099078],[135.611282,-3.180421],[135.501968,-3.357546],[135.337784,-3.399168],[135.113922,-3.381292],[135.070618,-3.333921],[134.971939,-3.314721],[134.945831,-3.284169],[134.960007,-3.225279],[134.916977,-3.244816],[134.861557,-3.250149],[134.862289,-3.158792],[134.831635,-3.124849],[134.813553,-3.08191],[134.81105,-3.037865],[134.852753,-3.00157],[134.819168,-2.938611],[134.777771,-2.940829],[134.776672,-2.985279],[134.740005,-2.990555],[134.688339,-2.965833],[134.661392,-2.823219],[134.426788,-3.006559],[134.425034,-3.110369],[134.27594,-3.23835],[134.205246,-3.391239],[135.25766,-3.75588],[134.87616,-4.251943]]],[[[137.632217,-5.07833],[137.604721,-5.103888],[137.664169,-5.117221],[137.550064,-5.169653],[137.670837,-5.216389],[137.716736,-5.121875],[137.725281,-5.087779],[137.694168,-5.05472],[137.632217,-5.07833]]],[[[137.574783,-5.109547],[137.547607,-5.142501],[137.62973,-5.127717],[137.599365,-5.096743],[137.574783,-5.109547]]],[[[137.775558,-5.108889],[137.717224,-5.155],[137.743332,-5.182222],[137.775558,-5.108889]]],[[[137.76973,-5.359721],[137.838882,-5.375554],[137.892227,-5.329723],[137.843338,-5.285556],[137.780548,-5.334439],[137.76973,-5.359721]]],[[[138.156113,-5.462446],[138.133392,-5.536582],[138.064636,-5.556417],[138.045273,-5.598889],[138.089371,-5.745764],[138.134445,-5.718888],[138.183304,-5.72805],[138.213333,-5.67333],[138.24675,-5.666887],[138.239975,-5.611981],[138.260788,-5.565427],[138.240051,-5.447612],[138.201935,-5.485814],[138.177704,-5.439199],[138.156113,-5.462446]]],[[[138.372345,-5.631629],[138.339172,-5.595831],[138.286118,-5.619167],[138.243561,-5.611985],[138.250809,-5.663958],[138.3405,-5.659877],[138.372345,-5.631629]]],[[[135.823059,-1.064444],[135.802216,-1.09861],[135.873337,-1.17333],[136,-1.1425],[136.139725,-1.20047],[136.315704,-1.13999],[136.387589,-1.076979],[136.323883,-1.073889],[136.256104,-1.016666],[136.170898,-1.042747],[136.091095,-0.916307],[136.039993,-0.89528],[136.051392,-0.856669],[135.924622,-0.790082],[135.854996,-0.700555],[135.80545,-0.685597],[135.748367,-0.739628],[135.717468,-0.70734],[135.68512,-0.71941],[135.64328,-0.662539],[135.595291,-0.70156],[135.589767,-0.663129],[135.533615,-0.673333],[135.363052,-0.63056],[135.393799,-0.723137],[135.489319,-0.805698],[135.467422,-0.74415],[135.642212,-0.886614],[135.708328,-0.802501],[135.740829,-0.810277],[135.773636,-0.875779],[135.823059,-1.064444]]],[[[134.865616,-1.132207],[134.952164,-1.128141],[134.98584,-1.036112],[134.946854,-0.99929],[134.941528,-0.965931],[134.843536,-0.93096],[134.810608,-0.980829],[134.794449,-1.0325],[134.865616,-1.132207]]],[[[136.650345,-1.258679],[136.619873,-1.24419],[136.588333,-1.275829],[136.600372,-1.320721],[136.662201,-1.34517],[136.650345,-1.258679]]],[[[138.736664,-6.651109],[138.671951,-6.640279],[138.672775,-6.724167],[138.752777,-6.75083],[138.835281,-6.826391],[138.944717,-6.82611],[138.927505,-6.787777],[138.875,-6.803611],[138.831116,-6.789719],[138.821671,-6.706112],[138.736664,-6.651109]]],[[[138.674728,-6.753055],[138.635498,-6.729222],[138.610275,-6.755277],[138.675003,-6.834723],[138.679169,-6.86917],[138.728333,-6.883611],[138.798889,-6.834999],[138.736115,-6.759439],[138.674728,-6.753055]]],[[[139.348892,-7.191886],[139.338058,-7.165287],[139.380539,-7.112805],[139.344315,-7.047271],[139.219162,-7.025279],[139.224091,-6.99824],[139.187759,-6.97306],[139.128784,-6.966357],[138.934448,-6.842219],[138.798828,-6.850365],[138.717224,-6.90222],[138.626663,-6.87611],[138.565552,-6.918889],[138.613663,-7.010989],[138.855499,-7.157715],[138.935654,-7.159518],[139.06456,-7.211061],[139.159592,-7.202781],[139.179718,-7.2135],[139.201248,-7.156321],[139.238541,-7.139749],[139.261368,-7.15547],[139.273407,-7.21773],[139.429672,-7.217217],[139.348892,-7.191886]]],[[[138.765839,-7.16701],[138.759338,-7.144841],[138.713959,-7.116509],[138.716339,-7.156767],[138.765839,-7.16701]]],[[[139.651947,-7.205833],[139.639862,-7.223539],[139.655609,-7.286751],[139.676086,-7.288565],[139.651947,-7.205833]]],[[[135.239502,-1.483889],[135.215729,-1.474511],[135.154831,-1.489979],[135.117783,-1.4625],[135.092072,-1.501065],[135.247437,-1.529691],[135.325317,-1.509429],[135.337967,-1.482462],[135.239502,-1.483889]]],[[[136.18689,-1.870264],[136.229462,-1.909598],[136.251984,-1.887713],[136.341843,-1.860849],[136.536072,-1.899107],[136.503586,-1.849189],[136.630951,-1.872919],[136.718781,-1.816415],[136.848068,-1.82756],[136.903732,-1.793248],[136.789688,-1.73943],[136.445633,-1.697759],[136.370667,-1.717186],[136.20311,-1.64816],[135.89917,-1.63472],[135.85083,-1.66194],[135.846115,-1.63722],[135.785553,-1.62611],[135.410278,-1.601944],[135.465561,-1.63611],[135.474167,-1.680834],[135.553925,-1.66302],[135.672501,-1.706944],[135.732224,-1.68861],[135.762497,-1.748889],[135.821945,-1.73528],[135.911942,-1.754719],[135.978058,-1.816944],[136.18689,-1.870264]]],[[[137.02417,-1.830833],[136.950394,-1.83829],[137.054443,-1.869444],[137.02417,-1.830833]]],[[[136.28215,-1.88671],[136.252518,-1.936765],[136.299057,-1.934199],[136.316437,-1.904517],[136.28215,-1.88671]]],[[[138.238281,-7.461789],[138.049286,-7.599432],[137.968765,-7.734963],[137.906097,-7.787568],[137.79834,-8],[137.80986,-8.041252],[137.705826,-8.172501],[137.63945,-8.416108],[137.656387,-8.44694],[137.870834,-8.373609],[138.300827,-8.391945],[138.468887,-8.350834],[138.488052,-8.321387],[138.615005,-8.249722],[138.678604,-8.150555],[138.794449,-8.13972],[138.827499,-8.079165],[138.913895,-8.075277],[138.888885,-8.03513],[138.896149,-7.899531],[138.993958,-7.849852],[138.994293,-7.74785],[139.087479,-7.572639],[138.912949,-7.53501],[138.865005,-7.436666],[138.749786,-7.370584],[138.418365,-7.40394],[138.238281,-7.461789]]],[[[138.892502,-8.388057],[138.916107,-8.300055],[138.846115,-8.263055],[138.815002,-8.137778],[138.745285,-8.16528],[138.679443,-8.16972],[138.662506,-8.235833],[138.554031,-8.317221],[138.59639,-8.363333],[138.892502,-8.388057]]],[[[138.853058,-8.206389],[138.848343,-8.254039],[138.88681,-8.238333],[138.853058,-8.206389]]],[[[138.476105,-8.359444],[138.47139,-8.352778],[138.303329,-8.394999],[138.34639,-8.41944],[138.476105,-8.359444]]],[[[136.850891,-4.83077],[136.808517,-4.833339],[136.789032,-4.88345],[136.831451,-4.914025],[136.905563,-4.874452],[136.850891,-4.83077]]],[[[137.410934,-4.958318],[137.337982,-5.052601],[137.405579,-5.109431],[137.414169,-5.004723],[137.448639,-4.99531],[137.45314,-4.938498],[137.410934,-4.958318]]],[[[137.616577,-4.958748],[137.575302,-4.987336],[137.618896,-5.02194],[137.616577,-4.958748]]],[[[137.361664,-1.763056],[137.343338,-1.696667],[137.241943,-1.74111],[137.271118,-1.785278],[137.320007,-1.798611],[137.360138,-1.839236],[137.401947,-1.78667],[137.361664,-1.763056]]],[[[137.123337,-1.888055],[137.162781,-1.796666],[137.140274,-1.772501],[137.091949,-1.826389],[137.123337,-1.888055]]],[[[137.165833,-1.86778],[137.213058,-1.890555],[137.17775,-1.806419],[137.142105,-1.846445],[137.165833,-1.86778]]],[[[137.180557,-1.878057],[137.174728,-1.940279],[137.256104,-1.90694],[137.180557,-1.878057]]]]},"properties":{"ID":16,"kode":91,"Propinsi":"PAPUA","SUMBER":"Peta Dasar BAKOSURTANAL Skala 1 : 250.000"},"id":91},
{"type":"Feature","geometry":{"type":"MultiPolygon","coordinates":[[[[122.6195,-8.40327],[122.6013,-8.39854],[122.5472,-8.46883],[122.4979,-8.46913],[122.4879,-8.51239],[122.5221,-8.55195],[122.4794,-8.61589],[122.3636,-8.61847],[122.2939,-8.65004],[122.227,-8.62796],[122.1615,-8.55955],[122.1068,-8.53397],[122.0162,-8.52998],[122.0267,-8.44553],[121.9504,-8.45808],[121.9275,-8.49713],[121.8425,-8.48957],[121.808,-8.51648],[121.7317,-8.50041],[121.6751,-8.51677],[121.6083,-8.49767],[121.6049,-8.54726],[121.5044,-8.61735],[121.4573,-8.56206],[121.4223,-8.58897],[121.3439,-8.5619],[121.306,-8.49264],[121.2386,-8.47818],[121.1876,-8.44131],[121.1606,-8.44687],[120.9947,-8.39561],[120.9799,-8.34873],[120.8595,-8.35319],[120.8114,-8.3341],[120.7431,-8.34189],[120.6896,-8.32071],[120.6582,-8.28036],[120.5603,-8.29137],[120.5241,-8.2609],[120.4648,-8.28285],[120.4419,-8.23714],[120.4055,-8.27102],[120.26,-8.27393],[120.2008,-8.29826],[120.1542,-8.37109],[120.1253,-8.35436],[120.0896,-8.38059],[120.034,-8.37535],[120.0043,-8.40762],[120.0002,-8.45481],[119.9588,-8.44277],[119.9154,-8.46571],[119.8019,-8.57549],[119.8127,-8.65842],[119.7994,-8.73838],[119.8216,-8.78411],[119.9371,-8.8341],[120.0637,-8.80548],[120.1168,-8.78019],[120.1793,-8.77632],[120.2396,-8.83066],[120.3207,-8.83812],[120.3745,-8.79988],[120.5014,-8.80494],[120.5406,-8.79251],[120.6032,-8.80507],[120.6248,-8.83975],[120.7266,-8.87758],[120.7668,-8.87329],[120.7782,-8.83222],[120.827,-8.82198],[120.8565,-8.87337],[120.9069,-8.92252],[120.9975,-8.9596],[121.0708,-8.9397],[121.1267,-8.90792],[121.2515,-8.90006],[121.3111,-8.92514],[121.3611,-8.89566],[121.3637,-8.82703],[121.3854,-8.79636],[121.5405,-8.82249],[121.5642,-8.81199],[121.6379,-8.85644],[121.718,-8.86764],[121.7381,-8.88868],[121.8184,-8.88101],[121.8651,-8.84578],[121.9284,-8.8417],[122.0352,-8.80331],[122.0858,-8.75021],[122.1256,-8.73763],[122.1999,-8.75926],[122.2867,-8.764],[122.3508,-8.75008],[122.3794,-8.76204],[122.5333,-8.71705],[122.5684,-8.67269],[122.6701,-8.63274],[122.73,-8.6417],[122.8381,-8.59432],[122.8367,-8.52308],[122.783,-8.46163],[122.7916,-8.43101],[122.8928,-8.45255],[122.8828,-8.38951],[122.9302,-8.33062],[122.9648,-8.3543],[123.0215,-8.32064],[123.0159,-8.27969],[122.9647,-8.19849],[122.9764,-8.14032],[122.8691,-8.06508],[122.8321,-8.10133],[122.7859,-8.11148],[122.7834,-8.16046],[122.7432,-8.21051],[122.7905,-8.23832],[122.8155,-8.19872],[122.8688,-8.17643],[122.9248,-8.19796],[122.8978,-8.27617],[122.877,-8.29701],[122.8147,-8.30079],[122.7693,-8.36789],[122.729,-8.36376],[122.6706,-8.39535],[122.6195,-8.40327]]],[[[124.046476,-9.342838],[123.9833,-9.35745],[123.9361,-9.42633],[123.8279,-9.50221],[123.7921,-9.4971],[123.7766,-9.55646],[123.7317,-9.57434],[123.6675,-9.64933],[123.6799,-9.75675],[123.6432,-9.77904],[123.6688,-9.81791],[123.6492,-9.89468],[123.5828,-9.92561],[123.5803,-10.03243],[123.6479,-10.00887],[123.7477,-10.0302],[123.7442,-10.09523],[123.6574,-10.13518],[123.5297,-10.17631],[123.5192,-10.22132],[123.4568,-10.3559],[123.5448,-10.3308],[123.6052,-10.36942],[123.6575,-10.3507],[123.7041,-10.36645],[123.7969,-10.3545],[123.8572,-10.3338],[123.9107,-10.29561],[124.015,-10.26787],[124.0698,-10.22167],[124.0928,-10.18045],[124.1707,-10.15307],[124.2336,-10.16353],[124.379,-10.17015],[124.4146,-10.1587],[124.4956,-10.09939],[124.5237,-10.03156],[124.6529,-9.95679],[124.6665,-9.93153],[124.7463,-9.89112],[124.7576,-9.86098],[124.8459,-9.74556],[124.888,-9.70606],[124.9834,-9.64711],[125.0071,-9.53962],[125.092,-9.46447],[125.0769,-9.38772],[125.0505,-9.33069],[125.0001,-9.298],[124.9847,-9.21434],[125.0155,-9.17832],[125.0577,-9.17553],[125.1018,-9.2008],[125.1722,-9.17896],[125.1877,-9.05588],[125.182,-9.02754],[125.1141,-8.97605],[125.0678,-9.02986],[124.9889,-9.06706],[124.9422,-9.04616],[124.949953,-8.967377],[124.8877,-8.98574],[124.8541,-9.01698],[124.8162,-9.01365],[124.7393,-9.06466],[124.7107,-9.05728],[124.6696,-9.12933],[124.6204,-9.16331],[124.5359,-9.19723],[124.472284,-9.18241],[124.4542,-9.31137],[124.3785,-9.35658],[124.3536,-9.47901],[124.292,-9.50619],[124.2687,-9.41875],[124.2065,-9.37529],[124.157,-9.42968],[124.0983,-9.41876],[124.046476,-9.342838]]],[[[119.6801,-9.82812],[119.7087,-9.86856],[119.7625,-9.89042],[119.7904,-9.92132],[119.8393,-9.92739],[119.9365,-9.98009],[119.9956,-10.0374],[120.0313,-10.1239],[120.1432,-10.22396],[120.2091,-10.25562],[120.3543,-10.24881],[120.4281,-10.30201],[120.4706,-10.30381],[120.4863,-10.26146],[120.5584,-10.23103],[120.6116,-10.24588],[120.6687,-10.22046],[120.7342,-10.17339],[120.7595,-10.13127],[120.8192,-10.08719],[120.8238,-10.02323],[120.7962,-9.97115],[120.7276,-9.91889],[120.696,-9.91756],[120.6418,-9.87525],[120.6071,-9.79198],[120.5523,-9.71446],[120.4984,-9.70313],[120.4517,-9.6284],[120.3607,-9.64701],[120.2569,-9.644],[120.2371,-9.59441],[120.2226,-9.4938],[120.1738,-9.46924],[120.1028,-9.47526],[119.9617,-9.32425],[119.9419,-9.28043],[119.7973,-9.39664],[119.7638,-9.38235],[119.6837,-9.37922],[119.6311,-9.3427],[119.5944,-9.34502],[119.5257,-9.38095],[119.4637,-9.35966],[119.3813,-9.38571],[119.3002,-9.36271],[119.2117,-9.39543],[119.1876,-9.37625],[119.0918,-9.42535],[119.0562,-9.42444],[118.9939,-9.45514],[118.9442,-9.51227],[118.9281,-9.55858],[118.9853,-9.60762],[119.0334,-9.68038],[119.1805,-9.74634],[119.3025,-9.74462],[119.3501,-9.76086],[119.389,-9.79727],[119.4114,-9.76779],[119.4709,-9.74123],[119.5296,-9.76832],[119.5839,-9.77393],[119.6154,-9.79994],[119.6782,-9.794],[119.6801,-9.82812]]],[[[124.3539,-8.38033],[124.3329,-8.4252],[124.3665,-8.44637],[124.4346,-8.45537],[124.5042,-8.41943],[124.5477,-8.44335],[124.5907,-8.4354],[124.6638,-8.39523],[124.7889,-8.40916],[124.8983,-8.37272],[125.0513,-8.36068],[125.1257,-8.34491],[125.1393,-8.22922],[125.0878,-8.15317],[125.0117,-8.16488],[124.8305,-8.17319],[124.7815,-8.15302],[124.6703,-8.16927],[124.5932,-8.19252],[124.5972,-8.12891],[124.4739,-8.13038],[124.3938,-8.22276],[124.4021,-8.27409],[124.5163,-8.22269],[124.5091,-8.26198],[124.4662,-8.25809],[124.4209,-8.29541],[124.3539,-8.38033]]],[[[123.5276,-8.36233],[123.5023,-8.33801],[123.5591,-8.25389],[123.5372,-8.23502],[123.4363,-8.27322],[123.4715,-8.3368],[123.4284,-8.37077],[123.3403,-8.39887],[123.2912,-8.4659],[123.234,-8.51171],[123.2864,-8.5495],[123.3148,-8.52816],[123.3883,-8.58505],[123.4261,-8.57759],[123.4487,-8.53498],[123.5049,-8.52237],[123.5455,-8.57183],[123.5829,-8.54344],[123.5531,-8.4716],[123.6204,-8.4061],[123.6734,-8.42844],[123.7639,-8.28847],[123.8382,-8.28234],[123.911,-8.25849],[123.9044,-8.21861],[123.8399,-8.21125],[123.7785,-8.16919],[123.6976,-8.21665],[123.7002,-8.25179],[123.6222,-8.2463],[123.5953,-8.28771],[123.5963,-8.33362],[123.5595,-8.36871],[123.5276,-8.36233]]],[[[123.1958,-10.58802],[123.178,-10.63356],[123.1265,-10.64254],[123.0472,-10.72532],[122.983,-10.7299],[122.8534,-10.75584],[122.8044,-10.80657],[122.8198,-10.82761],[122.8195,-10.91942],[122.8847,-10.9029],[122.9112,-10.91875],[122.968,-10.86041],[123.0742,-10.84782],[123.1347,-10.81048],[123.2161,-10.81699],[123.2572,-10.73333],[123.3069,-10.70394],[123.4286,-10.65562],[123.3768,-10.55145],[123.4078,-10.45521],[123.2635,-10.51636],[123.1958,-10.58802]]],[[[123.9428,-8.40262],[124.0329,-8.42446],[124.0617,-8.50392],[124.0619,-8.55243],[124.1385,-8.53854],[124.2077,-8.4605],[124.2035,-8.41588],[124.2429,-8.36111],[124.2955,-8.33138],[124.2932,-8.27001],[124.3197,-8.23096],[124.3162,-8.18454],[124.2778,-8.17424],[124.2258,-8.21369],[124.2086,-8.25939],[124.1639,-8.29119],[124.1009,-8.36503],[124.057,-8.294],[123.9618,-8.34731],[123.9428,-8.40262]]],[[[123.165,-8.39172],[123.2869,-8.39409],[123.308,-8.36417],[123.3056,-8.29655],[123.2464,-8.2287],[123.1511,-8.23307],[123.0336,-8.31035],[123.0019,-8.40353],[123.1103,-8.40389],[123.165,-8.39172]]],[[[121.8719,-10.6122],[121.9944,-10.5213],[121.9928,-10.43927],[121.8946,-10.42433],[121.8566,-10.44256],[121.8228,-10.5064],[121.6963,-10.57643],[121.7565,-10.6104],[121.8719,-10.6122]]],[[[119.4425,-8.75035],[119.4581,-8.69916],[119.4358,-8.67357],[119.4598,-8.61698],[119.5005,-8.58569],[119.5624,-8.58388],[119.5754,-8.4895],[119.5122,-8.49349],[119.4765,-8.45059],[119.4231,-8.44954],[119.4252,-8.54893],[119.3781,-8.58177],[119.4106,-8.6473],[119.3824,-8.72088],[119.4425,-8.75035]]],[[[123.3282,-10.3451],[123.3737,-10.30972],[123.4236,-10.29639],[123.4184,-10.2343],[123.4525,-10.22088],[123.4662,-10.16577],[123.4535,-10.11986],[123.3919,-10.14384],[123.3686,-10.20903],[123.3042,-10.26902],[123.3282,-10.3451]]],[[[123,-8.49739],[123.0229,-8.47906],[123.0802,-8.49089],[123.1484,-8.46317],[123.12,-8.4369],[122.9816,-8.43728],[122.9503,-8.48984],[122.8848,-8.53292],[122.8738,-8.5781],[122.8954,-8.61934],[122.9458,-8.59493],[123,-8.49739]]],[[[119.6352,-8.60281],[119.6432,-8.65507],[119.6133,-8.74851],[119.7173,-8.79128],[119.7245,-8.68237],[119.8027,-8.65049],[119.8027,-8.61757],[119.7274,-8.61727],[119.7117,-8.65867],[119.6742,-8.68424],[119.666,-8.61178],[119.6352,-8.60281]]],[[[125.5443,-8.30659],[125.5862,-8.31465],[125.6089,-8.23812],[125.6448,-8.17069],[125.6169,-8.14468],[125.5505,-8.22926],[125.5038,-8.26816],[125.5443,-8.30659]]],[[[122.3898,-8.50424],[122.4208,-8.48212],[122.3804,-8.43406],[122.3385,-8.44026],[122.3571,-8.49548],[122.3898,-8.50424]]],[[[121.7251,-8.36166],[121.7321,-8.30295],[121.681,-8.3275],[121.7251,-8.36166]]]]},"properties":{"ID":17,"kode":53,"Propinsi":"NUSA TENGGARA TIMUR","SUMBER":"Peta Dasar BAKOSURTANAL Skala 1 : 250.000"},"id":53},
{"type":"Feature","geometry":{"type":"MultiPolygon","coordinates":[[[[115.194942,-8.732323],[115.260429,-8.703996],[115.264145,-8.655357],[115.359718,-8.577768],[115.44661,-8.566829],[115.499054,-8.547023],[115.543221,-8.499585],[115.609451,-8.505023],[115.644066,-8.459964],[115.680428,-8.443698],[115.716316,-8.397886],[115.701965,-8.354779],[115.634735,-8.322159],[115.564995,-8.233503],[115.452835,-8.162612],[115.338425,-8.111131],[115.179657,-8.058906],[115.114624,-8.079416],[114.997383,-8.17379],[114.853981,-8.195267],[114.744499,-8.167377],[114.692444,-8.144426],[114.582436,-8.116596],[114.536934,-8.138295],[114.48764,-8.09358],[114.438026,-8.0937],[114.428268,-8.168071],[114.445526,-8.21899],[114.522606,-8.33624],[114.575851,-8.388434],[114.627663,-8.407767],[114.714836,-8.394822],[114.801537,-8.414222],[114.929085,-8.474201],[115.068596,-8.591315],[115.097687,-8.638191],[115.140114,-8.66686],[115.166382,-8.717985],[115.161148,-8.779349],[115.089859,-8.811961],[115.087341,-8.835617],[115.170486,-8.847422],[115.23497,-8.799568],[115.180252,-8.757741],[115.194942,-8.732323]]],[[[115.623787,-8.773455],[115.623749,-8.750002],[115.565613,-8.670997],[115.488922,-8.672191],[115.445183,-8.722188],[115.484924,-8.767053],[115.588226,-8.818159],[115.623787,-8.773455]]]]},"properties":{"ID":18,"kode":51,"Propinsi":"BALI","SUMBER":"Peta Dasar BAKOSURTANAL Skala 1 : 250.000"},"id":51},
{"type":"Feature","geometry":{"type":"MultiPolygon","coordinates":[[[[103.126038,-0.746429],[103.360077,-0.80318],[103.485001,-0.771112],[103.435143,-0.710556],[103.362617,-0.696942],[103.421112,-0.669167],[103.373337,-0.651111],[103.436386,-0.541945],[103.400467,-0.517549],[103.553055,-0.496112],[103.604164,-0.426389],[103.604721,-0.395834],[103.786392,-0.340556],[103.709442,-0.255829],[103.547226,-0.215831],[103.442245,-0.352848],[103.521393,-0.21111],[103.424141,-0.207049],[103.501549,-0.147554],[103.454102,-0.11187],[103.504738,-0.07983],[103.583702,-0.06066],[103.614273,-0.006715],[103.811668,-0.010834],[103.753052,0.229166],[103.712776,0.299446],[103.651665,0.337222],[103.614403,0.345418],[103.585732,0.393189],[103.414749,0.521301],[103.32621,0.545462],[103.195908,0.475206],[103.142067,0.39348],[102.859177,0.25005],[102.69117,0.248486],[102.899178,0.33559],[103.10733,0.455001],[103.104446,0.478611],[102.894142,0.728491],[102.674683,0.755719],[102.570236,0.738701],[102.407532,0.811556],[102.229172,0.995434],[102.191437,1.093891],[102.209427,1.187251],[102.180069,1.230281],[102.166061,1.182529],[102.149017,1.378252],[102.006752,1.45814],[101.751945,1.664723],[101.561386,1.637221],[101.409721,1.698055],[101.356941,1.779443],[101.305,2.041667],[101.078056,2.214441],[101.053665,2.28401],[100.789444,2.286945],[100.760902,2.252232],[100.795021,2.112496],[100.773567,2.081344],[100.670403,2.124381],[100.645546,2.110561],[100.43,2.272778],[100.361389,2.393055],[100.3293,2.529452],[100.307129,2.357482],[100.361328,2.201904],[100.285522,1.813293],[100.421158,1.767701],[100.411362,1.69775],[100.455322,1.629089],[100.415894,1.537212],[100.434021,1.511289],[100.381348,1.450509],[100.323486,1.44348],[100.315857,1.416461],[100.077881,1.387211],[100.053658,1.361081],[100.094643,1.327261],[100.130478,1.174599],[100.183029,1.12499],[100.102188,1.09181],[100.161377,0.999161],[100.14064,0.951121],[100.081863,0.938071],[100.13134,0.902851],[100.130508,0.80901],[100.25573,0.709401],[100.206459,0.584121],[100.280533,0.41644],[100.281677,0.33296],[100.376022,0.35071],[100.451752,0.229109],[100.605743,0.183469],[100.668938,0.18083],[100.74514,0.250221],[100.812531,0.268481],[100.842186,0.189851],[100.824219,0.118061],[100.845413,0.01544],[100.809166,-0.041148],[100.776741,-0.01239],[100.733833,-0.04317],[100.781006,-0.230419],[100.838783,-0.2906],[100.844856,-0.337659],[100.907509,-0.371669],[100.915039,-0.32568],[100.996368,-0.31436],[101.036423,-0.34944],[101.024826,-0.398439],[101.068939,-0.50064],[101.162247,-0.53627],[101.253769,-0.62543],[101.359833,-0.65925],[101.355362,-0.68732],[101.407646,-0.720709],[101.395836,-0.738651],[101.595917,-0.851199],[101.650337,-0.93408],[101.845276,-0.982571],[101.914047,-0.920961],[102.007767,-0.878599],[102.116623,-0.921171],[102.165001,-0.89873],[102.20359,-0.94852],[102.306816,-0.91736],[102.326332,-0.963339],[102.38623,-0.99338],[102.382446,-1.02669],[102.44252,-1.02545],[102.48381,-1.080979],[102.616806,-1.094629],[102.63903,-1.121101],[102.779449,-1.026619],[102.789528,-0.976889],[102.913399,-0.886409],[103.007942,-0.75602],[103.126038,-0.746429]]],[[[103.208931,0.7028],[103.148483,0.66511],[103.138641,0.552931],[103.169434,0.497803],[103.30043,0.550661],[103.281151,0.653311],[103.208931,0.7028]]],[[[101.415833,1.83972],[101.454445,1.725555],[101.61528,1.688055],[101.732224,1.763888],[101.777779,1.928332],[101.777779,1.986669],[101.708885,2.091945],[101.655724,2.124963],[101.586113,2.08611],[101.516388,2.0275],[101.484169,2.062781],[101.446945,2.057222],[101.398056,2.0075],[101.383057,1.91056],[101.415833,1.83972]]],[[[102.03833,1.609171],[101.99855,1.584105],[102.084999,1.481667],[102.181946,1.43778],[102.294716,1.428889],[102.508278,1.254549],[102.495552,1.432219],[102.497498,1.469171],[102.462502,1.5175],[102.03833,1.609171]]],[[[102.44252,1.08239],[102.484642,1.198129],[102.484993,1.238279],[102.290672,1.41322],[102.213898,1.41431],[102.229706,1.352399],[102.205338,1.277218],[102.245789,1.194704],[102.236137,1.101478],[102.277443,1.003204],[102.386307,0.91344],[102.44014,0.94943],[102.478317,0.941141],[102.44252,1.08239]]],[[[102.657677,1.03797],[102.73085,1.039711],[102.778641,1.020097],[102.81189,1.036981],[102.811562,1.080421],[102.854736,1.085342],[102.880127,1.042189],[102.821716,1.04924],[102.790306,1.023331],[102.806084,0.992549],[102.88929,0.964007],[103.071854,0.831692],[103.153206,0.847245],[103.154999,0.894719],[103.003326,1.072781],[102.874504,1.134391],[102.73597,1.1547],[102.680397,1.108101],[102.657677,1.03797]]],[[[102.536591,1.127383],[102.48484,1.12999],[102.45977,1.076551],[102.500656,0.945325],[102.6082,1.005649],[102.614899,1.047572],[102.536591,1.127383]]],[[[102.905869,0.778383],[102.994003,0.689499],[103.048889,0.718611],[103.046654,0.82447],[102.77578,1.005175],[102.69558,0.937002],[102.684723,0.957781],[102.743286,0.995879],[102.737106,1.02234],[102.638046,0.97948],[102.589317,1.001665],[102.48465,0.929567],[102.440979,0.93514],[102.408745,0.887096],[102.43708,0.82588],[102.56028,0.76921],[102.691811,0.792222],[102.905869,0.778383]]],[[[103.103416,0.798351],[103.080353,0.77615],[103.087738,0.717289],[103.114723,0.736939],[103.103416,0.798351]]],[[[103.581146,-0.077897],[103.473335,-0.108055],[103.542999,-0.121347],[103.590836,-0.097778],[103.581146,-0.077897]]],[[[100.735832,2.149445],[100.785553,2.121667],[100.739441,2.261945],[100.710281,2.21722],[100.735832,2.149445]]]]},"properties":{"ID":19,"kode":14,"Propinsi":"RIAU","SUMBER":"Peta Dasar BAKOSURTANAL Skala 1 : 250.000"},"id":14},
{"type":"Feature","geometry":{"type":"MultiPolygon","coordinates":[[[[103.991943,1.134721],[103.920227,1.14296],[103.937225,1.08389],[103.888046,1.0925],[103.910004,1.038056],[103.94265,1.008161],[103.990829,1.017414],[104.100166,0.982464],[104.079712,1.024154],[104.101379,1.042414],[104.136948,1.039722],[104.138885,1.169166],[104.098892,1.199444],[104.071953,1.18778],[104.101944,1.140834],[104.071663,1.118888],[104.013611,1.189443],[103.991943,1.134721]]],[[[103.749954,1.026713],[103.782646,0.97739],[103.806206,0.972775],[103.791252,1.04645],[103.749954,1.026713]]],[[[103.832474,0.989007],[103.941902,0.909791],[103.974998,0.954444],[103.925278,1.008061],[103.900421,0.998828],[103.868256,1.037678],[103.832474,0.989007]]],[[[104.178719,0.78228],[104.245346,0.820324],[104.265961,0.85921],[104.184509,0.88475],[104.167175,0.867541],[104.140556,0.942221],[104.119728,0.961952],[104.094444,0.926755],[104.09214,0.870374],[104.14537,0.856911],[104.178719,0.78228]]],[[[104.193886,0.78806],[104.170685,0.77976],[104.196388,0.720833],[104.248886,0.723611],[104.276863,0.796511],[104.193886,0.78806]]],[[[104.264999,0.621389],[104.285561,0.66168],[104.212471,0.718914],[104.264999,0.621389]]],[[[103.375,1.13806],[103.310898,1.0875],[103.312225,1.043889],[103.350723,1.004977],[103.438919,0.988355],[103.425003,1.045559],[103.389725,1.066666],[103.375,1.13806]]],[[[103.448593,0.92195],[103.409561,0.892529],[103.486595,0.854903],[103.47905,0.908221],[103.448593,0.92195]]],[[[103.932793,0.76699],[103.898209,0.854561],[103.810516,0.899544],[103.835861,0.838657],[103.918098,0.755371],[103.932793,0.76699]]],[[[103.505753,0.723843],[103.486664,0.794171],[103.412231,0.84503],[103.405396,0.882045],[103.370277,0.894444],[103.34333,0.800561],[103.400017,0.649092],[103.458176,0.638205],[103.505753,0.723843]]],[[[103.748337,0.886391],[103.719788,0.85222],[103.829681,0.752109],[103.83432,0.812035],[103.748337,0.886391]]],[[[103.422485,0.875584],[103.421257,0.841823],[103.472771,0.822776],[103.494286,0.845531],[103.422485,0.875584]]],[[[103.746147,0.736406],[103.692604,0.728509],[103.693207,0.710456],[103.741257,0.684986],[103.746147,0.736406]]],[[[103.520882,0.6907],[103.488167,0.681338],[103.46209,0.622588],[103.490433,0.625259],[103.520882,0.6907]]],[[[104.221107,1.058612],[104.250557,1.00417],[104.331375,0.994548],[104.316818,1.039859],[104.37925,1.010575],[104.416954,1.039773],[104.498337,1.03639],[104.481018,1.014196],[104.445686,1.017259],[104.40889,0.963611],[104.498665,0.935507],[104.438919,0.906104],[104.491501,0.875025],[104.476234,0.849759],[104.557312,0.813413],[104.594337,0.810601],[104.621002,0.900818],[104.660164,0.9152],[104.634163,0.986188],[104.657051,1.045382],[104.577156,1.156674],[104.562225,1.190556],[104.499443,1.169166],[104.39389,1.204445],[104.371727,1.179231],[104.311668,1.182501],[104.334999,1.145],[104.238609,1.124171],[104.221107,1.058612]]],[[[104.821388,0.968055],[104.854164,0.9825],[104.849442,1.01333],[104.78611,1.02889],[104.821388,0.968055]]],[[[107.531166,1.02283],[107.547775,0.949444],[107.603615,0.991111],[107.587502,1.01111],[107.531166,1.02283]]],[[[107.42778,0.97889],[107.438332,0.932501],[107.468613,0.923334],[107.471107,0.969441],[107.42778,0.97889]]],[[[104.648331,0.86889],[104.62603,0.803713],[104.666389,0.82],[104.648331,0.86889]]],[[[104.548058,0.795278],[104.508789,0.773499],[104.50972,0.743335],[104.587502,0.776111],[104.548058,0.795278]]],[[[104.696114,0.763334],[104.734398,0.717881],[104.757629,0.74733],[104.696114,0.763334]]],[[[104.414612,0.301367],[104.424026,0.326898],[104.328743,0.375651],[104.354446,0.313888],[104.414612,0.301367]]],[[[104.515556,0.225561],[104.504723,0.191389],[104.564049,0.115879],[104.702049,0.018291],[104.704475,0.046888],[104.514519,0.247661],[104.515556,0.225561]]],[[[104.435089,0.064922],[104.486755,0.043938],[104.492004,0.072191],[104.401947,0.162431],[104.435089,0.064922]]],[[[104.659157,-0.110831],[104.668053,-0.077779],[104.653336,-0.051667],[104.552177,0.02917],[104.531387,-0.02444],[104.493614,0.003333],[104.504997,-0.129166],[104.426109,-0.184169],[104.429169,-0.236666],[104.498611,-0.24194],[104.521667,-0.276239],[104.703331,-0.20472],[104.849167,-0.322499],[104.915833,-0.339722],[104.899796,-0.294237],[104.921944,-0.277777],[105.001732,-0.30332],[104.997498,-0.278056],[104.896942,-0.231112],[104.827225,-0.132779],[104.823334,-0.195277],[104.788055,-0.204863],[104.682777,-0.083889],[104.659157,-0.110831]]],[[[104.470001,-0.277219],[104.385834,-0.298611],[104.459717,-0.328329],[104.491943,-0.307778],[104.470001,-0.277219]]],[[[104.320831,-0.360834],[104.276947,-0.395556],[104.2425,-0.485833],[104.30722,-0.539719],[104.330559,-0.514445],[104.355835,-0.679443],[104.389168,-0.666944],[104.395279,-0.604722],[104.428886,-0.57639],[104.503326,-0.64694],[104.517776,-0.57167],[104.597427,-0.45986],[104.480415,-0.335485],[104.440277,-0.340278],[104.430275,-0.383611],[104.385834,-0.413334],[104.346947,-0.3875],[104.346107,-0.44639],[104.311119,-0.416878],[104.337776,-0.38889],[104.320831,-0.360834]]],[[[107.964722,4.66889],[108.007179,4.775322],[107.927498,4.693334],[107.964722,4.66889]]],[[[108.120285,3.726185],[108.089989,3.67947],[108.156494,3.630646],[108.223572,3.663732],[108.296234,3.657469],[108.309113,3.730069],[108.387474,3.793217],[108.410088,3.858323],[108.378372,3.856221],[108.402809,3.96678],[108.233963,4.128587],[108.242348,4.216281],[108.218857,4.23043],[108.07386,4.06799],[107.961945,4.003333],[108.061745,3.83516],[108.208305,3.802454],[108.120285,3.726185]]],[[[106.185555,3.300832],[106.226669,3.31167],[106.226967,3.394551],[106.171387,3.332779],[106.185555,3.300832]]],[[[106.260559,3.34778],[106.226936,3.259441],[106.284164,3.224999],[106.302643,3.38014],[106.269447,3.381671],[106.260559,3.34778]]],[[[106.202011,3.228541],[106.210556,3.120833],[106.248611,3.121111],[106.278267,3.07611],[106.288063,3.179441],[106.226669,3.235834],[106.202011,3.228541]]],[[[106.316948,3.163056],[106.284447,3.123055],[106.308411,3.083893],[106.343544,3.123333],[106.316948,3.163056]]],[[[105.835556,2.99167],[105.7425,2.97222],[105.739998,3.05],[105.675003,3.008611],[105.713058,2.983333],[105.714722,2.959167],[105.693054,2.850277],[105.72583,2.816667],[105.769997,2.839166],[105.78389,2.907499],[105.828056,2.910556],[105.82,2.96889],[105.835556,2.99167]]],[[[107.785553,3.02028],[107.747498,3.006042],[107.757477,2.971379],[107.813263,2.98029],[107.785553,3.02028]]],[[[108.867599,3.010284],[108.774979,2.89059],[108.817139,2.843667],[108.884453,2.879908],[108.890396,2.99946],[108.867599,3.010284]]],[[[109.053337,2.495001],[109.113327,2.503611],[109.120514,2.530496],[108.975914,2.555733],[108.979179,2.520744],[109.031776,2.516169],[109.053337,2.495001]]],[[[108.949013,2.500911],[108.906662,2.501989],[108.933647,2.44834],[108.973106,2.454099],[108.974968,2.49068],[108.949013,2.500911]]]]},"properties":{"ID":76,"kode":21,"Propinsi":"KEPULAUAN RIAU","SUMBER":"Peta Dasar BAKOSURTANAL Skala 1 : 250.000"},"id":21},
{"type":"Feature","geometry":{"type":"Polygon","coordinates":[[[119.596573,-2.294341],[119.61335,-2.204939],[119.727409,-2.07925],[119.817101,-2.044529],[119.873543,-1.948739],[119.860428,-1.87573],[119.909172,-1.834719],[119.867416,-1.76982],[119.756668,-1.755519],[119.777779,-1.692499],[119.659027,-1.50289],[119.695396,-1.450899],[119.623283,-1.395169],[119.529373,-1.427779],[119.423126,-1.356679],[119.508636,-1.31016],[119.474258,-1.287229],[119.581657,-1.25812],[119.610977,-1.12573],[119.584396,-1.118209],[119.550926,-1.008439],[119.553627,-0.860949],[119.464722,-1.06861],[119.376663,-1.165556],[119.339722,-1.17],[119.30278,-1.273612],[119.332779,-1.349445],[119.291656,-1.390281],[119.28833,-1.450555],[119.325836,-1.589167],[119.28167,-1.68972],[119.311111,-1.798611],[119.363609,-1.853891],[119.330559,-1.962223],[119.288063,-1.9525],[119.211937,-1.99778],[119.187775,-2.151111],[119.144722,-2.200281],[119.121391,-2.319721],[119.144447,-2.470001],[119.044724,-2.506667],[119.030479,-2.58205],[118.91111,-2.666111],[118.868889,-2.679672],[118.818298,-2.61948],[118.756668,-2.785],[118.769447,-2.867222],[118.84639,-2.849721],[118.886108,-2.890834],[118.838623,-3.081085],[118.796806,-3.070608],[118.775139,-3.10422],[118.828476,-3.168945],[118.85833,-3.30111],[118.845711,-3.379756],[118.906113,-3.525279],[118.936943,-3.570281],[118.967438,-3.545067],[118.996391,-3.564717],[119.021446,-3.512368],[119.108658,-3.516343],[119.16658,-3.487701],[119.236168,-3.479168],[119.304726,-3.425277],[119.373055,-3.463334],[119.427223,-3.45972],[119.476357,-3.504407],[119.490921,-3.48397],[119.396072,-3.19317],[119.484596,-3.18489],[119.539963,-3.133521],[119.62973,-3.113259],[119.534187,-2.94152],[119.5252,-2.793351],[119.493317,-2.74063],[119.643578,-2.75641],[119.73996,-2.71976],[119.761757,-2.677659],[119.751106,-2.604909],[119.700089,-2.553469],[119.720917,-2.500069],[119.689026,-2.437739],[119.715866,-2.39282],[119.690308,-2.33612],[119.596573,-2.294341]]]},"properties":{"ID":77,"kode":76,"Propinsi":"SULAWESI BARAT","SUMBER":"Peta Dasar BAKOSURTANAL Skala 1 : 250.000"},"id":76},
{"type":"Feature","geometry":{"type":"MultiPolygon","coordinates":[[[[122.188141,1.045298],[122.166107,1.037744],[122.105263,1.073977],[121.991379,1.027292],[121.960297,1.046818],[121.936829,1.106721],[121.888367,1.086147],[121.858894,1.099807],[121.707085,1.060967],[121.561028,1.069681],[121.483253,1.112933],[121.431061,1.172257],[121.43441,1.230314],[121.470947,1.272841],[121.44651,1.318008],[121.407257,1.269449],[121.355553,1.253551],[121.301094,1.256887],[121.232872,1.241835],[121.100578,1.321008],[121.065201,1.308341],[120.976059,1.348508],[120.92836,1.329284],[120.83316,1.320694],[120.808014,1.271],[120.824081,1.183676],[120.776329,1.112198],[120.797989,1.093499],[120.78904,1.036012],[120.721901,0.959311],[120.67897,0.960633],[120.606506,0.872798],[120.600052,0.806312],[120.577087,0.769187],[120.500801,0.794271],[120.475189,0.778041],[120.388908,0.801644],[120.375938,0.833208],[120.328423,0.85386],[120.347801,0.986282],[120.246323,0.957992],[120.234756,0.882558],[120.245316,0.836357],[120.231522,0.792128],[120.131271,0.739655],[120.07708,0.73949],[120.017326,0.662879],[120.036507,0.605598],[120.045471,0.508192],[119.999992,0.48103],[119.912537,0.474808],[119.87677,0.437173],[119.889595,0.39088],[119.849724,0.35105],[119.906456,0.230215],[119.886375,0.210903],[119.803307,0.235098],[119.773888,0.195469],[119.869308,0.103943],[119.888161,-0.012285],[119.836311,-0.110336],[119.777496,-0.112435],[119.767677,-0.076805],[119.719109,-0.007734],[119.606422,-0.011014],[119.675064,-0.120693],[119.730637,-0.144836],[119.793221,-0.1203],[119.817886,-0.188819],[119.777512,-0.278784],[119.755516,-0.43625],[119.759331,-0.489319],[119.82312,-0.687051],[119.858978,-0.711951],[119.857048,-0.776077],[119.876678,-0.800739],[119.877937,-0.860083],[119.844048,-0.881364],[119.810547,-0.824481],[119.761536,-0.681504],[119.725906,-0.65805],[119.672073,-0.701232],[119.680214,-0.767804],[119.628067,-0.795006],[119.620102,-0.827921],[119.551262,-0.861102],[119.567673,-1.02293],[119.603714,-1.166935],[119.570869,-1.272736],[119.505157,-1.277503],[119.505386,-1.30987],[119.431,-1.336197],[119.450577,-1.395969],[119.497852,-1.394083],[119.516769,-1.436377],[119.639478,-1.405974],[119.696596,-1.459508],[119.659355,-1.496283],[119.669128,-1.545653],[119.732208,-1.607528],[119.775932,-1.693306],[119.762688,-1.764873],[119.865753,-1.770845],[119.902878,-1.796736],[119.907639,-1.835855],[119.869141,-1.892153],[119.848412,-1.965073],[119.815765,-2.015383],[119.83773,-2.051188],[119.887428,-2.045559],[119.963005,-2.000149],[119.994949,-1.963335],[120.101303,-1.966918],[120.11956,-2.008276],[120.181938,-2.029071],[120.26606,-2.022335],[120.329796,-2.054484],[120.354927,-1.999104],[120.383064,-1.890121],[120.401123,-1.888412],[120.469643,-1.962179],[120.480461,-1.998821],[120.595131,-2.138367],[120.70327,-2.212562],[120.74411,-2.228615],[120.821678,-2.207236],[120.953987,-2.237536],[121.15377,-2.328169],[121.22654,-2.352717],[121.304352,-2.365168],[121.391274,-2.409437],[121.510712,-2.495261],[121.56945,-2.49626],[121.639519,-2.535414],[121.700546,-2.548773],[121.74305,-2.608478],[121.797012,-2.710249],[121.81871,-2.763949],[121.872299,-2.777285],[121.899376,-2.80432],[121.940231,-2.932159],[122.000359,-2.962439],[122.090057,-2.961801],[122.130539,-3.015782],[122.191582,-3.032609],[122.190437,-3.094346],[122.241173,-3.138603],[122.274086,-3.138374],[122.294449,-3.195179],[122.285965,-3.253934],[122.312798,-3.271106],[122.323967,-3.240767],[122.384857,-3.258627],[122.428352,-3.248899],[122.425407,-3.203624],[122.486099,-3.180516],[122.412956,-3.128048],[122.383438,-3.143221],[122.33329,-3.083526],[122.25071,-3.022647],[122.305008,-2.956492],[122.319016,-2.914855],[122.292221,-2.890996],[122.180618,-2.869903],[122.181404,-2.823496],[122.13887,-2.790327],[122.085533,-2.788894],[122.004349,-2.712314],[122.033119,-2.65964],[121.986511,-2.601621],[121.957466,-2.521174],[121.901405,-2.429927],[121.839111,-2.348679],[121.821411,-2.294693],[121.795708,-2.291534],[121.724426,-2.20448],[121.680809,-2.181712],[121.609505,-2.189377],[121.549866,-2.171898],[121.525383,-2.049364],[121.447121,-1.985441],[121.418983,-1.939971],[121.375557,-1.963591],[121.317474,-1.937669],[121.333565,-1.87836],[121.291077,-1.858329],[121.295853,-1.7989],[121.322395,-1.77549],[121.372246,-1.809819],[121.451309,-1.804206],[121.462646,-1.864683],[121.525887,-1.893084],[121.565193,-1.949181],[121.634857,-1.956984],[121.684959,-1.943017],[121.749054,-1.887227],[121.806778,-1.760933],[121.809525,-1.730459],[121.8778,-1.675358],[121.896263,-1.692171],[121.959595,-1.675115],[122.023979,-1.613491],[122.220932,-1.595521],[122.316772,-1.522827],[122.390541,-1.48866],[122.415749,-1.437588],[122.483078,-1.388393],[122.495201,-1.351943],[122.556595,-1.30897],[122.560532,-1.262113],[122.618118,-1.238488],[122.63237,-1.171871],[122.666412,-1.135592],[122.708473,-1.134077],[122.723732,-1.085598],[122.794479,-0.999178],[122.790009,-0.950041],[122.859497,-0.927227],[122.890213,-0.933499],[122.978981,-0.905142],[123.056534,-0.902925],[123.061485,-0.869743],[123.101006,-0.840044],[123.147484,-0.889334],[123.144241,-0.943434],[123.228004,-1.006776],[123.263397,-1.05125],[123.34938,-1.03729],[123.390602,-0.960441],[123.383072,-0.931395],[123.452087,-0.765581],[123.381783,-0.675253],[123.409821,-0.660818],[123.273453,-0.591004],[123.19577,-0.574752],[123.17347,-0.589315],[123.113899,-0.574524],[123.014275,-0.603136],[122.956444,-0.648756],[122.936707,-0.627541],[122.838959,-0.646788],[122.811676,-0.634691],[122.762383,-0.702591],[122.879929,-0.722777],[122.914139,-0.768896],[122.77961,-0.777899],[122.72934,-0.814772],[122.685989,-0.814966],[122.627403,-0.767298],[122.526512,-0.787241],[122.455696,-0.763],[122.417145,-0.786604],[122.370705,-0.778494],[122.312874,-0.79761],[122.202255,-0.790099],[122.151131,-0.864294],[122.140907,-0.926582],[122.101791,-0.963619],[122.005463,-0.941112],[121.949707,-0.997026],[121.79818,-0.96249],[121.768211,-0.973061],[121.654663,-0.911058],[121.667122,-0.85892],[121.65081,-0.806444],[121.606941,-0.829822],[121.587563,-0.869395],[121.537224,-0.876336],[121.472191,-0.905653],[121.446655,-0.974778],[121.391403,-1.007929],[121.300293,-1.103074],[121.277924,-1.157306],[121.21608,-1.211487],[121.201614,-1.279033],[121.117386,-1.423487],[121.050652,-1.441153],[120.978638,-1.403112],[120.959259,-1.414844],[120.858665,-1.41577],[120.842125,-1.368169],[120.729805,-1.384694],[120.690422,-1.420703],[120.6409,-1.37013],[120.637337,-1.313295],[120.570587,-1.253602],[120.569252,-1.203504],[120.591782,-1.168508],[120.505188,-0.999639],[120.458672,-0.993287],[120.40947,-0.924922],[120.31295,-0.967754],[120.245003,-0.892794],[120.218369,-0.845644],[120.102646,-0.729293],[120.054924,-0.630386],[120.046967,-0.490172],[120.070221,-0.443157],[120.039871,-0.39192],[120.029526,-0.303267],[120.00975,-0.29075],[120.008202,-0.176373],[120.040031,-0.140389],[120.031914,-0.088148],[120.089226,-0.040358],[120.104767,0.006305],[120.103745,0.087791],[120.132538,0.125113],[120.121338,0.157835],[120.1577,0.222198],[120.211548,0.269989],[120.24424,0.338138],[120.304108,0.413597],[120.364449,0.452948],[120.528976,0.514094],[120.606247,0.518789],[120.698936,0.508861],[120.730331,0.473514],[120.861519,0.438808],[120.905403,0.393952],[121.032486,0.439164],[121.088135,0.397582],[121.152977,0.409079],[121.183212,0.459422],[121.246132,0.462963],[121.296829,0.496804],[121.345665,0.474487],[121.35453,0.571319],[121.247383,0.597502],[121.168579,0.690562],[121.225578,0.708211],[121.260277,0.78299],[121.294579,0.82408],[121.386032,0.870693],[121.499672,0.850688],[121.620621,0.883505],[121.673096,0.914232],[121.754608,0.926077],[121.831047,0.963612],[121.882187,0.9727],[121.925529,0.946584],[121.968292,0.894658],[121.993927,0.94102],[122.02533,0.949058],[122.067818,0.997213],[122.188141,1.045298]],[[120.531853,-1.873765],[120.530083,-1.7894],[120.599411,-1.790897],[120.657585,-1.881136],[120.672348,-1.972287],[120.707199,-2.024403],[120.685783,-2.066975],[120.631844,-2.059787],[120.606293,-1.995662],[120.564026,-1.967635],[120.528267,-1.913569],[120.531853,-1.873765]]],[[[123.169479,-1.634564],[123.229568,-1.599808],[123.26075,-1.470734],[123.300964,-1.414419],[123.367729,-1.503777],[123.407463,-1.52446],[123.459213,-1.518635],[123.51049,-1.458997],[123.539093,-1.397947],[123.534393,-1.366252],[123.556793,-1.288018],[123.48597,-1.2709],[123.440392,-1.235385],[123.360313,-1.231369],[123.284081,-1.361707],[123.248268,-1.394754],[123.191849,-1.327573],[123.2453,-1.232014],[123.186867,-1.162364],[123.145302,-1.208792],[123.109581,-1.169781],[122.97934,-1.202721],[122.904968,-1.184323],[122.8769,-1.236489],[122.833527,-1.271164],[122.791542,-1.383733],[122.78537,-1.451908],[122.820557,-1.480622],[122.865974,-1.600239],[122.909073,-1.605003],[122.952698,-1.550409],[123.021568,-1.495429],[123.032669,-1.453553],[123.103828,-1.349413],[123.157669,-1.31768],[123.185196,-1.513129],[123.164406,-1.543593],[123.103592,-1.583008],[123.106308,-1.605504],[123.169479,-1.634564]]],[[[123.476669,-1.656222],[123.492409,-1.71136],[123.576256,-1.726763],[123.615463,-1.694854],[123.627731,-1.62471],[123.571487,-1.607135],[123.547562,-1.509387],[123.501411,-1.507485],[123.477654,-1.574449],[123.498703,-1.588354],[123.476669,-1.656222]]],[[[121.914711,-0.453557],[121.843658,-0.414951],[121.783325,-0.451543],[121.754837,-0.431368],[121.694901,-0.492329],[121.662193,-0.558711],[121.701439,-0.564406],[121.73484,-0.512026],[121.834412,-0.496036],[121.917236,-0.519645],[121.914711,-0.453557]]],[[[121.96521,-0.420374],[122.059982,-0.404818],[122.054825,-0.352623],[121.872589,-0.35888],[121.8722,-0.416031],[121.916389,-0.440287],[121.96521,-0.420374]]],[[[123.135948,-1.780573],[123.092239,-1.770375],[123.062195,-1.831136],[123.063591,-1.920046],[123.140778,-1.866415],[123.154221,-1.820214],[123.135948,-1.780573]]],[[[122.096016,-0.40342],[122.149895,-0.39855],[122.098,-0.295803],[122.0662,-0.311042],[122.056259,-0.36745],[122.096016,-0.40342]]],[[[123.86039,-1.997033],[123.850426,-1.945709],[123.80835,-1.893784],[123.772453,-1.903466],[123.789017,-1.979887],[123.820366,-2.012111],[123.86039,-1.997033]]],[[[122.362381,-0.362636],[122.375923,-0.284257],[122.306877,-0.23959],[122.29538,-0.268201],[122.362381,-0.362636]]],[[[121.620766,-0.211886],[121.649246,-0.193653],[121.644028,-0.13074],[121.601471,-0.129324],[121.562981,-0.181929],[121.620766,-0.211886]]],[[[123.31263,-1.720765],[123.267799,-1.787167],[123.314911,-1.784292],[123.39093,-1.708563],[123.360176,-1.677891],[123.31263,-1.720765]]],[[[123.325485,-1.200815],[123.274651,-1.221891],[123.313316,-1.265722],[123.325485,-1.200815]]]]},"properties":{"ID":20,"kode":72,"Propinsi":"SULAWESI TENGAH","SUMBER":"Peta Dasar BAKOSURTANAL Skala 1 : 250.000"},"id":72},
{"type":"Feature","geometry":{"type":"MultiPolygon","coordinates":[[[[123.465736,0.330308],[123.49649,0.30875],[123.548042,0.324057],[123.590683,0.310139],[123.683281,0.30451],[123.74054,0.324472],[123.781235,0.312628],[123.814941,0.337797],[123.978569,0.360976],[123.998734,0.376837],[124.065895,0.36997],[124.08503,0.38917],[124.281578,0.404371],[124.32338,0.442996],[124.376762,0.446159],[124.512131,0.473545],[124.495369,0.548974],[124.560966,0.58909],[124.554062,0.635617],[124.599297,0.706245],[124.63192,0.712631],[124.625069,0.7633],[124.689034,0.829098],[124.725716,0.893974],[124.763794,0.888915],[124.788437,0.943151],[124.883057,0.963803],[124.898026,0.999992],[124.969742,1.069223],[125.020775,1.146533],[125.063248,1.296257],[125.07621,1.367611],[125.147789,1.439471],[125.192459,1.438576],[125.229156,1.461808],[125.242546,1.505849],[125.210403,1.550894],[125.154076,1.579512],[125.111847,1.663243],[125.014381,1.693482],[125.026825,1.735152],[124.994385,1.754779],[124.961983,1.730148],[124.923584,1.665811],[124.86174,1.604014],[124.806114,1.5772],[124.845001,1.523865],[124.829369,1.468621],[124.746124,1.4518],[124.674355,1.396016],[124.626411,1.418952],[124.57637,1.400202],[124.533218,1.356623],[124.51638,1.302175],[124.589989,1.269574],[124.610794,1.234678],[124.583717,1.194596],[124.544029,1.214211],[124.489716,1.18741],[124.41391,1.196132],[124.345238,1.158185],[124.357475,1.136346],[124.308136,1.021709],[124.2836,1.003263],[124.197304,0.986574],[124.137665,0.928344],[124.075935,0.923523],[123.920517,0.849172],[123.784668,0.835112],[123.732872,0.865901],[123.605904,0.906905],[123.553619,0.891023],[123.395981,0.90392],[123.381279,0.916597],[123.266968,0.919489],[123.222198,0.951997],[123.183815,0.906404],[123.117294,0.92862],[123.1465,0.881753],[123.240799,0.83596],[123.257477,0.749624],[123.368813,0.661965],[123.494171,0.636227],[123.527229,0.57175],[123.51918,0.449638],[123.465736,0.330308]]],[[[126.688919,4.37135],[126.714409,4.282143],[126.788681,4.253698],[126.733093,4.127583],[126.664978,4.057411],[126.699921,4.021832],[126.761673,4.012424],[126.799889,4.058125],[126.80732,4.123262],[126.792336,4.169112],[126.9142,4.283608],[126.851578,4.38552],[126.868073,4.445125],[126.855713,4.498095],[126.805336,4.546466],[126.750732,4.560368],[126.720451,4.525645],[126.715935,4.46499],[126.688919,4.37135]]],[[[125.650261,3.509186],[125.623062,3.517487],[125.573135,3.580348],[125.597404,3.60578],[125.509193,3.716769],[125.422775,3.724515],[125.398689,3.663957],[125.442543,3.615681],[125.482903,3.598102],[125.51297,3.5587],[125.485748,3.47762],[125.523735,3.433616],[125.640015,3.37788],[125.678253,3.424114],[125.650261,3.509186]]],[[[125.379097,2.797428],[125.357231,2.737662],[125.407181,2.726557],[125.449631,2.75286],[125.422615,2.805127],[125.379097,2.797428]]],[[[126.723343,3.903965],[126.704918,3.95399],[126.667656,3.946121],[126.678856,3.872737],[126.723343,3.903965]]],[[[126.82341,3.745728],[126.849304,3.770062],[126.834442,3.81489],[126.798347,3.854081],[126.742836,3.864257],[126.753197,3.806978],[126.790398,3.759194],[126.82341,3.745728]]],[[[125.37558,2.35449],[125.439598,2.319543],[125.4674,2.352841],[125.434448,2.386659],[125.37558,2.35449]]],[[[125.129044,1.830128],[125.132607,1.753805],[125.181602,1.774388],[125.129044,1.830128]]]]},"properties":{"ID":22,"kode":71,"Propinsi":"SULAWESI UTARA","SUMBER":"Peta Dasar BAKOSURTANAL Skala 1 : 250.000"},"id":71},
{"type":"Feature","geometry":{"type":"MultiPolygon","coordinates":[[[[134.233337,-1.741944],[134.203339,-1.736939],[134.148331,-1.826945],[134.149719,-1.90222],[134.165833,-1.951112],[134.217102,-1.831198],[134.233337,-1.741944]]],[[[134.661392,-2.823219],[134.661575,-2.611106],[134.630829,-2.474167],[134.601669,-2.488334],[134.513885,-2.483609],[134.460281,-2.550001],[134.524231,-2.79222],[134.514725,-2.831111],[134.461395,-2.863056],[134.367218,-2.668889],[134.375549,-2.644443],[134.318893,-2.584999],[134.339722,-2.551667],[134.286942,-2.518334],[134.259171,-2.429439],[134.213882,-2.418611],[134.172775,-2.347221],[134.102783,-2.051111],[134.156525,-1.966227],[134.13591,-1.960028],[134.121948,-1.86278],[134.102814,-1.860669],[134.095322,-1.684829],[134.067322,-1.673561],[134.200836,-1.55],[134.213638,-1.407771],[134.278992,-1.343317],[134.190002,-1.20111],[134.102615,-1.128109],[134.070816,-1.030581],[134.010406,-0.959727],[134.046051,-0.926905],[134.052551,-0.868969],[134.136871,-0.863292],[134.014206,-0.781619],[133.972809,-0.719501],[133.872284,-0.714018],[133.81662,-0.749301],[133.756668,-0.719219],[133.721848,-0.751336],[133.572876,-0.720641],[133.547165,-0.746956],[133.3965,-0.740975],[133.151016,-0.54533],[132.972412,-0.49383],[132.953613,-0.452833],[132.904938,-0.463862],[132.798859,-0.416281],[132.719208,-0.362848],[132.419174,-0.34333],[132.170563,-0.425557],[132.094193,-0.479821],[132.070786,-0.539999],[131.977356,-0.577887],[131.847595,-0.705874],[131.507767,-0.774713],[131.54393,-0.740925],[131.508682,-0.729509],[131.225891,-0.821073],[131.241806,-0.876727],[131.267975,-0.921084],[131.283783,-0.990725],[131.240097,-1.028044],[131.248886,-1.082777],[131.176544,-1.220246],[131.051117,-1.254166],[130.999207,-1.38162],[130.931381,-1.426291],[130.996048,-1.459965],[131.166672,-1.462778],[131.208664,-1.523113],[131.283615,-1.504167],[131.337219,-1.438056],[131.29277,-1.4125],[131.272217,-1.36833],[131.324722,-1.351109],[131.361511,-1.36567],[131.380554,-1.401945],[131.422012,-1.425539],[131.379562,-1.451961],[131.449127,-1.5144],[131.500702,-1.468124],[131.524445,-1.479721],[131.577408,-1.454696],[131.641296,-1.448009],[131.65152,-1.402579],[131.712875,-1.414859],[131.744675,-1.453821],[131.741592,-1.50602],[131.694778,-1.555593],[131.726898,-1.583829],[131.79834,-1.548612],[131.779449,-1.596668],[131.809998,-1.614445],[131.869995,-1.583611],[131.918213,-1.58029],[131.880676,-1.638016],[131.91156,-1.719559],[132.004608,-1.684923],[132.08812,-1.752583],[132.067825,-1.765203],[132.026947,-1.71501],[131.995148,-1.73766],[131.920944,-1.813186],[131.984726,-1.875556],[131.987778,-1.929722],[131.967209,-1.965001],[132.04306,-2.026943],[132.061111,-2.017501],[132.054184,-1.966268],[132.074722,-1.949722],[132.113312,-1.985411],[132.181229,-1.9905],[132.136383,-2.023611],[132.115204,-1.99272],[132.038605,-2.070001],[132.134171,-2.14028],[132.107498,-2.089444],[132.134171,-2.083329],[132.141388,-2.148611],[132.19722,-2.15194],[132.315552,-2.283611],[132.574524,-2.189304],[132.64917,-2.289999],[132.714722,-2.29778],[132.825424,-2.2425],[132.897217,-2.28111],[132.944443,-2.262499],[132.960007,-2.293055],[133.158218,-2.197325],[133.277267,-2.201835],[133.325668,-2.218295],[133.372223,-2.202501],[133.487305,-2.23156],[133.580276,-2.22361],[133.620285,-2.19361],[133.696869,-2.195697],[133.732498,-2.122779],[133.752716,-2.169155],[133.824402,-2.130756],[133.83667,-2.094445],[133.904999,-2.104167],[133.959717,-2.147501],[133.963058,-2.181945],[133.94278,-2.231945],[133.98555,-2.225],[134.000488,-2.241946],[133.991394,-2.299722],[133.949173,-2.32528],[133.986664,-2.363332],[133.988327,-2.389445],[133.948059,-2.420309],[133.986389,-2.446945],[133.964447,-2.469166],[133.903061,-2.482219],[133.871948,-2.455829],[133.820694,-2.4666],[133.78389,-2.487222],[133.807739,-2.543266],[133.798615,-2.64861],[133.760559,-2.672221],[133.752502,-2.624444],[133.69017,-2.61626],[133.664993,-2.685001],[133.658585,-2.584484],[133.641525,-2.531818],[133.568771,-2.568179],[133.608612,-2.605559],[133.575272,-2.632501],[133.55722,-2.605279],[133.527771,-2.641389],[133.472504,-2.638055],[133.458054,-2.616389],[133.449448,-2.51639],[133.419724,-2.541944],[133.435837,-2.6025],[133.381393,-2.701112],[133.371948,-2.671668],[133.381012,-2.528588],[133.303406,-2.443925],[133.215057,-2.411247],[133.042374,-2.49503],[132.791946,-2.78972],[132.71611,-2.798055],[132.579727,-2.689167],[132.483719,-2.677746],[132.458328,-2.712223],[132.438614,-2.677778],[132.196671,-2.651666],[132.111115,-2.690833],[132.095276,-2.708334],[131.950562,-2.76694],[132.041107,-2.769999],[132.064728,-2.787222],[131.978149,-2.82965],[132.037506,-2.83806],[132.008331,-2.888329],[132.087494,-2.960001],[132.152771,-2.94139],[132.20694,-2.906389],[132.350555,-2.937219],[132.350281,-2.964999],[132.419998,-2.990829],[132.561325,-3.109818],[132.556488,-3.151881],[132.645004,-3.191944],[132.596161,-3.229589],[132.663101,-3.315729],[132.728088,-3.337392],[132.728226,-3.280229],[132.7733,-3.256519],[132.843002,-3.299095],[132.797775,-3.355281],[132.816193,-3.44364],[132.853043,-3.477164],[132.895554,-3.462307],[132.907013,-3.546569],[132.89035,-3.644141],[132.725403,-3.636369],[132.845184,-3.955489],[132.841507,-3.99035],[132.917496,-4.0475],[132.91243,-4.08514],[133.01889,-4.119169],[133.028061,-4.07667],[133.075562,-4.054166],[133.25,-4.07361],[133.329849,-3.989291],[133.402802,-3.903609],[133.400955,-3.887039],[133.458252,-3.85824],[133.394775,-3.74674],[133.402466,-3.595294],[133.439117,-3.59356],[133.409897,-3.691449],[133.58223,-3.571995],[133.596909,-3.526084],[133.550522,-3.454699],[133.518051,-3.434166],[133.495377,-3.375529],[133.514999,-3.33222],[133.538422,-3.428124],[133.634171,-3.41527],[133.664597,-3.340282],[133.648178,-3.234598],[133.672165,-3.209457],[133.648102,-3.123012],[133.73053,-3.030303],[133.793335,-3.028612],[133.825806,-2.942955],[133.850159,-2.969469],[133.885895,-3.071519],[133.835022,-3.018876],[133.827225,-3.088335],[133.798782,-3.119128],[133.771439,-3.114444],[133.764084,-3.177371],[133.701843,-3.17016],[133.701096,-3.208869],[133.668091,-3.22749],[133.676376,-3.316964],[133.664291,-3.31969],[133.69072,-3.410664],[133.636154,-3.4471],[133.621094,-3.47574],[133.707214,-3.60352],[133.690689,-3.671041],[133.751892,-3.645586],[133.816177,-3.727199],[133.787811,-3.597464],[133.832779,-3.556],[133.839478,-3.631398],[133.933197,-3.749494],[133.913696,-3.784431],[133.959717,-3.8625],[134.040817,-3.8414],[134.055283,-3.821945],[134.117065,-3.792155],[134.098358,-3.766667],[134.136383,-3.741941],[134.172089,-3.776201],[134.190826,-3.83283],[134.105377,-3.89813],[134.167755,-3.894139],[134.163391,-3.92699],[134.249115,-3.976414],[134.291107,-4.048056],[134.334351,-4.020581],[134.269501,-3.937431],[134.34967,-3.966287],[134.360718,-3.915693],[134.332489,-3.879719],[134.438339,-3.919166],[134.474854,-3.972669],[134.446457,-3.981382],[134.506393,-4.044443],[134.604172,-3.999722],[134.674438,-3.920278],[134.933716,-3.936239],[134.963226,-3.948615],[134.946579,-3.982702],[134.870102,-3.9765],[134.833359,-3.95104],[134.76889,-3.934001],[134.768448,-3.96234],[134.686951,-3.969166],[134.661392,-3.982499],[134.675003,-4.04389],[134.72139,-4.057779],[134.675201,-4.088319],[134.656387,-4.07361],[134.629166,-4.118611],[134.687775,-4.141108],[134.712494,-4.133612],[134.723328,-4.198055],[134.81604,-4.229375],[134.815277,-4.252777],[134.87616,-4.251943],[135.25766,-3.75588],[134.205246,-3.391239],[134.27594,-3.23835],[134.425034,-3.110369],[134.426788,-3.006559],[134.661392,-2.823219]]],[[[134.348053,-2.165],[134.411667,-2.073333],[134.388184,-1.99321],[134.315552,-2.078889],[134.348053,-2.165]]],[[[134.575348,-2.337501],[134.562027,-2.403001],[134.590775,-2.395468],[134.575348,-2.337501]]],[[[132.471497,-2.624542],[132.441116,-2.641111],[132.460342,-2.668185],[132.508774,-2.653585],[132.471497,-2.624542]]],[[[132.442215,-3.098333],[132.472504,-3.13028],[132.545273,-3.150277],[132.547226,-3.135],[132.442215,-3.098333]]],[[[134.051834,-3.924399],[134.083618,-3.983841],[134.1772,-4.00864],[134.098984,-3.915533],[134.051834,-3.924399]]],[[[134.413757,-4.029144],[134.452011,-4.0193],[134.376709,-3.977389],[134.362503,-4.032501],[134.413757,-4.029144]]],[[[133.507156,-4.199229],[133.318481,-4.098261],[133.347946,-4.163886],[133.331375,-4.182169],[133.417084,-4.205079],[133.460098,-4.251956],[133.548859,-4.234501],[133.507156,-4.199229]]],[[[129.860672,0.324739],[129.882324,0.277128],[129.925873,0.281691],[129.907227,0.318011],[129.860672,0.324739]]],[[[130.104645,-0.06848],[130.131912,-0.097147],[130.16571,-0.066144],[130.142288,-0.017031],[130.088333,0.002499],[130.104645,-0.06848]]],[[[130.429993,-0.201666],[130.395004,-0.23],[130.358063,-0.200556],[130.291382,-0.22889],[130.317703,-0.273057],[130.429306,-0.2614],[130.436951,-0.290281],[130.527466,-0.246599],[130.552979,-0.43076],[130.59137,-0.378951],[130.560013,-0.367291],[130.578339,-0.321111],[130.679718,-0.29222],[130.705002,-0.324721],[130.672501,-0.339166],[130.727036,-0.439642],[130.879807,-0.420643],[130.944687,-0.354012],[130.919556,-0.305492],[130.815231,-0.311892],[130.731461,-0.294659],[130.675797,-0.173181],[130.62056,-0.145353],[130.621017,-0.080327],[130.679993,-0.098451],[130.789993,-0.168889],[130.799652,-0.241049],[130.868683,-0.235299],[130.89505,-0.299295],[130.919434,-0.30087],[130.959106,-0.351223],[131.007202,-0.33551],[131.023697,-0.357139],[131.103653,-0.307919],[131.241455,-0.381259],[131.245956,-0.34062],[131.276535,-0.34576],[131.340775,-0.290732],[131.295715,-0.238772],[131.318298,-0.198056],[131.299164,-0.159734],[131.194,-0.130536],[131.133499,-0.070622],[131.033615,-0.060277],[131.048615,-0.020278],[130.93837,-0.04075],[130.797775,-0.004999],[130.739716,-0.025279],[130.769775,-0.05362],[130.708328,-0.061939],[130.726669,-0.027221],[130.633896,-0.062499],[130.569473,-0.039024],[130.578049,-0.075],[130.525864,-0.068019],[130.414169,-0.113889],[130.404984,-0.076803],[130.368683,-0.07578],[130.345276,-0.109721],[130.29744,-0.092657],[130.281281,-0.111369],[130.301117,-0.172778],[130.353561,-0.192139],[130.38916,-0.171944],[130.425278,-0.12944],[130.429993,-0.201666]]],[[[130.524445,-0.46778],[130.477219,-0.43889],[130.456711,-0.509812],[130.544998,-0.511945],[130.577225,-0.463055],[130.614716,-0.486667],[130.571198,-0.517119],[130.592773,-0.534445],[130.660553,-0.510001],[130.69722,-0.44778],[130.614716,-0.395278],[130.524445,-0.46778]]],[[[129.854721,-0.42],[129.874451,-0.498334],[129.924683,-0.412727],[129.890366,-0.397428],[129.854721,-0.42]]],[[[130.889587,-0.772389],[130.804077,-0.751899],[130.797607,-0.793161],[130.717178,-0.829693],[130.663498,-0.82606],[130.635941,-0.790829],[130.585312,-0.833034],[130.544174,-0.839999],[130.486481,-0.829595],[130.433334,-0.861776],[130.4505,-0.893901],[130.523148,-0.897598],[130.508804,-0.920535],[130.62883,-0.90996],[130.850052,-0.860466],[130.900223,-0.832679],[130.863983,-0.805019],[130.889587,-0.772389]]],[[[130.640656,-0.970106],[130.717178,-1.078529],[130.680222,-1.108429],[130.737045,-1.165127],[130.755585,-1.248669],[130.810043,-1.26672],[130.858017,-1.345639],[130.907471,-1.322],[130.973907,-1.35391],[131.000839,-1.281944],[131.044449,-1.24167],[131.04805,-1.185559],[131.087753,-1.012213],[131.051208,-0.931365],[131.03035,-0.911651],[130.936493,-0.939985],[130.927383,-0.893019],[130.90155,-0.888422],[130.640656,-0.970106]]],[[[131.079468,-1.07547],[131.103058,-1.066944],[131.145508,-0.997522],[131.096985,-1.00298],[131.079468,-1.07547]]],[[[129.765549,-1.170556],[129.732498,-1.193334],[129.742218,-1.219721],[129.887573,-1.197153],[129.832779,-1.25111],[129.978333,-1.171944],[129.866943,-1.143888],[129.765549,-1.170556]]],[[[129.746948,-1.156389],[129.672913,-1.17882],[129.715836,-1.199166],[129.746948,-1.156389]]],[[[130.186661,-2.06472],[130.265839,-2.05389],[130.326309,-1.985992],[130.405273,-2.000278],[130.371674,-2.042223],[130.478882,-2.00778],[130.382782,-1.981944],[130.432495,-1.952778],[130.340088,-1.922295],[130.408188,-1.89784],[130.455826,-1.834167],[130.352402,-1.736864],[130.3703,-1.676137],[130.252975,-1.704291],[130.258179,-1.729099],[130.058838,-1.724479],[129.719162,-1.879169],[129.862778,-1.976666],[130.016113,-2.022779],[130.085007,-2.02806],[130.09166,-2.043611],[130.186661,-2.06472]]],[[[131.957993,-1.837777],[131.923889,-1.870834],[131.97171,-1.923842],[131.983337,-1.874444],[131.957993,-1.837777]]],[[[132.086395,-1.95444],[132.058136,-1.96633],[132.063049,-2.024999],[132.10083,-1.970833],[132.086395,-1.95444]]],[[[131.336533,-1.352317],[131.305161,-1.380453],[131.31813,-1.423989],[131.362946,-1.397369],[131.336533,-1.352317]]],[[[131.713577,-1.428579],[131.669449,-1.46722],[131.655273,-1.44333],[131.605881,-1.463616],[131.58696,-1.490177],[131.638779,-1.544687],[131.718613,-1.520834],[131.740555,-1.457071],[131.713577,-1.428579]]],[[[133.837708,-2.146894],[133.775406,-2.194772],[133.840256,-2.189849],[133.837708,-2.146894]]],[[[133.828888,-2.241109],[133.804993,-2.252222],[133.815323,-2.290874],[133.888885,-2.265833],[133.882507,-2.240833],[133.904449,-2.193329],[133.842239,-2.20143],[133.763062,-2.239721],[133.79277,-2.2775],[133.806671,-2.237499],[133.828888,-2.241109]]],[[[133.986664,-2.267221],[133.964996,-2.245699],[133.926117,-2.305278],[133.945282,-2.32389],[133.989716,-2.299444],[133.986664,-2.267221]]],[[[133.94194,-2.32722],[133.851395,-2.36],[133.895538,-2.38916],[133.986115,-2.386669],[133.94194,-2.32722]]],[[[133.946106,-2.466666],[133.940002,-2.394999],[133.838882,-2.394723],[133.901108,-2.477777],[133.946106,-2.466666]]],[[[133.726669,-2.434444],[133.768616,-2.481946],[133.822495,-2.44361],[133.833893,-2.408888],[133.726669,-2.434444]]],[[[133.295517,-2.411639],[133.368332,-2.496388],[133.358612,-2.444445],[133.295517,-2.411639]]],[[[133.617493,-2.497779],[133.597504,-2.45639],[133.48555,-2.41722],[133.56395,-2.514045],[133.617493,-2.497779]]],[[[133.696945,-2.49833],[133.70639,-2.54861],[133.750549,-2.556667],[133.734161,-2.504167],[133.696945,-2.49833]]],[[[133.469162,-2.563333],[133.463608,-2.62139],[133.497498,-2.64306],[133.514816,-2.587125],[133.473831,-2.502535],[133.469162,-2.563333]]],[[[133.765839,-2.512219],[133.761108,-2.550279],[133.799164,-2.633054],[133.800278,-2.538612],[133.765839,-2.512219]]],[[[133.556335,-2.52021],[133.499847,-2.54526],[133.531143,-2.608399],[133.568878,-2.590512],[133.556335,-2.52021]]],[[[133.788895,-2.627781],[133.752502,-2.55694],[133.693054,-2.610559],[133.753891,-2.62167],[133.75,-2.671109],[133.796112,-2.648056],[133.788895,-2.627781]]]]},"properties":{"ID":23,"kode":92,"Propinsi":"PAPUA BARAT","SUMBER":"Peta Dasar BAKOSURTANAL Skala 1 : 250.000"},"id":92},
{"type":"Feature","geometry":{"type":"MultiPolygon","coordinates":[[[[98.25574,4.290953],[98.145401,4.287369],[98.090927,4.19672],[98.059311,4.190727],[98.023132,3.969775],[97.95816,3.928891],[97.944946,3.89686],[97.89991,3.89141],[97.908562,3.820508],[97.803185,3.731739],[97.843933,3.660525],[97.869896,3.57131],[97.906899,3.553616],[97.949715,3.391531],[98.003082,3.369784],[98.029823,3.329871],[97.984924,3.275573],[97.872261,3.249049],[97.925278,3.226437],[97.942329,3.164997],[97.978615,3.127329],[97.983467,3.083911],[97.939224,3.071936],[97.958275,2.961847],[97.954605,2.900333],[98.006783,2.889557],[98.042084,2.828039],[98.088196,2.821929],[98.086838,2.7349],[98.12426,2.655123],[98.085129,2.63422],[98.075233,2.57553],[98.083992,2.50935],[98.109344,2.47093],[98.112091,2.424448],[98.155571,2.413039],[98.18766,2.319383],[98.153148,2.146027],[98.224586,2.096319],[98.271065,2.049494],[98.338593,2.045849],[98.389442,2.007457],[98.466949,1.987465],[98.501572,1.941459],[98.611458,1.838434],[98.67894,1.740839],[98.707138,1.789281],[98.769341,1.7595],[98.797264,1.683911],[98.82769,1.677764],[98.840958,1.628664],[98.772934,1.561786],[98.759827,1.528909],[98.777878,1.434891],[98.844856,1.333901],[98.839851,1.286661],[98.910728,1.122399],[98.927269,1.041666],[98.969215,0.931165],[98.991776,0.822795],[99.017548,0.813711],[99.057587,0.726479],[99.071304,0.629137],[99.093124,0.60576],[99.135689,0.435732],[99.109512,0.342637],[99.153839,0.308747],[99.16198,0.231812],[99.235527,0.327712],[99.297096,0.337691],[99.331474,0.362899],[99.407265,0.493468],[99.499702,0.538817],[99.587463,0.516625],[99.640007,0.547226],[99.670876,0.481021],[99.716553,0.454064],[99.765022,0.481917],[99.82309,0.461878],[99.908188,0.474805],[99.964767,0.554445],[99.919365,0.605901],[99.914688,0.680979],[99.845169,0.686254],[99.845215,0.83873],[99.835236,0.889678],[99.881943,0.90572],[99.957077,0.875112],[100.083336,0.791869],[100.183716,0.761895],[100.140305,0.797662],[100.132614,0.891546],[100.092819,0.915075],[100.136681,0.949117],[100.161377,0.999156],[100.108658,1.071883],[100.16082,1.151491],[100.130478,1.174596],[100.123497,1.254924],[100.086632,1.337513],[100.077881,1.387209],[100.242752,1.392655],[100.27504,1.421141],[100.315857,1.416456],[100.408829,1.470363],[100.434021,1.51129],[100.415886,1.537141],[100.455269,1.629147],[100.408333,1.777267],[100.292068,1.802315],[100.2864,1.830302],[100.322128,1.919015],[100.322708,2.014011],[100.360146,2.220377],[100.309578,2.34065],[100.302208,2.413565],[100.33075,2.534235],[100.241371,2.637462],[100.222885,2.703859],[100.176842,2.706297],[100.136818,2.672004],[100.098732,2.676424],[100.060226,2.733359],[100.006645,2.724051],[99.981476,2.742654],[100.000282,2.799706],[99.990746,2.856591],[99.998863,2.93651],[99.917145,2.979943],[99.828384,3.06429],[99.737755,3.170621],[99.670906,3.209138],[99.546608,3.244231],[99.487228,3.322032],[99.485054,3.348217],[99.372841,3.402371],[99.272652,3.473173],[99.205673,3.535731],[99.131668,3.565329],[99.073792,3.610853],[98.991402,3.652537],[98.788483,3.718319],[98.70237,3.811335],[98.697937,3.874467],[98.672783,3.9084],[98.609138,3.914186],[98.558937,3.939592],[98.528557,4.011974],[98.435066,4.039406],[98.387726,4.076143],[98.30899,4.072206],[98.272324,4.119934],[98.234329,4.129492],[98.171654,4.108615],[98.168282,4.159943],[98.251678,4.20263],[98.25574,4.290953]],[[98.92707,2.662123],[98.909531,2.623648],[98.924484,2.584452],[99.027946,2.516789],[99.04792,2.48477],[99.062157,2.391961],[99.148209,2.430922],[99.151482,2.391701],[99.055664,2.329031],[99.029228,2.357742],[98.991257,2.324367],[98.917976,2.348454],[98.854034,2.333492],[98.817467,2.378578],[98.804596,2.424474],[98.733681,2.51731],[98.667595,2.545009],[98.69825,2.601211],[98.72554,2.532148],[98.778,2.504612],[98.874153,2.425913],[98.922638,2.428574],[98.98819,2.455078],[98.971985,2.50286],[98.921768,2.541882],[98.854713,2.665531],[98.777992,2.739367],[98.723587,2.754783],[98.695267,2.72581],[98.683029,2.637003],[98.616501,2.648208],[98.624992,2.681004],[98.593155,2.730381],[98.527939,2.792798],[98.531593,2.892692],[98.625786,2.878684],[98.692108,2.850813],[98.79274,2.79301],[98.833435,2.747945],[98.922714,2.694872],[98.92707,2.662123]]],[[[97.500496,0.916113],[97.58802,0.838179],[97.645798,0.737644],[97.658752,0.659734],[97.704224,0.559856],[97.733276,0.577961],[97.795334,0.558244],[97.827011,0.568907],[97.8918,0.628914],[97.875778,0.743668],[97.89946,0.793721],[97.885437,0.823092],[97.893776,0.898828],[97.935623,0.960954],[97.889046,1.051632],[97.854446,1.053744],[97.787994,1.149787],[97.678436,1.177108],[97.583405,1.330732],[97.530495,1.382853],[97.530159,1.407647],[97.476486,1.468499],[97.428909,1.468561],[97.386353,1.493314],[97.340027,1.4905],[97.257141,1.410369],[97.19696,1.395284],[97.122917,1.424893],[97.073105,1.417242],[97.136726,1.3638],[97.182999,1.289336],[97.253624,1.231068],[97.358147,1.075364],[97.399849,0.942146],[97.471382,0.935922],[97.500496,0.916113]]],[[[98.409668,-0.596789],[98.498367,-0.555216],[98.476936,-0.518796],[98.498665,-0.490648],[98.501068,-0.394909],[98.516144,-0.35539],[98.442184,-0.244816],[98.436165,-0.295887],[98.380356,-0.337618],[98.367058,-0.377264],[98.370155,-0.452895],[98.341278,-0.512249],[98.409668,-0.596789]]],[[[98.371108,0.005866],[98.314896,-0.011829],[98.356728,-0.054339],[98.384697,-0.132913],[98.427185,-0.20239],[98.51564,-0.321089],[98.56321,-0.328114],[98.568024,-0.27773],[98.488098,-0.203953],[98.465797,-0.0922],[98.414833,-0.025506],[98.371108,0.005866]]],[[[98.598198,0.094976],[98.74559,0.073061],[98.777519,0.098079],[98.844627,0.082099],[98.850594,0.117946],[98.796844,0.171431],[98.717834,0.159357],[98.60891,0.183891],[98.522354,0.144102],[98.5308,0.106037],[98.598198,0.094976]]],[[[98.460686,1.702748],[98.444466,1.652204],[98.50116,1.625],[98.486298,1.698948],[98.460686,1.702748]]]]},"properties":{"ID":24,"kode":12,"Propinsi":"SUMATERA UTARA","SUMBER":"Peta Dasar BAKOSURTANAL Skala 1 : 250.000"},"id":12},
{"type":"Feature","geometry":{"type":"MultiPolygon","coordinates":[[[[105.106688,-2.022016],[105.128064,-2.082688],[105.217216,-2.06432],[105.253312,-2.083648],[105.301184,-2.142848],[105.358336,-2.12],[105.437184,-2.133312],[105.503616,-2.080512],[105.55904,-2.08192],[105.590464,-2.119936],[105.655808,-2.114432],[105.733952,-2.128384],[105.776192,-2.156288],[105.785856,-2.244864],[105.82368,-2.30688],[105.801792,-2.35872],[105.831104,-2.40768],[105.909376,-2.44128],[105.932224,-2.473024],[105.884544,-2.635776],[105.91584,-2.735872],[105.962816,-2.805312],[105.996096,-2.820352],[106.097408,-2.833472],[106.140864,-2.8736],[106.176896,-2.868672],[106.236928,-2.899648],[106.276224,-2.902592],[106.330944,-2.963264],[106.412288,-2.966656],[106.497728,-3.064704],[106.520832,-3.112192],[106.562496,-3.0832],[106.647424,-3.081152],[106.704064,-3.09504],[106.742592,-3.053824],[106.737536,-3.004288],[106.595136,-2.953152],[106.587264,-2.916224],[106.65664,-2.72064],[106.705984,-2.641472],[106.798336,-2.5664],[106.689408,-2.541632],[106.515712,-2.511936],[106.444928,-2.470464],[106.380672,-2.47392],[106.340864,-2.45632],[106.281152,-2.397888],[106.23424,-2.328064],[106.225216,-2.258176],[106.175616,-2.150848],[106.153344,-2.016064],[106.163776,-1.92672],[106.192512,-1.896128],[106.146688,-1.85952],[106.04224,-1.698368],[106.029824,-1.616448],[106.008896,-1.567616],[105.929792,-1.54816],[105.876224,-1.51872],[105.753664,-1.531264],[105.72064,-1.57952],[105.764864,-1.648128],[105.744704,-1.68576],[105.792768,-1.755264],[105.731264,-1.780544],[105.674432,-1.761728],[105.65472,-1.716672],[105.714752,-1.655552],[105.644352,-1.641792],[105.600512,-1.545152],[105.534464,-1.563456],[105.464384,-1.560448],[105.360896,-1.649792],[105.334016,-1.693568],[105.369664,-1.717056],[105.393152,-1.779392],[105.34688,-1.841024],[105.221056,-1.913472],[105.165632,-1.925504],[105.124608,-1.957248],[105.106688,-2.022016]]],[[[107.62494,-2.74277],[107.598656,-2.788224],[107.600064,-2.858496],[107.545408,-2.902208],[107.610816,-2.926144],[107.569728,-3.027648],[107.58528,-3.079872],[107.628416,-3.142848],[107.589952,-3.197696],[107.642048,-3.23136],[107.713856,-3.18752],[107.758144,-3.1864],[107.839552,-3.146784],[107.85152,-3.053248],[107.961664,-3.149376],[107.96832,-3.237568],[108.062976,-3.235776],[108.073408,-3.166144],[108.135808,-3.1664],[108.169472,-3.14816],[108.173632,-3.109184],[108.209472,-3.048064],[108.199616,-3.011008],[108.235328,-2.95712],[108.245184,-2.908544],[108.290432,-2.85312],[108.26048,-2.766976],[108.183744,-2.6768],[108.083328,-2.606464],[108.00992,-2.596864],[107.994752,-2.57472],[107.909824,-2.575872],[107.81536,-2.53632],[107.769664,-2.556928],[107.72224,-2.547584],[107.662464,-2.5584],[107.630976,-2.59584],[107.648512,-2.627072],[107.618688,-2.695936],[107.62494,-2.74277]]],[[[106.881216,-2.999872],[106.900608,-2.935168],[106.803776,-2.885888],[106.729344,-2.9296],[106.707712,-2.962624],[106.793344,-3.019648],[106.872896,-3.028288],[106.881216,-2.999872]]],[[[107.488,-2.853568],[107.426752,-2.828096],[107.38624,-2.850304],[107.362176,-2.896256],[107.416256,-2.94496],[107.472128,-2.908416],[107.488,-2.853568]]],[[[107.094272,-2.87296],[107.054208,-2.81888],[107.020736,-2.873088],[107.0608,-2.907392],[107.094272,-2.87296]]]]},"properties":{"ID":25,"kode":19,"Propinsi":"BANGKA BELITUNG","SUMBER":"Peta Dasar BAKOSURTANAL Skala 1 : 250.000"},"id":19},
{"type":"Feature","geometry":{"type":"MultiPolygon","coordinates":[[[[99.16198,0.231812],[99.253555,0.211412],[99.312424,0.238678],[99.353981,0.230505],[99.394257,0.152445],[99.471992,0.134715],[99.610626,0.069696],[99.735329,-0.027319],[99.765541,-0.065272],[99.750984,-0.153287],[99.806374,-0.245461],[99.820641,-0.306837],[99.886421,-0.349305],[99.918625,-0.404366],[99.971771,-0.443441],[100.080696,-0.549656],[100.117134,-0.631379],[100.269402,-0.782622],[100.342545,-0.882115],[100.364952,-0.995286],[100.410194,-1.037552],[100.382729,-1.178114],[100.417633,-1.200178],[100.402206,-1.268252],[100.458786,-1.26039],[100.492241,-1.299992],[100.544067,-1.308304],[100.576469,-1.376961],[100.555435,-1.403785],[100.633499,-1.562898],[100.64151,-1.618727],[100.684204,-1.661846],[100.78273,-1.819229],[100.858192,-1.919218],[100.884331,-2.042843],[100.869568,-2.104535],[100.82914,-2.147044],[100.831245,-2.188847],[100.877205,-2.247514],[100.897308,-2.337769],[100.992081,-2.431542],[101.027755,-2.482182],[101.155373,-2.390157],[101.244644,-2.344946],[101.294159,-2.280203],[101.306076,-2.23891],[101.291611,-2.133106],[101.243668,-2.021798],[101.194092,-1.989151],[101.144699,-1.917723],[101.124443,-1.78474],[101.125816,-1.679094],[101.18763,-1.677177],[101.21579,-1.714355],[101.258324,-1.693337],[101.319626,-1.693206],[101.415512,-1.671203],[101.431198,-1.696775],[101.492464,-1.681019],[101.526581,-1.616804],[101.567154,-1.572305],[101.694035,-1.480637],[101.720899,-1.42113],[101.691318,-1.397239],[101.719172,-1.344921],[101.689585,-1.295043],[101.709229,-1.237597],[101.815407,-1.209807],[101.858885,-1.158166],[101.878525,-1.110225],[101.830315,-1.10193],[101.821533,-0.977189],[101.747887,-0.967631],[101.6539,-0.935173],[101.595917,-0.8512],[101.500015,-0.807856],[101.407272,-0.736848],[101.359833,-0.659254],[101.256569,-0.626754],[101.181267,-0.549494],[101.06768,-0.498227],[101.024826,-0.398442],[101.031708,-0.340868],[100.996368,-0.314363],[100.94133,-0.312437],[100.910423,-0.370743],[100.833672,-0.318377],[100.838776,-0.290596],[100.781006,-0.23042],[100.748398,-0.065219],[100.770103,-0.033094],[100.753342,0.048535],[100.792191,0.120829],[100.778122,0.169268],[100.727119,0.193165],[100.687881,0.177849],[100.605743,0.183473],[100.464088,0.222191],[100.43718,0.247852],[100.394623,0.339763],[100.361946,0.354324],[100.281677,0.332958],[100.282326,0.408069],[100.219559,0.524918],[100.205925,0.593234],[100.25573,0.709395],[100.183716,0.761895],[100.083336,0.791869],[99.957077,0.875112],[99.881943,0.90572],[99.835236,0.889678],[99.845215,0.83873],[99.845169,0.686254],[99.914688,0.680979],[99.919365,0.605901],[99.964767,0.554445],[99.908188,0.474805],[99.82309,0.461878],[99.765022,0.481917],[99.716553,0.454064],[99.670876,0.481021],[99.640007,0.547226],[99.587463,0.516625],[99.499702,0.538817],[99.407265,0.493468],[99.331474,0.362899],[99.297096,0.337691],[99.235527,0.327712],[99.16198,0.231812]],[[100.148926,-0.294198],[100.194832,-0.252879],[100.226418,-0.288869],[100.218018,-0.396025],[100.165375,-0.388144],[100.165466,-0.310519],[100.148926,-0.294198]],[[100.500008,-0.534535],[100.544914,-0.55475],[100.59713,-0.680994],[100.540764,-0.666713],[100.487389,-0.577913],[100.500008,-0.534535]]],[[[99.263031,-1.718946],[99.280853,-1.628746],[99.258133,-1.590373],[99.22258,-1.605247],[99.193535,-1.554393],[99.192131,-1.505583],[99.159073,-1.492668],[99.162605,-1.427637],[99.095047,-1.360714],[99.069817,-1.264657],[99.029007,-1.183758],[99.003639,-1.159117],[98.997421,-1.109993],[98.930374,-1.056429],[98.901535,-0.943195],[98.905327,-0.907312],[98.786461,-0.954942],[98.715179,-0.94198],[98.65641,-0.979386],[98.64505,-1.10431],[98.597008,-1.222869],[98.628815,-1.283929],[98.686104,-1.357201],[98.798141,-1.519863],[98.831772,-1.58409],[98.81971,-1.61324],[98.872444,-1.675564],[99.009583,-1.762335],[99.104195,-1.809051],[99.170258,-1.775342],[99.241554,-1.791817],[99.263031,-1.718946]]],[[[100.432472,-3.000107],[100.354225,-2.895449],[100.261101,-2.820208],[100.23597,-2.778423],[100.17469,-2.801497],[100.200531,-2.933076],[100.186508,-2.986326],[100.228333,-3.045524],[100.296883,-3.080192],[100.332291,-3.129642],[100.325836,-3.212034],[100.342789,-3.24575],[100.421425,-3.310643],[100.475174,-3.334633],[100.389984,-3.197419],[100.394447,-3.149384],[100.468422,-3.144241],[100.465523,-3.033659],[100.432472,-3.000107]]],[[[99.995766,-2.749434],[100.015343,-2.805559],[100.11644,-2.831824],[100.221405,-2.740431],[100.168579,-2.640264],[100.070412,-2.575727],[99.994774,-2.498358],[99.970131,-2.509001],[100.004059,-2.723478],[99.995766,-2.749434]]],[[[99.822586,-2.306719],[99.783386,-2.28467],[99.710625,-2.154402],[99.689621,-2.074452],[99.618942,-2.025629],[99.565895,-2.036215],[99.545197,-2.067696],[99.571342,-2.143682],[99.52739,-2.152481],[99.598953,-2.281999],[99.673538,-2.286497],[99.74221,-2.344413],[99.793526,-2.368245],[99.833534,-2.360941],[99.822586,-2.306719]]]]},"properties":{"ID":26,"kode":13,"Propinsi":"SUMATERA BARAT","SUMBER":"Peta Dasar BAKOSURTANAL Skala 1 : 250.000"},"id":13},
{"type":"Feature","geometry":{"type":"Polygon","coordinates":[[[103.777597,-4.796539],[103.823976,-4.802083],[103.864089,-4.847539],[103.86399,-4.918034],[103.93436,-4.886683],[103.955718,-4.904517],[104.019723,-4.90522],[104.060074,-4.894125],[104.110733,-4.923104],[104.160093,-4.922752],[104.190925,-4.865033],[104.311096,-4.885782],[104.349944,-4.85207],[104.303461,-4.764368],[104.294205,-4.647204],[104.332608,-4.612251],[104.311634,-4.521019],[104.330181,-4.424722],[104.448685,-4.298732],[104.601004,-4.232642],[104.655515,-4.250796],[104.737687,-4.251162],[104.788078,-4.261929],[104.815692,-4.241028],[104.966435,-4.170873],[105.011985,-4.173651],[105.063462,-4.11991],[105.112688,-3.999992],[105.133827,-3.991517],[105.173737,-3.91232],[105.201302,-3.892022],[105.245973,-3.907812],[105.290791,-3.839618],[105.281975,-3.798395],[105.339727,-3.729057],[105.353288,-3.794026],[105.414685,-3.776846],[105.432106,-3.826865],[105.476404,-3.821803],[105.51181,-3.870661],[105.609012,-3.941194],[105.651817,-4.087366],[105.705254,-4.098131],[105.736504,-4.14257],[105.785599,-4.117105],[105.82164,-4.166204],[105.840332,-4.159925],[105.866005,-4.018025],[105.956879,-3.848718],[105.92809,-3.777244],[105.827038,-3.712559],[105.815506,-3.649148],[105.843343,-3.525817],[105.912909,-3.384527],[106.015045,-3.287257],[106.07856,-3.250618],[106.079933,-3.193721],[106.046761,-3.109661],[106.056297,-3.072323],[106.043472,-2.992686],[106.007011,-2.965389],[105.858688,-2.955325],[105.811295,-2.915317],[105.78997,-2.874425],[105.787621,-2.712982],[105.756975,-2.689149],[105.701469,-2.686577],[105.633308,-2.645045],[105.601795,-2.553382],[105.625537,-2.432843],[105.615726,-2.390048],[105.55791,-2.419285],[105.531751,-2.395946],[105.415565,-2.389337],[105.294975,-2.370025],[105.227684,-2.334802],[105.122139,-2.382225],[104.997681,-2.337891],[104.934425,-2.343508],[104.913132,-2.283812],[104.853081,-2.288282],[104.853889,-2.239455],[104.908005,-2.147511],[104.899483,-2.091442],[104.847588,-2.007696],[104.686527,-1.992045],[104.657544,-1.963975],[104.649983,-1.913998],[104.552302,-1.854772],[104.519772,-1.925953],[104.475063,-1.913292],[104.482233,-1.837572],[104.536062,-1.796749],[104.544899,-1.725683],[104.515165,-1.67627],[104.418398,-1.628021],[104.362201,-1.642867],[104.351075,-1.741535],[104.30012,-1.774048],[104.272829,-1.743732],[104.11097,-1.786794],[104.072833,-1.805048],[103.980489,-1.809214],[103.925284,-1.750187],[103.863641,-1.803907],[103.683861,-1.804445],[103.597851,-1.813841],[103.552617,-1.891252],[103.500085,-1.857687],[103.441719,-1.913766],[103.56171,-2.000056],[103.55055,-2.049371],[103.513543,-2.084383],[103.526903,-2.167123],[103.453247,-2.177541],[103.441574,-2.213186],[103.465737,-2.249964],[103.449943,-2.343645],[103.409337,-2.332503],[103.392789,-2.295459],[103.303619,-2.238668],[103.273361,-2.154748],[103.219055,-2.171653],[103.164581,-2.219417],[103.194719,-2.25453],[103.211938,-2.312515],[103.123599,-2.357747],[103.054261,-2.312252],[103.035798,-2.33815],[102.98499,-2.338936],[102.878348,-2.304883],[102.839739,-2.358138],[102.875275,-2.407647],[102.793521,-2.505252],[102.79447,-2.533695],[102.73603,-2.577646],[102.64112,-2.609328],[102.597958,-2.677392],[102.517768,-2.677439],[102.490935,-2.70477],[102.405707,-2.688557],[102.387126,-2.648317],[102.33295,-2.65582],[102.279852,-2.615552],[102.25,-2.631226],[102.23631,-2.687767],[102.125106,-2.729362],[102.066829,-2.766654],[102.12852,-2.834456],[102.132041,-2.87452],[102.223949,-2.929184],[102.247734,-3.027864],[102.322517,-3.068047],[102.389915,-3.044319],[102.441376,-3.057934],[102.485085,-3.1067],[102.491776,-3.244821],[102.512752,-3.274333],[102.596323,-3.333274],[102.640813,-3.349581],[102.686779,-3.317826],[102.742687,-3.315027],[102.773751,-3.280437],[102.816825,-3.333799],[102.881726,-3.345414],[102.888499,-3.375246],[102.989653,-3.370434],[102.998046,-3.466969],[102.981817,-3.526327],[102.952011,-3.531126],[102.921399,-3.593359],[102.847676,-3.536874],[102.813889,-3.534643],[102.809992,-3.608159],[102.7655,-3.644093],[102.735313,-3.702301],[102.728362,-3.75001],[102.655215,-3.772596],[102.63594,-3.812298],[102.686069,-3.858048],[102.746036,-3.892661],[102.79337,-3.954387],[102.886803,-3.989239],[102.914916,-3.97235],[102.956093,-4.012947],[103.128459,-4.025171],[103.155336,-4.110564],[103.185598,-4.163748],[103.200666,-4.247289],[103.307721,-4.256566],[103.329801,-4.292813],[103.453716,-4.3315],[103.468517,-4.348306],[103.428073,-4.40753],[103.405136,-4.499798],[103.476627,-4.564854],[103.521138,-4.57475],[103.590699,-4.52343],[103.630332,-4.554627],[103.638473,-4.598905],[103.693762,-4.652768],[103.704562,-4.697992],[103.762881,-4.7421],[103.777253,-4.79643],[103.777597,-4.796539]]]},"properties":{"ID":28,"kode":16,"Propinsi":"SUMATERA SELATAN","SUMBER":"Peta Dasar BAKOSURTANAL Skala 1 : 250.000"},"id":16},
{"type":"Feature","geometry":{"type":"Polygon","coordinates":[[[101.294159,-2.280203],[101.330421,-2.309457],[101.559204,-2.451228],[101.546486,-2.560535],[101.601181,-2.537571],[101.674995,-2.532605],[101.733284,-2.607907],[101.867928,-2.728184],[101.915871,-2.738421],[101.989708,-2.723145],[102.066829,-2.766654],[102.125106,-2.729362],[102.23631,-2.687767],[102.25,-2.631226],[102.279852,-2.615552],[102.33295,-2.65582],[102.387126,-2.648317],[102.405707,-2.688557],[102.490935,-2.70477],[102.517768,-2.677439],[102.597958,-2.677392],[102.64112,-2.609328],[102.73603,-2.577646],[102.79447,-2.533695],[102.793521,-2.505252],[102.875275,-2.407647],[102.839739,-2.358138],[102.878348,-2.304883],[102.98499,-2.338936],[103.035798,-2.33815],[103.054261,-2.312252],[103.123599,-2.357747],[103.211938,-2.312515],[103.194719,-2.25453],[103.164581,-2.219417],[103.219055,-2.171653],[103.273361,-2.154748],[103.303619,-2.238668],[103.392789,-2.295459],[103.409337,-2.332503],[103.449943,-2.343645],[103.465737,-2.249964],[103.441574,-2.213186],[103.453247,-2.177541],[103.526903,-2.167123],[103.513543,-2.084383],[103.55055,-2.049371],[103.56171,-2.000056],[103.441719,-1.913766],[103.500085,-1.857687],[103.552617,-1.891252],[103.597851,-1.813841],[103.683861,-1.804445],[103.863641,-1.803907],[103.925284,-1.750187],[103.980489,-1.809214],[104.072833,-1.805048],[104.11097,-1.786794],[104.272829,-1.743732],[104.30012,-1.774048],[104.351075,-1.741535],[104.362201,-1.642867],[104.418398,-1.628021],[104.515165,-1.67627],[104.465553,-1.596184],[104.444763,-1.469791],[104.46386,-1.401982],[104.46064,-1.336228],[104.40168,-1.230084],[104.413643,-1.130576],[104.369728,-1.022185],[104.336029,-1.043973],[104.264328,-1.046509],[104.209656,-1.071357],[104.127846,-1.049528],[104.05471,-1.011177],[103.921692,-0.98653],[103.870873,-1.000657],[103.748962,-0.987215],[103.714386,-0.95547],[103.669304,-0.952914],[103.588211,-0.875501],[103.549156,-0.858699],[103.544289,-0.81498],[103.489655,-0.798365],[103.482338,-0.771407],[103.342834,-0.785774],[103.126038,-0.746429],[103.008949,-0.755179],[102.90477,-0.894179],[102.808495,-0.96665],[102.780602,-1.023676],[102.687668,-1.078578],[102.638,-1.12041],[102.616814,-1.094634],[102.495422,-1.084733],[102.44252,-1.025452],[102.393372,-1.03016],[102.38623,-0.993385],[102.324387,-0.960805],[102.304298,-0.916958],[102.254326,-0.921539],[102.217072,-0.946344],[102.16272,-0.898907],[102.116615,-0.921174],[102.057976,-0.889922],[101.983551,-0.880408],[101.924278,-0.941475],[101.845284,-0.982566],[101.821533,-0.977189],[101.830315,-1.10193],[101.878525,-1.110225],[101.858885,-1.158166],[101.815407,-1.209807],[101.709229,-1.237597],[101.689585,-1.295043],[101.719172,-1.344921],[101.691318,-1.397239],[101.720899,-1.42113],[101.694035,-1.480637],[101.567154,-1.572305],[101.526581,-1.616804],[101.492464,-1.681019],[101.431198,-1.696775],[101.415512,-1.671203],[101.319626,-1.693206],[101.258324,-1.693337],[101.21579,-1.714355],[101.18763,-1.677177],[101.125816,-1.679094],[101.124443,-1.78474],[101.144699,-1.917723],[101.194092,-1.989151],[101.243668,-2.021798],[101.291611,-2.133106],[101.306076,-2.23891],[101.294159,-2.280203]],[[101.466292,-2.163241],[101.46859,-2.129224],[101.524849,-2.128504],[101.528671,-2.17382],[101.466292,-2.163241]]]},"properties":{"ID":29,"kode":15,"Propinsi":"JAMBI","SUMBER":"Peta Dasar BAKOSURTANAL Skala 1 : 250.000"},"id":15},
{"type":"Feature","geometry":{"type":"Polygon","coordinates":[[[103.777539,-4.79652],[103.71843,-4.802312],[103.663071,-4.858659],[103.603287,-4.89334],[103.598244,-4.922405],[103.65519,-4.954104],[103.715195,-4.967688],[103.770218,-5.028835],[103.835388,-5.065404],[103.864105,-5.110247],[103.908859,-5.127353],[103.933052,-5.170211],[103.905228,-5.207043],[103.996071,-5.26727],[103.998734,-5.32204],[104.119209,-5.456481],[104.166809,-5.476431],[104.297874,-5.573801],[104.318222,-5.60884],[104.29969,-5.641016],[104.412384,-5.706299],[104.45295,-5.764961],[104.561798,-5.865867],[104.592552,-5.937325],[104.721489,-5.934022],[104.695053,-5.875686],[104.709442,-5.845267],[104.646019,-5.748027],[104.639206,-5.688042],[104.570694,-5.609401],[104.529739,-5.541902],[104.595329,-5.497139],[104.709152,-5.522681],[104.775848,-5.605471],[104.824852,-5.621506],[104.927589,-5.696409],[104.986458,-5.715514],[105.148201,-5.810163],[105.185173,-5.804526],[105.157707,-5.747686],[105.194298,-5.706558],[105.178093,-5.668644],[105.205086,-5.576796],[105.24472,-5.589002],[105.265236,-5.517141],[105.250793,-5.471121],[105.292465,-5.446177],[105.368057,-5.549149],[105.407997,-5.623131],[105.552834,-5.69501],[105.587814,-5.742107],[105.581818,-5.802879],[105.603989,-5.830646],[105.710793,-5.856688],[105.774124,-5.837541],[105.791489,-5.787411],[105.789368,-5.721141],[105.809662,-5.68149],[105.821823,-5.593658],[105.819687,-5.336089],[105.863403,-5.259794],[105.855354,-5.079322],[105.86618,-4.98373],[105.903664,-4.938873],[105.870087,-4.876098],[105.859253,-4.776061],[105.879227,-4.69676],[105.912933,-4.647402],[105.884163,-4.593911],[105.903992,-4.543446],[105.898064,-4.465971],[105.858208,-4.376366],[105.817635,-4.316465],[105.82164,-4.166204],[105.785599,-4.117105],[105.736504,-4.14257],[105.705254,-4.098131],[105.651817,-4.087366],[105.609012,-3.941194],[105.51181,-3.870661],[105.476404,-3.821803],[105.432106,-3.826865],[105.414685,-3.776846],[105.353288,-3.794026],[105.339727,-3.729057],[105.281975,-3.798395],[105.290791,-3.839618],[105.245973,-3.907812],[105.201302,-3.892022],[105.173737,-3.91232],[105.133827,-3.991517],[105.112688,-3.999992],[105.063462,-4.11991],[105.011985,-4.173651],[104.966435,-4.170873],[104.815692,-4.241028],[104.788078,-4.261929],[104.737687,-4.251162],[104.655515,-4.250796],[104.601004,-4.232642],[104.448685,-4.298732],[104.330181,-4.424722],[104.311634,-4.521019],[104.332608,-4.612251],[104.294205,-4.647204],[104.303461,-4.764368],[104.349944,-4.85207],[104.311096,-4.885782],[104.190925,-4.865033],[104.160093,-4.922752],[104.110733,-4.923104],[104.060074,-4.894125],[104.019723,-4.90522],[103.955718,-4.904517],[103.93436,-4.886683],[103.86399,-4.918034],[103.864089,-4.847539],[103.823976,-4.802083],[103.777597,-4.796539],[103.777539,-4.79652]]]},"properties":{"ID":30,"kode":18,"Propinsi":"LAMPUNG","SUMBER":"Peta Dasar BAKOSURTANAL Skala 1 : 250.000"},"id":18},
{"type":"Feature","geometry":{"type":"MultiPolygon","coordinates":[[[[103.777253,-4.79643],[103.762881,-4.7421],[103.704562,-4.697992],[103.693762,-4.652768],[103.638473,-4.598905],[103.630332,-4.554627],[103.590699,-4.52343],[103.521138,-4.57475],[103.476627,-4.564854],[103.405136,-4.499798],[103.428073,-4.40753],[103.468517,-4.348306],[103.453716,-4.3315],[103.329801,-4.292813],[103.307721,-4.256566],[103.200666,-4.247289],[103.185598,-4.163748],[103.155336,-4.110564],[103.128459,-4.025171],[102.956093,-4.012947],[102.914916,-3.97235],[102.886803,-3.989239],[102.79337,-3.954387],[102.746036,-3.892661],[102.686069,-3.858048],[102.63594,-3.812298],[102.655215,-3.772596],[102.728362,-3.75001],[102.735313,-3.702301],[102.7655,-3.644093],[102.809992,-3.608159],[102.813889,-3.534643],[102.847676,-3.536874],[102.921399,-3.593359],[102.952011,-3.531126],[102.981817,-3.526327],[102.998046,-3.466969],[102.989653,-3.370434],[102.888499,-3.375246],[102.881726,-3.345414],[102.816825,-3.333799],[102.773751,-3.280437],[102.742687,-3.315027],[102.686779,-3.317826],[102.640813,-3.349581],[102.596323,-3.333274],[102.512752,-3.274333],[102.491776,-3.244821],[102.485085,-3.1067],[102.441376,-3.057934],[102.389915,-3.044319],[102.322517,-3.068047],[102.247734,-3.027864],[102.223949,-2.929184],[102.132041,-2.87452],[102.12852,-2.834456],[102.066829,-2.766654],[101.989708,-2.723145],[101.915871,-2.738421],[101.867928,-2.728184],[101.733284,-2.607907],[101.674995,-2.532605],[101.601181,-2.537571],[101.546486,-2.560535],[101.559204,-2.451228],[101.330421,-2.309457],[101.294159,-2.280203],[101.244644,-2.344946],[101.155373,-2.390157],[101.027755,-2.482182],[101.154854,-2.639229],[101.292618,-2.709787],[101.325256,-2.739109],[101.405663,-2.925677],[101.48774,-3.022807],[101.523598,-3.11352],[101.620651,-3.239907],[101.799576,-3.372551],[101.899567,-3.425596],[101.933876,-3.477239],[102.087273,-3.550713],[102.214775,-3.653597],[102.265976,-3.764632],[102.254799,-3.797299],[102.300446,-3.841087],[102.307587,-3.900745],[102.277046,-3.951083],[102.347687,-4.018148],[102.692581,-4.272606],[102.792618,-4.35461],[102.883217,-4.442],[102.900131,-4.49004],[103.040985,-4.538898],[103.113358,-4.578361],[103.244278,-4.672636],[103.277702,-4.704457],[103.309036,-4.781792],[103.401039,-4.816718],[103.429695,-4.87312],[103.500389,-4.875894],[103.535866,-4.914454],[103.598244,-4.922405],[103.603287,-4.89334],[103.663071,-4.858659],[103.71843,-4.802312],[103.777539,-4.79652],[103.777253,-4.79643]]],[[[102.156013,-5.285942],[102.104958,-5.351578],[102.215576,-5.409292],[102.273949,-5.497576],[102.294418,-5.47437],[102.370514,-5.503264],[102.400116,-5.390039],[102.169739,-5.277181],[102.156013,-5.285942]]]]},"properties":{"ID":31,"kode":17,"Propinsi":"BENGKULU","SUMBER":"Peta Dasar BAKOSURTANAL Skala 1 : 250.000"},"id":17},
{"type":"Feature","geometry":{"type":"MultiPolygon","coordinates":[[[[98.25574,4.290953],[98.283165,4.34913],[98.286339,4.41748],[98.169907,4.50053],[98.088074,4.522916],[97.994522,4.527931],[97.970482,4.559347],[98.012398,4.615899],[97.959435,4.672001],[97.960312,4.727588],[97.900314,4.886347],[97.822609,4.919947],[97.647247,5.083181],[97.577263,5.168141],[97.553452,5.213005],[97.494469,5.248788],[97.428207,5.221479],[97.192665,5.1418],[97.156075,5.147558],[97.143356,5.20007],[97.010216,5.258295],[96.911911,5.249453],[96.824829,5.271552],[96.717148,5.242064],[96.635086,5.209005],[96.537407,5.195907],[96.460292,5.234842],[96.392037,5.209993],[96.264411,5.260112],[96.186943,5.260334],[96.085419,5.287781],[96.05159,5.325978],[95.945007,5.401387],[95.904404,5.441279],[95.890839,5.499509],[95.74082,5.572229],[95.684627,5.585057],[95.606527,5.628805],[95.487781,5.613286],[95.440803,5.657204],[95.359057,5.597326],[95.325329,5.593556],[95.267699,5.550661],[95.236732,5.557039],[95.195138,5.528332],[95.243118,5.460232],[95.251068,5.368226],[95.213608,5.311016],[95.268826,5.198396],[95.308858,5.162571],[95.300005,5.116235],[95.380723,4.964445],[95.423939,4.817422],[95.492639,4.750018],[95.503654,4.70863],[95.550133,4.654496],[95.594887,4.626799],[95.730766,4.513642],[95.804428,4.431233],[95.882767,4.362245],[96.014725,4.214571],[96.054756,4.206528],[96.124184,4.13581],[96.143906,4.141568],[96.208038,4.088209],[96.287979,3.992574],[96.358871,3.885816],[96.416214,3.818041],[96.527695,3.732057],[96.669891,3.745795],[96.768112,3.739015],[96.863861,3.693694],[96.904762,3.60113],[97.001579,3.545805],[97.084641,3.394672],[97.124481,3.346619],[97.169327,3.256543],[97.193413,3.258642],[97.265831,3.209728],[97.31015,3.068522],[97.391426,2.965523],[97.446991,2.924328],[97.491165,2.921352],[97.540428,2.885374],[97.58123,2.890189],[97.614929,2.833094],[97.650513,2.668232],[97.660049,2.402731],[97.786621,2.235493],[97.807373,2.267888],[97.847656,2.247731],[97.949188,2.268416],[98.100174,2.193217],[98.153148,2.146027],[98.18766,2.319383],[98.155571,2.413039],[98.112091,2.424448],[98.109344,2.47093],[98.083992,2.50935],[98.075233,2.57553],[98.085129,2.63422],[98.12426,2.655123],[98.086838,2.7349],[98.088196,2.821929],[98.042084,2.828039],[98.006783,2.889557],[97.954605,2.900333],[97.958275,2.961847],[97.939224,3.071936],[97.983467,3.083911],[97.978615,3.127329],[97.942329,3.164997],[97.925278,3.226437],[97.872261,3.249049],[97.984924,3.275573],[98.029823,3.329871],[98.003082,3.369784],[97.949715,3.391531],[97.906899,3.553616],[97.869896,3.57131],[97.843933,3.660525],[97.803185,3.731739],[97.908562,3.820508],[97.89991,3.89141],[97.944946,3.89686],[97.95816,3.928891],[98.023132,3.969775],[98.059311,4.190727],[98.090927,4.19672],[98.145401,4.287369],[98.25574,4.290953]]],[[[96.000046,2.587204],[96.068642,2.567691],[96.123451,2.517214],[96.209869,2.463408],[96.221466,2.440987],[96.300812,2.422866],[96.308983,2.357318],[96.379951,2.350147],[96.424072,2.32803],[96.490204,2.362194],[96.462692,2.455348],[96.424355,2.488191],[96.36515,2.485914],[96.335121,2.548106],[96.245384,2.584614],[96.197578,2.642474],[96.170616,2.62701],[96.093048,2.651589],[96.10466,2.737498],[95.998611,2.782477],[95.866943,2.850055],[95.903023,2.889753],[95.804932,2.927299],[95.77079,2.901087],[95.762878,2.857512],[95.718544,2.821893],[95.690453,2.772583],[95.745186,2.73048],[95.757629,2.694828],[95.813866,2.644832],[95.862289,2.637353],[95.885063,2.602638],[95.937935,2.571712],[96.000046,2.587204]]],[[[97.293701,2.079459],[97.329483,2.118278],[97.336807,2.15933],[97.271385,2.222774],[97.215462,2.202798],[97.162033,2.235634],[97.133141,2.200681],[97.256218,2.133173],[97.293701,2.079459]]],[[[95.32904,5.771702],[95.375166,5.846886],[95.32245,5.877151],[95.287225,5.841259],[95.286805,5.779638],[95.32904,5.771702]]],[[[97.111031,2.111826],[97.069054,2.070064],[97.104469,2.014735],[97.153557,2.066705],[97.111031,2.111826]]],[[[96.629654,2.119773],[96.607002,2.083901],[96.639084,2.057627],[96.679573,2.087339],[96.629654,2.119773]]]]},"properties":{"ID":32,"kode":11,"Propinsi":"DI. ACEH","SUMBER":"Peta Dasar BAKOSURTANAL Skala 1 : 250.000"},"id":11},
{"type":"Feature","geometry":{"type":"MultiPolygon","coordinates":[[[[110.1698084443043,-2.8529116617437467],[110.14665837228614,-2.8986491647271464],[110.17199421596035,-2.9149818962974337],[110.20170740717117,-2.883666436956446],[110.1698084443043,-2.8529116617437467]]],[[[110.11308256590775,-2.6749835594436604],[110.07560741065356,-2.701345056529078],[110.06685466081399,-2.7308944416251393],[110.0824536238357,-2.7612889178492424],[110.1217303288916,-2.7485678636159605],[110.11308256590775,-2.6749835594436604]]],[[[108.89750667559264,-1.5347558307169606],[108.87262335098694,-1.5683958864609622],[108.79931447318444,-1.5718543418043964],[108.82906220285844,-1.607981641739343],[108.83064475425209,-1.6655413382621305],[108.85768795273691,-1.6770540714881577],[108.92197287934499,-1.6591746417962554],[108.95751544368284,-1.639416529249388],[108.98264949567772,-1.6008401694382428],[108.93713154688345,-1.5505602024912832],[108.89750667559264,-1.5347558307169606]]],[[[109.26090863102854,-1.1825831988554683],[109.22700150721386,-1.200931429841546],[109.23263982027157,-1.2439281337763077],[109.27091419493422,-1.2089877797621966],[109.26090863102854,-1.1825831988554683]]],[[[109.49809184616186,-0.9790335733407005],[109.45089392151732,-1.031205595162021],[109.45044644404823,-1.0927715375763682],[109.42490284618947,-1.20563086777031],[109.40210319500653,-1.247097130628049],[109.40531393209233,-1.2798595119069205],[109.47175799963202,-1.3071947589309048],[109.50358639359723,-1.307665746476971],[109.5422228011414,-1.2726505895529954],[109.65288062064417,-1.220439939151845],[109.6894515543458,-1.192919503732071],[109.77999977297122,-1.1447058568897432],[109.75585735573242,-1.0150607247725816],[109.71767830111276,-0.9892950051603293],[109.68570468192559,-1.0191685293041246],[109.64229225018727,-1.0116573636963153],[109.63772858380713,-0.9869549629011658],[109.59956879086707,-0.9814729709008247],[109.55233027981865,-1.0032976985299342],[109.49809184616186,-0.9790335733407005]]],[[[109.6571311260007,-0.6997473429654519],[109.60279172365915,-0.704509805383168],[109.60864378578214,-0.7301604423504955],[109.6642336153891,-0.7240149782086291],[109.6571311260007,-0.6997473429654519]]],[[[109.25225834094971,-0.6617833989846531],[109.24125372467972,-0.6935403562024476],[109.23686494316263,-0.7952608984716676],[109.25607530832889,-0.8528049764684624],[109.32566415577622,-0.9172558019136545],[109.40599808864096,-0.9325733778590575],[109.43231133709861,-0.896104444364596],[109.43956932826194,-0.8581599886924778],[109.55716488764949,-0.8879473487910445],[109.59364403384512,-0.9088105203891814],[109.62227307973887,-0.9784504034632846],[109.68338367291824,-1.0139399554645365],[109.72147274407195,-0.9735657366693431],[109.71967399475909,-0.9189290859085304],[109.74389219426939,-0.901343020463969],[109.71776446066139,-0.8723095575400066],[109.71247556839285,-0.8339453891683206],[109.67610230837488,-0.8321144684079513],[109.53474699957445,-0.73841699934502],[109.46640829430737,-0.7549303723387766],[109.39104377764829,-0.7069521886925259],[109.3560763648324,-0.7144045071622145],[109.30640619758799,-0.7023711006457347],[109.25225834094971,-0.6617833989846531]]],[[[109.48295633886403,-0.6284685398911734],[109.50344219540108,-0.6948795213727408],[109.54671687798157,-0.7031294746454932],[109.58093535068593,-0.679439478449126],[109.48295633886403,-0.6284685398911734]]],[[[109.36401040875342,-0.6174014036517974],[109.35116215980588,-0.63558073116576],[109.4047805963475,-0.6722647456214759],[109.44930301452257,-0.6601658918423823],[109.36401040875342,-0.6174014036517974]]],[[[109.12715201435407,-0.20221439118114404],[109.05597610721162,-0.22744881650965],[109.06097746014171,-0.2800068363463879],[109.11698666700113,-0.25740148189282763],[109.15856364000007,-0.2109009356296383],[109.12715201435407,-0.20221439118114404]]],[[[109.17795838417214,-0.11744500828046966],[109.14148546398303,-0.0765819288129137],[109.12397387679306,-0.1159154062709149],[109.14366025311824,-0.1604112090100216],[109.17627888855992,-0.19448412374327972],[109.18653913057648,-0.13777174417060678],[109.17795838417214,-0.11744500828046966]]],[[[114.20538782878532,1.4103666938678998],[114.14253920851775,1.4661263064838863],[114.07786455530504,1.4659080032517977],[114.04679191111791,1.452547819726135],[113.97469429510568,1.4497532565076199],[113.86750184493428,1.387383548611922],[113.81469639552233,1.3662670325975341],[113.82945347979432,1.334397561198557],[113.8036994315836,1.300375142498865],[113.75561446423615,1.2767026767871243],[113.70327065211893,1.2654556743399326],[113.66460019714145,1.2243402208245584],[113.63255931855781,1.2192509690570432],[113.62516653970408,1.2531504720167277],[113.59725884452007,1.2627932736907042],[113.5746625057701,1.3063253665225147],[113.53766127434835,1.3226385648179644],[113.4275815318623,1.2861182458603935],[113.39603553221411,1.3189375074600207],[113.36976537297369,1.3236420436454637],[113.3558837463379,1.35703258698436],[113.24107187107006,1.392587439658655],[113.18308682489715,1.377035821446043],[113.13337037404358,1.401659113377434],[113.09707364183521,1.4432343165105408],[113.01500574951581,1.4052471736181928],[112.9810907053718,1.4081015831216064],[112.98589586580158,1.4522663607040158],[113.03174462301604,1.491441793104343],[113.06388995066072,1.552588844799402],[112.989598027527,1.5789979771749358],[112.93337282509583,1.567360995413651],[112.88449010333568,1.586636229578403],[112.81203811306852,1.5404879360694395],[112.77457699623142,1.5637564748814725],[112.73484332855685,1.5674728485931269],[112.67690989987204,1.5545601524291328],[112.65773497968564,1.5713798363104274],[112.543796199535,1.5739225848594742],[112.50102712929868,1.583720282165359],[112.44476832369924,1.5393387553793332],[112.35204266113999,1.5037363807294355],[112.32927896215449,1.5083892076958136],[112.28761001459054,1.473520119557918],[112.21223019956415,1.44950618845985],[112.2118058319736,1.405908779666504],[112.23232133106467,1.379186160712777],[112.20239287183358,1.3141777124315581],[112.1811736370538,1.3062303387591783],[112.16473965890816,1.2098697441933837],[112.14894545127163,1.1853755094722374],[112.14295094193244,1.1350264413172795],[112.05680209074399,1.135746661579219],[111.93533814523926,1.1221497333235675],[111.92569703069347,1.0925067818625394],[111.88692001414739,1.0786730225419774],[111.85942893709586,1.0039169314213154],[111.81802296928464,0.9863245896081594],[111.77189303723395,1.0162469721201433],[111.71742338967778,1.0067706151717744],[111.6675769436211,1.0431767553030795],[111.5961549127191,1.0091429197100297],[111.55095458558571,0.9564692623466158],[111.52093482987857,0.9583450700689582],[111.51537079632527,1.0020068676228675],[111.48866389931953,1.0352760132774392],[111.44516136360613,1.0140607157294994],[111.38509354692968,1.0150170988600848],[111.34926393518253,1.0402717274582756],[111.30949217402468,1.0466493273046353],[111.23154362184073,1.0861536894412893],[111.19690015112116,1.0645410381384295],[111.1383178211106,1.050467716511946],[111.06932824590189,1.0494408984787356],[110.99793805639626,1.0293417854950349],[110.90689394709801,1.029224615523617],[110.885620573131,0.9781064003901179],[110.80621915988638,0.9380251825161849],[110.8100206202555,0.8999292792129268],[110.76179893707138,0.9234084734223416],[110.75564817951994,0.8992827754797759],[110.71630358464279,0.9060762074510649],[110.6976366636012,0.8841679112201746],[110.63510438525924,0.8758325880035613],[110.59559208930352,0.8577452170681568],[110.49048239074978,0.8766942752207001],[110.44446574359927,0.9094999651513263],[110.44073597898233,0.9381928692055794],[110.40544202772747,0.9530323574574027],[110.39644546358733,0.9976922747787285],[110.36261752238079,0.9851201257932303],[110.34379257876458,1.0063336975421748],[110.29839613377459,0.9955984462113747],[110.2793117366474,1.0522974456706038],[110.21046077214697,1.1185711366487112],[110.21270520298282,1.1507894226937765],[110.16513192829592,1.196073971336773],[110.09722857493887,1.1990372626596013],[110.06401369077929,1.262999714864975],[110.01494981768002,1.291565034798566],[109.97969215496903,1.299181893229843],[109.96348818113472,1.4028260763623734],[109.93031403266656,1.425038367726529],[109.89687604829106,1.4153051733950974],[109.83761208073298,1.421791304325268],[109.83823743960619,1.475719648143297],[109.80126270760792,1.4695278815065649],[109.78061958752403,1.5088191268013134],[109.66199466502184,1.6174194836223137],[109.66769830303434,1.7331379465590544],[109.6854850575894,1.7821385037889854],[109.6228215555704,1.8032839348057905],[109.58632842311829,1.7918995537214641],[109.57576463652879,1.8438050056964812],[109.55157294453585,1.8590830978067743],[109.54008167183173,1.9264616778642107],[109.56024416903324,1.9712199450444814],[109.62042034412366,1.9831146338333383],[109.63820808073842,2.0277108710599236],[109.62547393957072,2.0649757630210956],[109.59265999836032,1.9964535016278546],[109.45643437754455,1.9766255054627777],[109.43501850240204,1.9527831910914415],[109.33757075698492,1.943304569650195],[109.32319783880928,1.9212626494517622],[109.34055513021514,1.8837996197567008],[109.33514663980566,1.8287683635691678],[109.2912431800288,1.781325357479318],[109.28051678432217,1.7201643617959235],[109.25160613731344,1.6596945283798163],[109.20398288909911,1.622973131804656],[109.11860978591295,1.5792830784513399],[109.06029112993178,1.5260460767650557],[109.04148880066765,1.4850006282763957],[109.03570955755009,1.3298283253170098],[108.98724372371896,1.2714301054151065],[108.95983458839561,1.2047382000079665],[108.97110731954723,1.1766850520735375],[108.90303581275259,1.1627692314149272],[108.93109597090239,1.0993921074598347],[108.96676658700846,1.0444720587385632],[108.97851521420586,0.9809411830891577],[108.94889686459868,0.899347406157915],[108.89865681406076,0.865913034359096],[108.84063381829611,0.8146871559874853],[108.88448869579673,0.7552149881811943],[108.87500579987784,0.7084738813645686],[108.91125329600288,0.6723174946566814],[108.92859657507194,0.6238890843138165],[108.9267572645362,0.5620852154603995],[108.9072861481373,0.5053237131189121],[108.9121038963778,0.47241286905870084],[108.94616529709083,0.4238185490868318],[108.94401314029426,0.3822045375094376],[108.91335353403844,0.33959835517998727],[108.9222823198732,0.32455862388144396],[109.0069490226793,0.30139765927458484],[109.08659768203745,0.25095438443736384],[109.1158635522612,0.2157070036753339],[109.13287316666339,0.14122384330579507],[109.1758708976239,0.07421247352687033],[109.24760947279901,0.02664251643903981],[109.22178760671272,0.01726416311066714],[109.1704410123429,0.033679019870930915],[109.16013215027857,-0.04612924576804289],[109.18795802064619,-0.0917639166713684],[109.18138454665956,-0.1943727094329688],[109.19847101082854,-0.22064116625676888],[109.13031265830261,-0.24119776976124285],[109.08971142813994,-0.273541266616121],[109.11431975535248,-0.3427876153561442],[109.09757479614001,-0.36193853623439054],[109.11619900208234,-0.4362637234920044],[109.11433985430091,-0.5042460822908197],[109.14999132024332,-0.5690828553894107],[109.20174242607214,-0.5516191867760085],[109.22868014127556,-0.5908445378451006],[109.2590579998269,-0.5992729993494095],[109.37415375329311,-0.5846175249787393],[109.41837755158281,-0.6313176541863186],[109.494961260254,-0.6244057967900289],[109.54591231929817,-0.6515850474119702],[109.58615170363828,-0.6527178424544218],[109.59596728396303,-0.6936104673491172],[109.64639704558726,-0.6836320503787761],[109.68882303075833,-0.7120552585432733],[109.66157901366063,-0.7509367529287374],[109.63319421104404,-0.7510236346329862],[109.63543436470422,-0.7955836948315778],[109.67840447478676,-0.8290835165909698],[109.71322582601113,-0.8293056626261546],[109.72702026877045,-0.8705014525799015],[109.75797251621873,-0.9036226057985459],[109.72721059409372,-0.9217746514789269],[109.73222389721514,-0.9876025889882385],[109.76834742629273,-1.0017814541507164],[109.76761639617979,-1.032930382431175],[109.80010352915463,-1.0463210925443605],[109.82003266937227,-1.084148180394152],[109.86138210130298,-1.0926937983800258],[109.93969781790003,-1.1236674622834926],[109.91714081819424,-1.2207840539408608],[109.94842472482128,-1.2433706908046815],[109.96169980460235,-1.2769773385332996],[109.9934607395216,-1.2740921038674742],[110.04780191802416,-1.3226283204405718],[110.07168466231735,-1.3775668924980664],[110.06330091330659,-1.4590395226558144],[110.0358478991613,-1.5228469299418066],[110.04129780514967,-1.5836757790139586],[110.03311539815718,-1.6636400842224361],[110.0166779666149,-1.7003868488739045],[109.95794997161397,-1.7623176894097696],[109.91416661629637,-1.7731731081523776],[109.90183275437818,-1.8308161115742223],[109.9236476533166,-1.8571067762566713],[110.07507067007543,-1.9394013265099375],[110.10367449628103,-1.9908137692399919],[110.11962733713199,-2.090578448836311],[110.10889621998462,-2.1557866797114684],[110.08957063367785,-2.1795862735876312],[110.08635590899809,-2.2418545937144927],[110.11395518258564,-2.2625784837100014],[110.14447409979994,-2.3233372324272636],[110.14851680240855,-2.429092021879285],[110.17991573682184,-2.454226166504327],[110.19738684192924,-2.524339792647254],[110.18989369064138,-2.571863110893787],[110.16263767119165,-2.601882723608753],[110.1591333000618,-2.6311325526251608],[110.2166980426806,-2.6533580937010015],[110.23210383132681,-2.718718651744325],[110.25614946532562,-2.758759076370211],[110.26281741579118,-2.814924751775834],[110.22410239401034,-2.8872391313807384],[110.2572750523019,-2.955847338284002],[110.3034491266759,-2.9944567104088264],[110.35174742760177,-2.946615266880997],[110.42514776375833,-2.8932686666155973],[110.48835466133863,-2.8607740701671673],[110.56357089777879,-2.8388852856273843],[110.61612869458367,-2.874486772646378],[110.63352534391953,-2.9259347574830485],[110.63518407958168,-2.9924577944915995],[110.62672071538879,-3.0291855492736204],[110.64963074216507,-3.039549807777348],[110.72641704561022,-3.0017345666968254],[110.73447882204005,-2.9882708352308214],[110.75517328621822,-2.942372122475433],[110.79969480866856,-2.9070457812377413],[110.88856497419425,-2.8715180422238404],[110.96664269240637,-2.8578475134519294],[111.00686539791985,-2.8004546483632566],[111.10152467392464,-2.767778656859491],[111.14637282114882,-2.741369858132373],[111.16931709231,-2.7062645324821233],[111.16380689037572,-2.671698918770062],[111.11857604384943,-2.6526453297181547],[111.13629911920907,-2.61128377942282],[111.10546109015723,-2.484213107748701],[111.10498044479175,-2.4333453025436143],[111.06958388538806,-2.29957650994794],[111.03189085767701,-2.2410564202175465],[111.06300352169524,-2.202901353214827],[111.0787810981692,-2.1611959930006037],[111.05731572254263,-2.0717972131707825],[111.09001131027384,-2.0162046730072234],[111.01798996936168,-1.956085626450431],[110.98458637506121,-1.9557795287022373],[110.99355486596437,-1.8972944100089535],[110.97462858853856,-1.878446858335792],[110.98296716280436,-1.8235993048639898],[111.00753395213025,-1.7963084357856474],[111.01614834037366,-1.744279995225554],[111.00327986567333,-1.6967814137312303],[110.97449408863133,-1.6691206085292265],[110.94292449976592,-1.7103799571692662],[110.90060424788777,-1.7130919689191728],[110.88245400085151,-1.6794259974117836],[110.85514831454316,-1.6738330128831649],[110.85889900008885,-1.6304969992370957],[110.91352081203593,-1.5846040259550023],[110.9519271846919,-1.579167962331553],[110.97866512809327,-1.5395948551184233],[111.0168779342693,-1.5625089657161197],[111.03562543636485,-1.5404940341722977],[111.07476807138943,-1.5592573706310873],[111.11867348269516,-1.5527542191318844],[111.11914505030387,-1.5127599117404884],[111.13837627254702,-1.451035206609447],[111.15726538099261,-1.4342910145186352],[111.19648101128968,-1.4379636847762072],[111.25962713898133,-1.4162588214873608],[111.32459805855365,-1.3651841749097002],[111.3320895532903,-1.3342994107891286],[111.3931387506529,-1.3277580812703604],[111.38900164980635,-1.2710486865476014],[111.42740388737957,-1.2539442916956318],[111.47079289267793,-1.2132016683223128],[111.51660577413725,-1.2221351522154578],[111.55033359561901,-1.2086413968829106],[111.568018450691,-1.1813690223624462],[111.55669094363219,-1.1456730768509829],[111.56827144886836,-1.1096268166242567],[111.61939104086389,-1.070966792883155],[111.6220420039354,-0.9990841732958984],[111.64343677019087,-0.9699437584976067],[111.70088920187521,-0.9532301163767443],[111.74982367422325,-0.912642485762035],[111.82530894375282,-0.9114859054501494],[111.8846641331433,-0.859547422275682],[111.91508806216439,-0.8434812776388299],[111.92547551238505,-0.791747516134933],[112.01322745638208,-0.7946546555878626],[112.04154753029434,-0.7516267496746991],[112.10850232012604,-0.7015380109704097],[112.14630962379022,-0.7303733028855959],[112.17514214129687,-0.7257830975119077],[112.17771325716114,-0.6427337138897542],[112.23137978674777,-0.6154532607593524],[112.27372362064864,-0.646700903124156],[112.3101588799284,-0.7204847749523537],[112.40464142206406,-0.7033779402397045],[112.43143639507366,-0.6713648668950327],[112.46363305062482,-0.6728678678577467],[112.4976365637765,-0.6982751887489371],[112.56797803585778,-0.6961957592268391],[112.64656001023639,-0.6578454440119685],[112.68697738210051,-0.6574357011966185],[112.74526516795322,-0.5724051722608579],[112.78746488189881,-0.5849300771612889],[112.92118202822803,-0.5211662015589127],[112.97760669039656,-0.5108283399558786],[113.02663773014717,-0.47562395218358233],[113.06255503298848,-0.5094070001329101],[113.1332037980169,-0.45407030899752954],[113.177723451676,-0.468766254658874],[113.21065463390426,-0.5062690604686964],[113.2464920436729,-0.4501844418584824],[113.26422615281479,-0.44191157116205204],[113.26231431465396,-0.3916585326151676],[113.20861038316275,-0.3449153555591806],[113.23541245452122,-0.29567593569584005],[113.27465847740689,-0.2706754968766063],[113.29174065001109,-0.24179568132558416],[113.35445423437545,-0.22185275899755652],[113.41407784531634,-0.15927261873633825],[113.42058556806955,-0.05417220478335594],[113.43827039796054,0.01904372898496831],[113.41255169940143,0.04414342957568351],[113.42036421073976,0.11402339926053173],[113.40589125287909,0.13858021780288254],[113.32508834605039,0.17974429046665819],[113.27314743110912,0.2427239527482925],[113.32313523080632,0.2729870847861662],[113.35679611934552,0.27815116914121063],[113.43796522471541,0.2654058251187621],[113.51375562881924,0.320514673013804],[113.51544170477086,0.3337109452040181],[113.57474500417868,0.3818465102083337],[113.58845501768496,0.4059597021785635],[113.65720346756609,0.4385018430856462],[113.66863993558457,0.4903102591111974],[113.72107761983636,0.5360473924732219],[113.7723996833987,0.5637071877365543],[113.81630684118784,0.647090506721554],[113.84323861097323,0.6656452661162007],[113.84168221186462,0.702718638454428],[113.89486671202917,0.7385810152017598],[113.87395538982946,0.7797888452790289],[113.9263923321405,0.8403579980232507],[113.87119985988568,0.8886867041281334],[113.87216629024215,0.9167375210198543],[113.91188690605588,0.9679100749900158],[113.91572475659234,1.0029986948339342],[113.89336127300442,1.019242624647461],[113.90265380672781,1.0586908403100779],[113.9482388206651,1.0612406296513655],[113.96281893454625,1.11006139082059],[113.9887679755617,1.1265689514959831],[114.07846659655627,1.105617657129244],[114.22046554025258,1.160452624589027],[114.19775666483827,1.1959531654063085],[114.2078015300167,1.2361225546122796],[114.18700366089035,1.2688401154790085],[114.20901272076048,1.3088389104873954],[114.20299125334373,1.349370617659929],[114.16907164783834,1.369966057487602],[114.20538782878532,1.4103666938678998]]]]},"properties":{"ID":12,"kode":61,"Propinsi":"KALIMANTAN BARAT","SUMBER":"Batas Provinsi Desember 2019 Dukcapil (Skala tidak diketahui)"},"id":61},
{"type":"Feature","geometry":{"type":"Polygon","coordinates":[[[115.75398994737827,-1.3150423402317415],[115.75463009290456,-1.2829590154461812],[115.78364466377025,-1.2130490012103792],[115.84696093779712,-1.1572596597054599],[115.79212553596483,-1.1156163005517783],[115.758697561943,-1.1360727078891273],[115.74110959802954,-1.0934428823830444],[115.65524246666655,-1.0520492622636084],[115.64891725592668,-0.9896177619501145],[115.58238135321699,-0.947523255194028],[115.53359902997136,-0.8830725511572837],[115.49765697239138,-0.8499946724161305],[115.39253159595648,-0.8222751486791253],[115.36704945596773,-0.7494720154211336],[115.36849902910694,-0.7031820957770378],[115.35156941929336,-0.5798368216119911],[115.31686391873495,-0.5465224823266226],[115.30253163102998,-0.5016796599882696],[115.25309754211798,-0.45188281154247534],[115.25232974951837,-0.4099125838985742],[115.23403149925434,-0.37084343877364745],[115.23285580565096,-0.2947650708512697],[115.25013871682836,-0.25753504380719505],[115.2387173340378,-0.23291629974738726],[115.26868370329032,-0.18969211320040813],[115.2601316488566,-0.15899691177799014],[115.3151849501254,-0.1007616238497917],[115.30978730733841,-0.05993801472754967],[115.26239580452284,-0.046852824997813514],[115.22524194466007,-0.07339749240031779],[115.18251707070635,-0.08256981374586303],[115.11901672164447,-0.14720155131050205],[115.08123719534035,-0.15319693658932465],[115.0447915902597,-0.18981582394104635],[114.97929327496468,-0.17845927057879862],[114.94773810852689,-0.19044012161430146],[114.91700659967489,-0.13320046413008413],[114.92455121376759,-0.09955558352334037],[114.89346695483619,-0.02756507586752832],[114.89469522100774,0.04036379755126518],[114.83358040731002,0.07505292325384971],[114.79467950015885,0.08393383907548468],[114.80900393768161,0.14030659777131405],[114.80239278839656,0.17154059022612955],[114.82999005289867,0.1989630867770984],[114.83330884802501,0.22726005800529947],[114.86394122910451,0.2376325255206666],[114.89719808822122,0.3119646132763023],[114.93393276238714,0.33224821228520796],[114.9547651807685,0.3192054300865834],[115.02346646660419,0.3299461708791114],[115.05534000114017,0.3177040002394733],[115.1286699986216,0.37463400135811753],[115.1327772212918,0.4324947756134634],[115.0940112286354,0.46996692083678226],[115.01075086585979,0.606699075801771],[114.9893489383029,0.7177897794747992],[114.95812155316719,0.7624179768082513],[114.91735663470104,0.7774846895667906],[114.86205044497217,0.7366982161498186],[114.83425143015938,0.7537362680143929],[114.78214249667894,0.7274340713253764],[114.75000002438173,0.7258570903325108],[114.7159153258317,0.7013624482184468],[114.66808325953491,0.7038549255644284],[114.61988269423102,0.6425123234849934],[114.53982709434501,0.6197499644893014],[114.54649221374473,0.593886201686928],[114.5249766127805,0.5587300481532225],[114.49038877592136,0.5710416617433225],[114.43596910009398,0.5440140557041673],[114.4372060753002,0.5113529605707186],[114.41005289062844,0.49542720100458837],[114.3637688075845,0.5298164432742851],[114.319796555067,0.5405255396220241],[114.24769966840506,0.5226097962051881],[114.2029683179336,0.5395783574552979],[114.17657412419658,0.6396731961611408],[114.12294780599655,0.6948502324523247],[114.09145017008939,0.6977617480063145],[114.01171196073847,0.6502201528378464],[113.84323861097323,0.6656452661162007],[113.81630684118784,0.647090506721554],[113.7723996833987,0.5637071877365543],[113.72107761983636,0.5360473924732219],[113.66863993558457,0.4903102591111974],[113.65720346756609,0.4385018430856462],[113.58845501768496,0.4059597021785635],[113.57474500417868,0.3818465102083337],[113.51544170477086,0.3337109452040181],[113.51375562881924,0.320514673013804],[113.43796522471541,0.2654058251187621],[113.35679611934552,0.27815116914121063],[113.32313523080632,0.2729870847861662],[113.27314743110912,0.2427239527482925],[113.32508834605039,0.17974429046665819],[113.40589125287909,0.13858021780288254],[113.42036421073976,0.11402339926053173],[113.41255169940143,0.04414342957568351],[113.43827039796054,0.01904372898496831],[113.42058556806955,-0.05417220478335594],[113.41407784531634,-0.15927261873633825],[113.35445423437545,-0.22185275899755652],[113.29174065001109,-0.24179568132558416],[113.27465847740689,-0.2706754968766063],[113.23541245452122,-0.29567593569584005],[113.20861038316275,-0.3449153555591806],[113.26231431465396,-0.3916585326151676],[113.26422615281479,-0.44191157116205204],[113.2464920436729,-0.4501844418584824],[113.21065463390426,-0.5062690604686964],[113.177723451676,-0.468766254658874],[113.1332037980169,-0.45407030899752954],[113.06255503298848,-0.5094070001329101],[113.02663773014717,-0.47562395218358233],[112.97760669039656,-0.5108283399558786],[112.92118202822803,-0.5211662015589127],[112.78746488189881,-0.5849300771612889],[112.74526516795322,-0.5724051722608579],[112.68697738210051,-0.6574357011966185],[112.64656001023639,-0.6578454440119685],[112.56797803585778,-0.6961957592268391],[112.4976365637765,-0.6982751887489371],[112.46363305062482,-0.6728678678577467],[112.43143639507366,-0.6713648668950327],[112.40464142206406,-0.7033779402397045],[112.3101588799284,-0.7204847749523537],[112.27372362064864,-0.646700903124156],[112.23137978674777,-0.6154532607593524],[112.17771325716114,-0.6427337138897542],[112.17514214129687,-0.7257830975119077],[112.14630962379022,-0.7303733028855959],[112.10850232012604,-0.7015380109704097],[112.04154753029434,-0.7516267496746991],[112.01322745638208,-0.7946546555878626],[111.92547551238505,-0.791747516134933],[111.91508806216439,-0.8434812776388299],[111.8846641331433,-0.859547422275682],[111.82530894375282,-0.9114859054501494],[111.74982367422325,-0.912642485762035],[111.70088920187521,-0.9532301163767443],[111.64343677019087,-0.9699437584976067],[111.6220420039354,-0.9990841732958984],[111.61939104086389,-1.070966792883155],[111.56827144886836,-1.1096268166242567],[111.55669094363219,-1.1456730768509829],[111.568018450691,-1.1813690223624462],[111.55033359561901,-1.2086413968829106],[111.51660577413725,-1.2221351522154578],[111.47079289267793,-1.2132016683223128],[111.42740388737957,-1.2539442916956318],[111.38900164980635,-1.2710486865476014],[111.3931387506529,-1.3277580812703604],[111.3320895532903,-1.3342994107891286],[111.32459805855365,-1.3651841749097002],[111.25962713898133,-1.4162588214873608],[111.19648101128968,-1.4379636847762072],[111.15726538099261,-1.4342910145186352],[111.13837627254702,-1.451035206609447],[111.11914505030387,-1.5127599117404884],[111.11867348269516,-1.5527542191318844],[111.07476807138943,-1.5592573706310873],[111.03562543636485,-1.5404940341722977],[111.0168779342693,-1.5625089657161197],[110.97866512809327,-1.5395948551184233],[110.9519271846919,-1.579167962331553],[110.91352081203593,-1.5846040259550023],[110.85889900008885,-1.6304969992370957],[110.85514831454316,-1.6738330128831649],[110.88245400085151,-1.6794259974117836],[110.90060424788777,-1.7130919689191728],[110.94292449976592,-1.7103799571692662],[110.97449408863133,-1.6691206085292265],[111.00327986567333,-1.6967814137312303],[111.01614834037366,-1.744279995225554],[111.00753395213025,-1.7963084357856474],[110.98296716280436,-1.8235993048639898],[110.97462858853856,-1.878446858335792],[110.99355486596437,-1.8972944100089535],[110.98458637506121,-1.9557795287022373],[111.01798996936168,-1.956085626450431],[111.09001131027384,-2.0162046730072234],[111.05731572254263,-2.0717972131707825],[111.0787810981692,-2.1611959930006037],[111.06300352169524,-2.202901353214827],[111.03189085767701,-2.2410564202175465],[111.06958388538806,-2.29957650994794],[111.10498044479175,-2.4333453025436143],[111.10546109015723,-2.484213107748701],[111.13629911920907,-2.61128377942282],[111.11857604384943,-2.6526453297181547],[111.16380689037572,-2.671698918770062],[111.16931709231,-2.7062645324821233],[111.14637282114882,-2.741369858132373],[111.10152467392464,-2.767778656859491],[111.00686539791985,-2.8004546483632566],[110.96664269240637,-2.8578475134519294],[110.88856497419425,-2.8715180422238404],[110.79969480866856,-2.9070457812377413],[110.75517328621822,-2.942372122475433],[110.73447882204005,-2.9882708352308214],[110.8018742715804,-2.9769096611519217],[110.84797006716491,-2.9950900417719595],[110.91511560230327,-3.0443390969717257],[110.9540167549693,-3.0633010891738763],[111.03680032867231,-3.0545821061792253],[111.11071166501137,-3.0285285819284695],[111.19124009695298,-2.9898941618860135],[111.26673340462298,-2.9432195302570676],[111.35382027118862,-2.906677132943287],[111.42645284532261,-2.9185193103178904],[111.48992743060649,-2.9453769579801587],[111.55471880772683,-3.010966642596429],[111.63218153175234,-2.9597385428994016],[111.69044709265927,-2.94180993827797],[111.6692711512427,-2.8942623257456717],[111.71792006815667,-2.84707178543448],[111.75012235616185,-2.8873539451284387],[111.7696161435702,-2.934982384229613],[111.81402940203532,-3.001186972200969],[111.82497672879305,-3.0506177075411074],[111.79788446689469,-3.203948781710835],[111.81686380701916,-3.303299366672377],[111.8198444840358,-3.374512378943109],[111.8077601273281,-3.4426216869412656],[111.77186444059151,-3.5093597005896413],[111.80623900682474,-3.5307573096021088],[111.8901951687721,-3.543584050363563],[111.92176646814806,-3.527393419770476],[112.01187037221996,-3.4512171183752685],[112.17905978598037,-3.344040640163371],[112.25642831681341,-3.3135943683853384],[112.33590723722932,-3.3151956958246274],[112.42087733532082,-3.352781241960713],[112.44577166852775,-3.3876074944902257],[112.5094291813117,-3.428988230922073],[112.56323157687586,-3.446816290439415],[112.64103816298086,-3.4038366034764067],[112.66644389566932,-3.3751421166153364],[112.81954458331597,-3.296408560606551],[112.93854755922257,-3.2261447548764863],[113.00936342997841,-3.160173449245235],[112.9475741427326,-3.1307011036729477],[112.94538692136939,-3.1023041916850502],[112.98155576188901,-3.05421382480813],[113.01129759920491,-3.0333713645967464],[113.03249378885732,-2.976400215897172],[113.09705971853123,-3.039807268390689],[113.1679188430802,-3.0692609071650736],[113.18951758636763,-3.106790371578313],[113.29176527704601,-3.2118149169248227],[113.33664350929064,-3.2747581449723384],[113.4276201478516,-3.236502091298405],[113.45041435723681,-3.1904394636102893],[113.54044849370314,-3.162282234437498],[113.59557142318272,-3.166918728816256],[113.61713866591674,-3.2127664122400574],[113.63331467892931,-3.297551291358957],[113.61798232082754,-3.3762229002666118],[113.58195872531496,-3.444503694589798],[113.62690177259879,-3.464776531411758],[113.6935975154131,-3.469261498119579],[113.79737008396228,-3.457684252925901],[113.85256128637434,-3.434448219209912],[113.96222097351915,-3.365278274172965],[114.04408631603076,-3.34658512440393],[114.08019513309898,-3.3496457619423268],[114.13482314677083,-3.382541983925364],[114.18319375588715,-3.3933855334155965],[114.25321857667609,-3.3681524049094946],[114.25462738264764,-3.40339176551754],[114.32178220958133,-3.4556474863424],[114.3471385398118,-3.4608900302506527],[114.3627464600811,-3.386775132366438],[114.34926948609791,-3.3483473522484815],[114.37622297181281,-3.2884838948158404],[114.43113441312278,-3.247900221218174],[114.44936603711301,-3.2096548982548825],[114.42345527304246,-3.1798829876097443],[114.54594877411671,-3.0677356956458084],[114.53096099575339,-3.0232594387720155],[114.50671369418171,-2.999378926596137],[114.54626840666174,-2.951662966372737],[114.53822078915812,-2.9271226917587683],[114.56727600488375,-2.864029777851897],[114.61545093411337,-2.884553995870192],[114.59691411529423,-2.8157670316231815],[114.65685591356964,-2.803326775410312],[114.67884118097584,-2.7816058996924653],[114.6796372005964,-2.7385046621603806],[114.71770763779728,-2.740214474818117],[114.7626184021176,-2.7198655616463157],[114.78693213481029,-2.682450607009855],[114.7941057605725,-2.600536850395258],[114.88614588162716,-2.5036779486783303],[114.91457911273596,-2.459341385296625],[115.00399599861646,-2.399196988650033],[115.2490526505594,-2.244720914738366],[115.29072897436276,-2.225570455212278],[115.32051803777733,-2.1680468898520644],[115.32289414914578,-2.072138089501209],[115.40846593775291,-2.0580233819734417],[115.40428171063252,-1.989445387794376],[115.42939173004436,-1.939021375536015],[115.4203790878247,-1.9001861314847588],[115.3747776090994,-1.8785855796607507],[115.35568662263961,-1.8503283063062668],[115.39698548479237,-1.741857300773745],[115.38168032308852,-1.7191038594555152],[115.45054883426133,-1.5594019627303624],[115.50724428589513,-1.4733425275355785],[115.52376341814727,-1.4302425157794119],[115.62616860080038,-1.3504280708987153],[115.66737161680669,-1.3349505739097935],[115.71631180794361,-1.3363069754864796],[115.75398994737827,-1.3150423402317415]]]},"properties":{"ID":27,"kode":62,"Propinsi":"KALIMANTAN TENGAH","SUMBER":"Batas Provinsi Desember 2019 Dukcapil (Skala tidak diketahui)"}},
{"type":"Feature","geometry":{"type":"MultiPolygon","coordinates":[[[[116.41050744806034,-3.361709571839242],[116.39023245826138,-3.413483076182956],[116.34523891224603,-3.451592698644106],[116.31338357459231,-3.551338434920808],[116.34336156668303,-3.568576003179942],[116.3623216945906,-3.6523041582103133],[116.3991335386819,-3.6259856433227355],[116.40993912868794,-3.520949053356105],[116.43475387279307,-3.4216783129037935],[116.43138345298405,-3.367549604630483],[116.41050744806034,-3.361709571839242]]],[[[116.25975486689367,-3.2120414291685506],[116.13874550260289,-3.301871287330016],[116.1139383829501,-3.3081104896073725],[116.10302786634304,-3.3562641085017617],[116.06948326554038,-3.439423782281665],[116.04608876498457,-3.4687585378761696],[116.04672185622871,-3.531918514227982],[116.03657660152896,-3.5819757514797175],[116.00238198963723,-3.63791014733539],[116.02422320633593,-3.7295671967686417],[116.07114908965877,-3.7945196082932284],[116.0816578242493,-3.833398344457976],[116.05985938560218,-3.8734596189661943],[116.07855007932278,-3.9254545777665157],[116.03893061025951,-4.022375226935139],[116.09084106696173,-4.060652087323945],[116.12290668409628,-4.027387926611482],[116.1490573791948,-4.030340231816183],[116.17213661251469,-3.9971911645405385],[116.20914644415313,-3.9835155977665977],[116.20264711926916,-3.9595894809697256],[116.2455025639922,-3.939202958149963],[116.30448135563017,-3.885048721721091],[116.27191444829316,-3.820934609644496],[116.27638378298525,-3.7974954226755813],[116.31289049609961,-3.7742124497447094],[116.31497684230749,-3.7286261983403506],[116.2993832338492,-3.7086470162467435],[116.3064557623236,-3.5905062356741837],[116.27292248668346,-3.553047902238859],[116.27015657586537,-3.525976175460073],[116.30234567171544,-3.505379139335787],[116.30990682793777,-3.4556162546863334],[116.25311504452372,-3.3886253237996016],[116.2698979119591,-3.2528511707448615],[116.25975486689367,-3.2120414291685506]]],[[[116.55893137508292,-2.4051927633353216],[116.45450760294364,-2.3705188478664923],[116.23623299985309,-2.327163654379092],[116.22664600021278,-2.308784654887859],[116.16113900016478,-2.3065289996135903],[116.1481577702649,-2.319511344672776],[116.08147950397597,-2.317039655155895],[116.03434217025506,-2.3249118841760605],[115.98341690556583,-2.3139077067751828],[115.94539416480893,-2.341479561832273],[115.8903077118315,-2.3356261444309894],[115.88425769004039,-2.3745528971983845],[115.85808061063176,-2.386906717770785],[115.83116277404281,-2.3253153101533712],[115.83938794110065,-2.290349990959271],[115.80211892304987,-2.206727209493067],[115.81215100976135,-2.0938492894131286],[115.8365955938117,-2.0591879851373847],[115.80376968981943,-2.037827129618279],[115.75367176184238,-2.0504681019212967],[115.74308128877055,-2.0094065168971724],[115.6961962139842,-1.9744231932756975],[115.72395225559217,-1.9222646343054066],[115.73053737939665,-1.8698523469082602],[115.72672172682633,-1.8036336431780455],[115.68960072189589,-1.7532238707849501],[115.70774264570662,-1.7275772555858566],[115.66591440662467,-1.7080954066776144],[115.67447858481887,-1.6659136557905185],[115.6654484759664,-1.6281206468503342],[115.63652150266523,-1.60348628696255],[115.64539849024823,-1.5609510395588018],[115.61889672230598,-1.4878552102497338],[115.63525946425295,-1.4638232207649935],[115.67883333329178,-1.4563055548574084],[115.7221071291408,-1.3751254157053268],[115.74159515998872,-1.36403570288536],[115.75398994737827,-1.3150423402317415],[115.71631180794361,-1.3363069754864796],[115.66737161680669,-1.3349505739097935],[115.62616860080038,-1.3504280708987153],[115.52376341814727,-1.4302425157794119],[115.50724428589513,-1.4733425275355785],[115.45054883426133,-1.5594019627303624],[115.38168032308852,-1.7191038594555152],[115.39698548479237,-1.741857300773745],[115.35568662263961,-1.8503283063062668],[115.3747776090994,-1.8785855796607507],[115.4203790878247,-1.9001861314847588],[115.42939173004436,-1.939021375536015],[115.40428171063252,-1.989445387794376],[115.40846593775291,-2.0580233819734417],[115.32289414914578,-2.072138089501209],[115.32051803777733,-2.1680468898520644],[115.29072897436276,-2.225570455212278],[115.2490526505594,-2.244720914738366],[115.00399599861646,-2.399196988650033],[114.91457911273596,-2.459341385296625],[114.88614588162716,-2.5036779486783303],[114.7941057605725,-2.600536850395258],[114.78693213481029,-2.682450607009855],[114.7626184021176,-2.7198655616463157],[114.71770763779728,-2.740214474818117],[114.6796372005964,-2.7385046621603806],[114.67884118097584,-2.7816058996924653],[114.65685591356964,-2.803326775410312],[114.59691411529423,-2.8157670316231815],[114.61545093411337,-2.884553995870192],[114.56727600488375,-2.864029777851897],[114.53822078915812,-2.9271226917587683],[114.54626840666174,-2.951662966372737],[114.50671369418171,-2.999378926596137],[114.53096099575339,-3.0232594387720155],[114.54594877411671,-3.0677356956458084],[114.42345527304246,-3.1798829876097443],[114.44936603711301,-3.2096548982548825],[114.43113441312278,-3.247900221218174],[114.37622297181281,-3.2884838948158404],[114.34926948609791,-3.3483473522484815],[114.3627464600811,-3.386775132366438],[114.3471385398118,-3.4608900302506527],[114.42933386876314,-3.4996596561681486],[114.48022804658717,-3.501677373312077],[114.51385934563234,-3.5424341079476562],[114.5551631045937,-3.556845689776708],[114.59701323227489,-3.6089967286160913],[114.61552742055403,-3.6494697343406983],[114.62302122205176,-3.711367267585274],[114.60301369422666,-3.8059525203924522],[114.6095250628315,-3.8865884222178693],[114.63731323811555,-4.026860596539279],[114.62752368507006,-4.0714642351862835],[114.6359443521502,-4.172940599828792],[114.7030143847062,-4.171919129164451],[115.00706889481376,-4.0130195697972795],[115.12103021017617,-3.968989080781398],[115.21602969701291,-3.924137701393761],[115.37681888218572,-3.8611146639105414],[115.4509976571162,-3.824427061159895],[115.48983901925544,-3.813558801897159],[115.65618064302237,-3.7430773701244675],[115.7175543193764,-3.730662199600772],[115.78822187394042,-3.67841672115469],[115.80058993527734,-3.654674133504386],[115.8557052430026,-3.623831286784423],[115.96977191124472,-3.6074743706456616],[115.99569528021311,-3.566133629763158],[115.99283778423637,-3.5182350064403636],[116.01465456365725,-3.4781314889769988],[116.0072101016649,-3.432706582242929],[116.031335974076,-3.364342329934516],[116.05052025440625,-3.350794305013096],[116.08610373160195,-3.281939099309966],[116.17687846696776,-3.2505816128510787],[116.18394189520234,-3.229057392784398],[116.16798260171572,-3.165631162248303],[116.20844499993689,-3.1288437275559318],[116.26490855958241,-3.1111834059893226],[116.17257566603428,-3.061885116504868],[116.15629436039649,-3.0145885236414074],[116.10183508562079,-3.0088819889126057],[116.11292323092243,-2.9734127696835344],[116.10537151398421,-2.9168676325351726],[116.13135357360864,-2.8888236091221984],[116.20538589484329,-2.9357880203008335],[116.22167759934177,-3.006860909203567],[116.26393635018246,-3.0048824537622068],[116.31611078398555,-2.9465171922146283],[116.35935769100467,-2.864496590745034],[116.37212100617955,-2.803254679459826],[116.35910690875687,-2.765185048950798],[116.3692116768774,-2.658868108576314],[116.3933260496575,-2.58569283135904],[116.35323804280154,-2.5539143749484197],[116.31607842637834,-2.608253244891273],[116.30252846431722,-2.5329430454851263],[116.35251974259211,-2.5183982102091704],[116.39862779054022,-2.528595997007585],[116.42590610598211,-2.5000356494256266],[116.4755861109104,-2.5125328615023363],[116.48079989719758,-2.5711790595659068],[116.52621627655992,-2.540517058415446],[116.52803237289572,-2.4935240290107004],[116.55893137508292,-2.4051927633353216]]]]},"properties":{"ID":11,"kode":63,"Propinsi":"KALIMANTAN SELATAN","SUMBER":"Batas Provinsi Desember 2019 Dukcapil (Skala tidak diketahui)"},"id":63},
{"type":"Feature","geometry":{"type":"MultiPolygon","coordinates":[[[[117.47207113297645,-0.7462227504794896],[117.50087446298619,-0.7993763607304345],[117.51760041053058,-0.7780566015308636],[117.47207113297645,-0.7462227504794896]]],[[[117.46009969424551,-0.7026600312353821],[117.44605935615448,-0.7410420817266186],[117.49640629831208,-0.7480226707096449],[117.51501532459758,-0.772760921179497],[117.59805912432921,-0.785301706308644],[117.61680436193183,-0.7585029039858],[117.59141892424407,-0.7358680355813476],[117.5151735126476,-0.7363204512278116],[117.46009969424551,-0.7026600312353821]]],[[[117.40427302637909,-0.702104285284463],[117.37919516582429,-0.7121401482492047],[117.42168731411834,-0.7584834066838084],[117.4304705662637,-0.7220137087655871],[117.40427302637909,-0.702104285284463]]],[[[117.32034899990651,-0.7194399992565081],[117.29087899976605,-0.7281540000070663],[117.29126732432758,-0.7839641347370048],[117.31051999989813,-0.8575089991409754],[117.33216499981495,-0.9082259988307442],[117.39170699997817,-0.8793869999100821],[117.37043300008293,-0.8254319992872752],[117.32893099996579,-0.7665479997903049],[117.32034899990651,-0.7194399992565081]]],[[[117.45409800022264,-0.6810959999803572],[117.40544948890283,-0.7010769141681976],[117.44056015382807,-0.7295811602422759],[117.45409800022264,-0.6810959999803572]]],[[[117.36430914215327,-0.6458856784812497],[117.4108938145979,-0.6961213996827951],[117.43252910993056,-0.6599362652464151],[117.41216459621921,-0.6385421779791045],[117.36430914215327,-0.6458856784812497]]],[[[117.32256377110127,-0.6328287571413966],[117.30044300014436,-0.6326759488359244],[117.33201800023062,-0.7500089997155328],[117.40195899970809,-0.8609379998887334],[117.41123638255306,-0.8383775279005476],[117.37230205659466,-0.7516663594149122],[117.35188900017727,-0.6835169488480801],[117.32256377110127,-0.6328287571413966]]],[[[117.49987228997429,-0.6140052686282047],[117.52610819763527,-0.6535776626789698],[117.55738762923579,-0.65293402688377],[117.56125979160618,-0.6193266812812794],[117.49987228997429,-0.6140052686282047]]],[[[117.37279536171661,-0.5990033861972393],[117.3987995581532,-0.6300075011452009],[117.45474352639269,-0.6665917376185462],[117.45722173779302,-0.6341748093199726],[117.39488341893468,-0.6238932524715892],[117.37279536171661,-0.5990033861972393]]],[[[117.34614492324965,-0.5898620896636544],[117.30634540361757,-0.577715232771709],[117.2904780909912,-0.5920159488769059],[117.3257983833887,-0.6299735238590074],[117.37134197635123,-0.6213549609626057],[117.34614492324965,-0.5898620896636544]]],[[[117.47524392226921,-0.5558609543195416],[117.38717625957679,-0.5752487611213724],[117.44878556010553,-0.6089146031263795],[117.50470429516713,-0.570377070645236],[117.47524392226921,-0.5558609543195416]]],[[[117.55598244213604,-0.5080365628370487],[117.49842572686589,-0.5458503218348483],[117.50873523464338,-0.5962416644212567],[117.55245560324352,-0.5978150508238969],[117.57807884686133,-0.5775543026888954],[117.58254482888083,-0.5126495894069762],[117.55598244213604,-0.5080365628370487]]],[[[117.55093414099792,-0.44031768021670814],[117.42352010906586,-0.5283546751281278],[117.43607744711653,-0.5433328838054763],[117.50974536036017,-0.506537823761505],[117.58751701589767,-0.47887050476992954],[117.55093414099792,-0.44031768021670814]]],[[[117.6201877670519,-0.41765194797898175],[117.59328939089278,-0.41068709533311676],[117.55237845130455,-0.438312882733328],[117.56342100007919,-0.4642739998451475],[117.60422915794936,-0.47745683616403767],[117.62628208764829,-0.44138283994607264],[117.6201877670519,-0.41765194797898175]]],[[[117.5240086421851,-0.3505724464611717],[117.4693633282551,-0.41839947795347143],[117.4570293026602,-0.46496268717822886],[117.46871326320661,-0.49096169452656113],[117.50996624104926,-0.4423791763578606],[117.5374969413308,-0.39409697959189316],[117.5240086421851,-0.3505724464611717]]],[[[117.48890789318477,-0.3287690489523811],[117.45809588691566,-0.35298406036605456],[117.46726679722497,-0.37561838468064934],[117.43080075505088,-0.39825644747702427],[117.45558585030676,-0.42471312341189105],[117.4938736788273,-0.3466945104432284],[117.48890789318477,-0.3287690489523811]]],[[[117.87218007335173,1.9497810436602663],[117.82733942737275,1.9496740486184763],[117.83599829518528,1.9117298024884235],[117.8709449039842,1.90694008971343],[117.87218007335173,1.9497810436602663]]],[[[117.85642236200249,2.077834840705407],[117.83299990961825,2.095315707054283],[117.80538179793166,2.055716500616086],[117.84272779165428,2.041937824770855],[117.85642236200249,2.077834840705407]]],[[[117.77761854735809,2.0836202675613436],[117.77130144400655,2.0990293585181234],[117.71241768282982,2.0758532052612395],[117.72406021700544,2.0466096921836083],[117.77761854735809,2.0836202675613436]]],[[[117.82750694319088,2.096159935732487],[117.79562377421792,2.1097460307547635],[117.77078236251612,2.0553899145130003],[117.80149841382081,2.0418866596417047],[117.82750694319088,2.096159935732487]]],[[[117.89746078678593,2.0794854464962214],[117.90001693613272,2.1232126913126876],[117.86445602652452,2.1453690412483297],[117.83206203363602,2.1124316842748385],[117.86415850471133,2.0860807002641764],[117.89746078678593,2.0794854464962214]]],[[[117.80384082489422,2.1650779608792163],[117.7311551583839,2.168109341672846],[117.72365559403045,2.1505175988081646],[117.7339096352215,2.0860296178726117],[117.80236829566036,2.1207157092626403],[117.80384082489422,2.1650779608792163]]],[[[117.87445819459003,2.152790195511159],[117.80760933140562,2.1696895485338814],[117.81056224455199,2.122900617569485],[117.82970423965901,2.1172726916814213],[117.87445819459003,2.152790195511159]]],[[[117.98593392680937,2.435721765746962],[117.91935357240948,2.395732575498016],[117.85696421072976,2.39190943966895],[117.82104078440477,2.363132129744031],[117.79783086700093,2.325750083999253],[117.72082870917768,2.346972762283201],[117.70835577789694,2.3899416690728117],[117.61178313308517,2.521811781488566],[117.57448505703985,2.504078438569138],[117.49855600895273,2.52293414979124],[117.45168446176854,2.5576197015880098],[117.40273447071934,2.6096855602404503],[117.37446647384877,2.6039748544559984],[117.31459780664352,2.626341573804609],[117.2009314311407,2.5962774194673557],[117.07413251660239,2.6080991120844033],[117.00087549730642,2.5827800443636306],[116.91652673002466,2.533530129411986],[116.84862549457102,2.519400410400692],[116.75409447178254,2.475823604176014],[116.72694190224706,2.4436226624559367],[116.64613195732409,2.4305458292266735],[116.58116315385655,2.4280521539837423],[116.49156800705794,2.494402622782843],[116.4490393741678,2.509853889245619],[116.44287323011554,2.4667458492415903],[116.36006854212962,2.3239994061477205],[116.31008545308123,2.263509384750364],[116.32261307753151,2.251490208206576],[116.32169022562346,2.1297040814782235],[116.28619088630046,2.1026293024004303],[116.22083725933214,2.091965842149932],[116.22937818735352,2.0106005406824465],[116.19395935623936,1.9810038944142434],[116.17953744479735,1.9106968852531168],[116.18412555385135,1.8467056817218577],[116.16186433936787,1.7443182516860247],[116.12935223132047,1.6626557953287602],[116.0765520960025,1.6540164589924302],[116.03623285456263,1.605871908861559],[116.04082283420655,1.5598521815330173],[116.00947217899795,1.5272086771387876],[115.97274677054713,1.5312360247228298],[115.95020660525074,1.4884599982303826],[115.91198651276738,1.4785554920423465],[115.85249998818392,1.43599288366471],[115.85505790829586,1.402264023465932],[115.7690106499216,1.355388642471894],[115.76050752400306,1.2599315320146616],[115.6317890838992,1.2851984804256062],[115.4951683513384,1.255495005490161],[115.4363746437748,1.2285489625646164],[115.40633790796812,1.1727658650526678],[115.41815044638611,1.1439773855479416],[115.37147528595574,1.0719765150042235],[115.29964545207599,1.0648039990053917],[115.25240368638106,1.046624899019946],[115.18553021324885,1.0676532293131231],[115.17354149494406,1.1160348596210952],[115.12290523458898,1.1294028924295958],[115.0454526513189,1.115960779766226],[115.00679722131474,1.1273422236647548],[114.99028364057756,1.182889632250749],[114.93587968759755,1.1781109433653683],[114.89608083436303,1.2093574804633818],[114.85852113384328,1.1923601930685095],[114.84826798837707,1.1680904408212314],[114.80956235102178,1.1931352656800414],[114.75679669211377,1.2477069584094238],[114.71592885882978,1.278230747251257],[114.72558478341114,1.310535346628967],[114.69984943210568,1.35396884858352],[114.67243306893101,1.3528382775645014],[114.63882155766885,1.3862095853041865],[114.6337998485842,1.4323276094316952],[114.58958656426864,1.463283702381034],[114.5692285031929,1.4298677657848202],[114.5260019802073,1.4428451016202075],[114.414297657411,1.5114452317121163],[114.33666015284382,1.4858423928122306],[114.30062778624335,1.4586956284005623],[114.23831916479764,1.44827575042558],[114.20538782878532,1.4103666938678998],[114.16907164783834,1.369966057487602],[114.20299125334373,1.349370617659929],[114.20901272076048,1.3088389104873954],[114.18700366089035,1.2688401154790085],[114.2078015300167,1.2361225546122796],[114.19775666483827,1.1959531654063085],[114.22046554025258,1.160452624589027],[114.07846659655627,1.105617657129244],[113.9887679755617,1.1265689514959831],[113.96281893454625,1.11006139082059],[113.9482388206651,1.0612406296513655],[113.90265380672781,1.0586908403100779],[113.89336127300442,1.019242624647461],[113.91572475659234,1.0029986948339342],[113.91188690605588,0.9679100749900158],[113.87216629024215,0.9167375210198543],[113.87119985988568,0.8886867041281334],[113.9263923321405,0.8403579980232507],[113.87395538982946,0.7797888452790289],[113.89486671202917,0.7385810152017598],[113.84168221186462,0.702718638454428],[113.84323861097323,0.6656452661162007],[114.01171196073847,0.6502201528378464],[114.09145017008939,0.6977617480063145],[114.12294780599655,0.6948502324523247],[114.17657412419658,0.6396731961611408],[114.2029683179336,0.5395783574552979],[114.24769966840506,0.5226097962051881],[114.319796555067,0.5405255396220241],[114.3637688075845,0.5298164432742851],[114.41005289062844,0.49542720100458837],[114.4372060753002,0.5113529605707186],[114.43596910009398,0.5440140557041673],[114.49038877592136,0.5710416617433225],[114.5249766127805,0.5587300481532225],[114.54649221374473,0.593886201686928],[114.53982709434501,0.6197499644893014],[114.61988269423102,0.6425123234849934],[114.66808325953491,0.7038549255644284],[114.7159153258317,0.7013624482184468],[114.75000002438173,0.7258570903325108],[114.78214249667894,0.7274340713253764],[114.83425143015938,0.7537362680143929],[114.86205044497217,0.7366982161498186],[114.91735663470104,0.7774846895667906],[114.95812155316719,0.7624179768082513],[114.9893489383029,0.7177897794747992],[115.01075086585979,0.606699075801771],[115.0940112286354,0.46996692083678226],[115.1327772212918,0.4324947756134634],[115.1286699986216,0.37463400135811753],[115.05534000114017,0.3177040002394733],[115.02346646660419,0.3299461708791114],[114.9547651807685,0.3192054300865834],[114.93393276238714,0.33224821228520796],[114.89719808822122,0.3119646132763023],[114.86394122910451,0.2376325255206666],[114.83330884802501,0.22726005800529947],[114.82999005289867,0.1989630867770984],[114.80239278839656,0.17154059022612955],[114.80900393768161,0.14030659777131405],[114.79467950015885,0.08393383907548468],[114.83358040731002,0.07505292325384971],[114.89469522100774,0.04036379755126518],[114.89346695483619,-0.02756507586752832],[114.92455121376759,-0.09955558352334037],[114.91700659967489,-0.13320046413008413],[114.94773810852689,-0.19044012161430146],[114.97929327496468,-0.17845927057879862],[115.0447915902597,-0.18981582394104635],[115.08123719534035,-0.15319693658932465],[115.11901672164447,-0.14720155131050205],[115.18251707070635,-0.08256981374586303],[115.22524194466007,-0.07339749240031779],[115.26239580452284,-0.046852824997813514],[115.30978730733841,-0.05993801472754967],[115.3151849501254,-0.1007616238497917],[115.2601316488566,-0.15899691177799014],[115.26868370329032,-0.18969211320040813],[115.2387173340378,-0.23291629974738726],[115.25013871682836,-0.25753504380719505],[115.23285580565096,-0.2947650708512697],[115.23403149925434,-0.37084343877364745],[115.25232974951837,-0.4099125838985742],[115.25309754211798,-0.45188281154247534],[115.30253163102998,-0.5016796599882696],[115.31686391873495,-0.5465224823266226],[115.35156941929336,-0.5798368216119911],[115.36849902910694,-0.7031820957770378],[115.36704945596773,-0.7494720154211336],[115.39253159595648,-0.8222751486791253],[115.49765697239138,-0.8499946724161305],[115.53359902997136,-0.8830725511572837],[115.58238135321699,-0.947523255194028],[115.64891725592668,-0.9896177619501145],[115.65524246666655,-1.0520492622636084],[115.74110959802954,-1.0934428823830444],[115.758697561943,-1.1360727078891273],[115.79212553596483,-1.1156163005517783],[115.84696093779712,-1.1572596597054599],[115.78364466377025,-1.2130490012103792],[115.75463009290456,-1.2829590154461812],[115.75398994737827,-1.3150423402317415],[115.74159515998872,-1.36403570288536],[115.7221071291408,-1.3751254157053268],[115.67883333329178,-1.4563055548574084],[115.63525946425295,-1.4638232207649935],[115.61889672230598,-1.4878552102497338],[115.64539849024823,-1.5609510395588018],[115.63652150266523,-1.60348628696255],[115.6654484759664,-1.6281206468503342],[115.67447858481887,-1.6659136557905185],[115.66591440662467,-1.7080954066776144],[115.70774264570662,-1.7275772555858566],[115.68960072189589,-1.7532238707849501],[115.72672172682633,-1.8036336431780455],[115.73053737939665,-1.8698523469082602],[115.72395225559217,-1.9222646343054066],[115.6961962139842,-1.9744231932756975],[115.74308128877055,-2.0094065168971724],[115.75367176184238,-2.0504681019212967],[115.80376968981943,-2.037827129618279],[115.8365955938117,-2.0591879851373847],[115.81215100976135,-2.0938492894131286],[115.80211892304987,-2.206727209493067],[115.83938794110065,-2.290349990959271],[115.83116277404281,-2.3253153101533712],[115.85808061063176,-2.386906717770785],[115.88425769004039,-2.3745528971983845],[115.8903077118315,-2.3356261444309894],[115.94539416480893,-2.341479561832273],[115.98341690556583,-2.3139077067751828],[116.03434217025506,-2.3249118841760605],[116.08147950397597,-2.317039655155895],[116.1481577702649,-2.319511344672776],[116.16113900016478,-2.3065289996135903],[116.22664600021278,-2.308784654887859],[116.23623299985309,-2.327163654379092],[116.45450760294364,-2.3705188478664923],[116.55893137508292,-2.4051927633353216],[116.57617162152314,-2.336304022812328],[116.59574454387564,-2.202063903626197],[116.57003247871603,-2.1963728606189648],[116.5242887380349,-2.154871402792935],[116.50217341786902,-2.109271333305344],[116.46107342010237,-2.1326913997882],[116.39312187117753,-2.126869800400925],[116.39324260696083,-2.0835450004013865],[116.45770763270116,-2.0625581396463986],[116.45718585864051,-1.91952960890427],[116.44396371565301,-1.876632454524099],[116.42084931884108,-1.8640030169256647],[116.45003610088543,-1.8211656314886682],[116.45068450398674,-1.7732516144703823],[116.37503041821924,-1.7622953358610403],[116.26243610833978,-1.8103140483545985],[116.24999999980025,-1.7897317044545389],[116.27964051499782,-1.7355631373288816],[116.31292040485289,-1.704235220578937],[116.38040392410187,-1.685270827186855],[116.45177361985668,-1.6479812092653674],[116.51912803513073,-1.6310994991425218],[116.55899381501263,-1.6002855827134113],[116.54946766530054,-1.5348696767940737],[116.53267796751425,-1.5156455726850027],[116.53991026684537,-1.4646561251799994],[116.58100369236661,-1.43055403554024],[116.74901924134497,-1.370952729584758],[116.76569630623965,-1.3517650147435916],[116.76257429266957,-1.2776639933985052],[116.7918630578339,-1.2357642923881258],[116.81579354263795,-1.24089131028569],[116.81081164384238,-1.2812338414685769],[116.8841287477436,-1.2766494052457915],[116.9327605748407,-1.2534053639663512],[117.00018557610349,-1.2007159612725218],[117.02255745576201,-1.1408558753983016],[117.06483519219046,-1.1064425007207888],[117.12064497618474,-1.0164044396131544],[117.15753783929995,-0.9687708339068308],[117.2031374150597,-0.9280650413685407],[117.24878006205029,-0.9071503557042888],[117.25749541268317,-0.804246678841082],[117.28207730432416,-0.7910772253336518],[117.30385677536992,-0.683061509680897],[117.29534263275639,-0.607318951308514],[117.31110099971147,-0.5669289485120999],[117.3677525356511,-0.5692860311253867],[117.41256936128707,-0.5391013748285332],[117.43883893327018,-0.4970453878343051],[117.45457138805921,-0.4473959031982986],[117.42842534155636,-0.3985616737821829],[117.45780344357411,-0.38712069296553864],[117.44340978433411,-0.29883471624913227],[117.41725962073497,-0.2467027286479606],[117.41974576865232,-0.21298060167339372],[117.44480580464426,-0.17949202593621294],[117.48172919794422,-0.06895057690752537],[117.51772447380552,-0.03150952844191579],[117.49906163838398,0.060104662000583176],[117.47239263880931,0.06558693998533727],[117.49470246524663,0.11019402933101219],[117.52162835616377,0.12476909801551983],[117.4854011496434,0.17265250121198505],[117.52807193567139,0.22033777027195356],[117.53336172816125,0.2859964607681036],[117.52369398918631,0.3178258862557186],[117.55318892662774,0.3339121963908269],[117.56664086798173,0.39132092372170746],[117.61213517270016,0.43243523329942946],[117.60489347995019,0.48762681432606314],[117.63471703866048,0.5157163830047011],[117.65902887917946,0.5618761734467057],[117.67340642706506,0.6153902823356816],[117.70847823857991,0.6237951321396622],[117.71163328784598,0.6970389592805759],[117.75142167027388,0.7558392022174303],[117.81476134016373,0.7986252237751046],[117.91439936553832,0.8372286477838884],[117.92501898024182,0.8051608093239224],[117.9732730372209,0.7728789780824172],[118.02946113902044,0.7804561260494438],[118.02851798851441,0.8300949636117139],[118.0104321050577,0.8849660208651926],[117.97712102221749,0.9300610167026093],[117.97153932238189,0.980413515771204],[117.91907831421292,1.0640747108792539],[117.92486815584073,1.1046146900159783],[117.98433726685141,1.0592008620301954],[118.00845301109769,0.9610120185898268],[118.04804569655175,0.9481765373174085],[118.06490118334295,0.90344801161649],[118.21111540415268,0.8670648032980921],[118.32032368289174,0.8497349627983226],[118.33966012131759,0.8174046347161834],[118.37889743336996,0.8038892956545283],[118.42376575328694,0.8392919344752272],[118.5464099519578,0.8084472711246917],[118.59332007376247,0.8118058801372854],[118.62960128996758,0.8474551085664643],[118.67749186975402,0.8570510546624632],[118.7093399040134,0.8291725101033194],[118.75896026500425,0.8059751966980002],[118.79511138618159,0.8016983645878781],[118.86552102597466,0.8794263175705623],[118.93532346060931,0.9159095152119789],[118.9875522287524,0.9884438788819807],[118.98895834035523,1.026175144867068],[118.945911635014,1.058044889659982],[118.87192860651999,1.0673820567365624],[118.83641126996417,1.0514499335676533],[118.82308747840443,1.1046442120608049],[118.79806268684354,1.1159147272828704],[118.76888717420377,1.1675091694127104],[118.76808291589396,1.1949788569887119],[118.71179544800157,1.2514301651700066],[118.65759951000939,1.2839475846133723],[118.5803277246448,1.354317035502845],[118.42958482557935,1.4002129720510652],[118.40717795329999,1.4865899443705075],[118.34703236235373,1.511099844382386],[118.2457731839853,1.5625447310545155],[118.11506100536121,1.6520940304152418],[118.05249833622929,1.7341596492484541],[118.0666591448038,1.7618290141977013],[118.04814926157917,1.7832008693247303],[118.01196418290078,1.7833382281767172],[117.92942771861442,1.8056647037631137],[117.88843637783668,1.8600337522559016],[117.83314008784487,1.9100033667619982],[117.81568143205254,1.9495621675600319],[117.82415769522152,2.0098694656034013],[117.76694481774916,2.0130094584198446],[117.7012941447091,2.0360173476225327],[117.72339635096091,2.1370294462519723],[117.70375851554309,2.1655260507866387],[117.74134053813543,2.1918331262978086],[117.80513010557002,2.1989284741698043],[117.89215080721408,2.194518508222643],[117.93386092394258,2.180001252455895],[118.01049789765989,2.1999726653062908],[118.0533106551627,2.227128504776715],[118.09449360999213,2.2755681314641265],[118.09478135527536,2.310455610737904],[118.05391797903155,2.3672750806804856],[118.01508345893455,2.3663088373829737],[118.01663254925279,2.3964170000445506],[117.98593392680937,2.435721765746962]]]]},"properties":{"ID":21,"kode":64,"Propinsi":"KALIMANTAN TIMUR","SUMBER":"Batas Provinsi Desember 2019 Dukcapil (Skala tidak diketahui)"},"id":64},
{"type":"Feature","geometry":{"type":"MultiPolygon","coordinates":[[[[117.70565965357025,2.8393553992323177],[117.69280678300674,2.8518314610531093],[117.64136507453861,2.815179237631753],[117.67753606084057,2.7964958248225003],[117.7296656553458,2.8071669356056645],[117.70565965357025,2.8393553992323177]]],[[[117.58087911987559,2.9032799629999317],[117.5941542356295,2.8600302950621312],[117.63526351799703,2.8504350963027036],[117.70490611522507,2.8612674888036054],[117.71258517616502,2.895560063845892],[117.65342705251658,2.892610541143597],[117.58087911987559,2.9032799629999317]]],[[[117.46262382862687,2.9531572567020703],[117.50700358554707,2.915610181764521],[117.52484885539047,2.937549247399886],[117.46262382862687,2.9531572567020703]]],[[[117.66728803071805,2.987271695832135],[117.59026697993727,2.974033145613248],[117.56365178680062,2.9539498993684106],[117.58271797625366,2.928301936085518],[117.6169662066252,2.9260218804055285],[117.693154919564,2.9457601638005713],[117.66728803071805,2.987271695832135]]],[[[117.47901174439653,2.9586126953196867],[117.53009771973404,2.9710737735358634],[117.52386458967908,3.006512635249976],[117.48085808313408,2.981988694123004],[117.47901174439653,2.9586126953196867]]],[[[117.62281549793693,3.0590440036778546],[117.52829744427174,3.0388433104704404],[117.5776040398946,2.983527078012287],[117.61891437110137,3.017807544582581],[117.62281549793693,3.0590440036778546]]],[[[117.53000630454733,3.0679094133887475],[117.44619272831187,3.053827917824208],[117.37838365178413,3.0036779982410735],[117.36036673553645,2.9629188795027517],[117.45103474565701,2.96566288013787],[117.4987184022325,3.041209583255693],[117.53000630454733,3.0679094133887475]]],[[[117.45888536037114,3.112244418245382],[117.40138980079871,3.1078259851811367],[117.38291915499508,3.0417999135352147],[117.42388077497787,3.0365053303567606],[117.45888536037114,3.112244418245382]]],[[[117.44676098473167,3.3409000081289264],[117.39629349474899,3.3130186648795075],[117.39607981133429,3.276270658264309],[117.5166776548499,3.2758979971948747],[117.50451331603676,3.322016429614564],[117.44676098473167,3.3409000081289264]]],[[[117.48858721292959,3.4078995680106914],[117.44928904375445,3.4020922561527414],[117.4553246647016,3.3473975235768876],[117.50508342326145,3.355352799592083],[117.48858721292959,3.4078995680106914]]],[[[117.61864830577474,3.438541292146965],[117.54857758089065,3.4422965822215588],[117.52141850476028,3.414232918514415],[117.51495792626736,3.381084482562869],[117.54117523864636,3.326880271707239],[117.64809554587282,3.241068097015102],[117.66578098010825,3.4152204901335494],[117.61864830577474,3.438541292146965]]],[[[117.4448693588339,3.5503453731404875],[117.45625424533716,3.5154866541857928],[117.51139068623127,3.5039853540408785],[117.54718979567258,3.4712424116080456],[117.60606753319018,3.4743858632170372],[117.60942869987468,3.5006169882834115],[117.50817147663236,3.5431954840843787],[117.4448693588339,3.5503453731404875]]],[[[117.2480673322417,3.5881477377279793],[117.21955353716612,3.5720315997785406],[117.20141585186013,3.539053423476787],[117.23076864155962,3.4967593733464355],[117.29965768335546,3.4847977911851444],[117.32304983398274,3.491269501486329],[117.46177772216424,3.4492705180200574],[117.47668329439853,3.4350775766689026],[117.51790566111742,3.481845526449945],[117.50528381199842,3.4972583450966113],[117.43543611628377,3.508632950550293],[117.43765809284673,3.5289191153249817],[117.37109588226917,3.562561659493042],[117.31105172675586,3.5598601041605207],[117.2480673322417,3.5881477377279793]]],[[[117.81739809124895,3.576855824037125],[117.79513709979733,3.583337394505179],[117.75623589137331,3.5639538298054276],[117.75141900288475,3.5353222694072315],[117.77218156732556,3.5058216140762966],[117.86709082338291,3.450069987440031],[117.87325342140832,3.4761518924958636],[117.85010440339556,3.5372416447861497],[117.81739809124895,3.576855824037125]]],[[[117.74452200588587,3.6994613842355193],[117.7088396401374,3.6685525551563387],[117.73431488772201,3.631474938018016],[117.76852405064449,3.6820994217509337],[117.74452200588587,3.6994613842355193]]],[[[117.68013138375636,3.7755859934988507],[117.77704999326261,3.686331563850615],[117.81109031476626,3.7025172445752332],[117.81010175389292,3.726024769227763],[117.68013138375636,3.7755859934988507]]],[[[117.59534466552395,3.7798254210064215],[117.55942547410643,3.782843780516089],[117.53165418089577,3.765980475018978],[117.48381814409208,3.7650585548084905],[117.48606834587747,3.717122159060466],[117.5204235667942,3.6740515056724803],[117.57660404594003,3.6338957196118145],[117.66853000165827,3.6156727470996657],[117.71754357207828,3.6343690256101127],[117.70805340514062,3.6684989016030727],[117.7277448806218,3.6859060460272417],[117.72931643690413,3.7404081150424986],[117.66893778934752,3.768047640486259],[117.59534466552395,3.7798254210064215]]],[[[117.7354172892766,3.87298092622882],[117.74385468374669,3.805990188696285],[117.82650384117937,3.7827752881490824],[117.82917815964436,3.807536623316537],[117.7354172892766,3.87298092622882]]],[[[117.5228192393165,4.027963962367039],[117.49966043937786,4.05276963770865],[117.44327887721852,4.005761437640274],[117.46530730039171,3.953053070043211],[117.4965689182211,3.9162591908090576],[117.52637384207924,3.9296384444587034],[117.56527800657477,3.918393216373886],[117.60620947318864,3.8821056059889543],[117.6816598139493,3.887949378161295],[117.59745398401424,3.933491176076984],[117.5228192393165,4.027963962367039]]],[[[117.66086041237816,4.146907465207391],[117.62941113481611,4.135183756425249],[117.58927553763601,4.080048629440739],[117.603026533248,4.010830168677387],[117.66906204597672,3.966490659116687],[117.72403513401423,3.984371262423849],[117.75350656767398,4.0617375620389],[117.66086041237816,4.146907465207391]]],[[[117.90110403482345,4.166424557647247],[117.68345039651865,4.166558506270121],[117.73112657253341,4.120837646140501],[117.81499267727031,4.06656931182431],[117.86121902563764,4.028976658346153],[117.90598565921084,4.0407318793727995],[117.92380203113885,4.134401846268247],[117.90110403482345,4.166424557647247]]],[[[117.98593392680937,2.435721765746962],[117.93816395690112,2.4728579053680733],[117.88618696385731,2.5399855520915935],[117.81189906698842,2.60968878610862],[117.78962544635738,2.6527063237379025],[117.78520058224115,2.748287808635496],[117.73234739321765,2.7715308111980335],[117.61522680177552,2.7951914184492352],[117.66469384184734,2.845320448579912],[117.59508529205266,2.857505809045904],[117.56864156455663,2.882895098530014],[117.44841785609924,2.940351015986664],[117.43084721132982,2.9654809787642193],[117.35431648621693,2.9562351837068377],[117.38526144466005,3.0138895284790124],[117.34501653038865,3.073956362196384],[117.35951227796932,3.1054256253923427],[117.42633053992256,3.11309044556765],[117.46045647958294,3.141867119671872],[117.42655361136019,3.1726771825059927],[117.36844475192379,3.181437211458217],[117.3176514906238,3.177713195307774],[117.27759570108083,3.1951507691927077],[117.26258821857152,3.231794811481393],[117.30923440104687,3.236748367243422],[117.3159256223696,3.2136857758778774],[117.379139655171,3.229498471777106],[117.39683304930588,3.2568810204427905],[117.3599088259316,3.273678877778025],[117.38371710276215,3.320996298040768],[117.41523354709057,3.336758867527749],[117.41234883762877,3.3913389455359493],[117.37024086802171,3.4120718152620952],[117.35504274092978,3.4491453665654603],[117.31142641129986,3.466218059415951],[117.25546408070284,3.470618751554184],[117.22114571939949,3.4860688138247724],[117.19436796301113,3.541776245077699],[117.22609190611661,3.603621242626275],[117.17637412876309,3.619094075731084],[117.07486927359821,3.6113047192374665],[117.06594675334009,3.631378211435333],[117.16868258972977,3.6442683103343256],[117.25772799625008,3.617608708674993],[117.37039393713053,3.638041405386616],[117.42841260805551,3.6247408963753287],[117.48883859502519,3.6525066578560086],[117.48542709418507,3.673463969586578],[117.42872284898033,3.671145711605334],[117.42344342027764,3.691626183001972],[117.47309371430356,3.712591573342479],[117.49313374182873,3.774579371540824],[117.53210466030191,3.768151367391738],[117.55609878383189,3.7852341982996336],[117.59944169258006,3.775706471176761],[117.67971827657732,3.7938392668687015],[117.73438227662086,3.835576351567397],[117.66892531125416,3.8787979453689445],[117.59807156465104,3.8763186835604415],[117.55701842785822,3.9156551332778236],[117.49948246174631,3.9127494678137396],[117.45756846691131,3.929949820327977],[117.46412132483931,3.9583310517367067],[117.43822656600332,4.013427105876303],[117.46494398327832,4.048155528354982],[117.468357083113,4.0828682225904345],[117.41840123003283,4.094335871003693],[117.40746384617967,4.1458819332046914],[117.48479881161597,4.109652366863315],[117.52396113729674,4.103228856626458],[117.52874137931121,4.161246658806306],[117.46782351983961,4.1735539844289065],[117.44157662156385,4.194236728642181],[117.42974816424646,4.2291752417440875],[117.38915804790565,4.257492215693276],[117.37365943663372,4.285156937442764],[117.29079999252565,4.315319160151148],[117.24883721576498,4.373868883442242],[117.20100249287077,4.335061383476102],[117.15210277122594,4.353490828638883],[117.1088258277498,4.332325828374337],[117.04417805077651,4.347096384490612],[116.97553193924762,4.343415829876676],[116.90224527380042,4.3662302740079895],[116.84393916156307,4.3258122195583155],[116.78445944035093,4.358922774266659],[116.75241027451466,4.389533053607579],[116.73502971854668,4.35316860874434],[116.70241721828006,4.333903609763809],[116.67438638522356,4.351276109604839],[116.64246916252193,4.336342775298874],[116.56564083016019,4.3911758325986625],[116.53780110753519,4.374338331348952],[116.53047666366717,4.325887220319032],[116.48767555238487,4.329472220166849],[116.48009721911149,4.302441109469669],[116.44160138459631,4.288278054388741],[116.43837694184242,4.323007221506089],[116.40544166410155,4.358884443362399],[116.34922860791403,4.3901499984237375],[116.30792055289123,4.368587499613454],[116.26260499652346,4.361909999247132],[116.22129833095323,4.3819299997697385],[116.16172222040416,4.374623611590437],[116.15637499810771,4.338375555187781],[116.11723555387778,4.33540805503776],[116.0757249994092,4.276627499159815],[116.03571360939566,4.295041944530169],[116.03269110940721,4.328705000435491],[115.97786999870152,4.357803611147801],[115.92913472079078,4.353913055842895],[115.90953860852005,4.390997222743692],[115.87852638708318,4.391395000079228],[115.8660794426122,4.341526111440942],[115.87127166495543,4.285576388439608],[115.82555666570761,4.261682500646941],[115.8300074986472,4.2344024998755],[115.76771472055793,4.24488333299945],[115.72917444154734,4.189664722848704],[115.70368138738615,4.192086667265926],[115.68197777595367,4.153115833329082],[115.67840743505519,4.089664226622801],[115.65478883513674,4.035064800600139],[115.6473001462848,3.978251003581022],[115.61673484024072,3.936570812692878],[115.56774449571196,3.920089267605647],[115.57720618471774,3.893489456473276],[115.61748613657596,3.8752571175219828],[115.6139560844058,3.8240244942350614],[115.58875070717943,3.7771652830514313],[115.57236785998884,3.680853250077462],[115.58071593469265,3.596088642576831],[115.61278887680533,3.5535792389907215],[115.61030221267708,3.5106178954995357],[115.65833853479558,3.43884030683472],[115.62528602682869,3.4079978522191254],[115.61140452429947,3.4457500643140406],[115.58787340053709,3.449885986149411],[115.54436934586863,3.357704839706628],[115.5193058852584,3.1968951751722443],[115.56292409087416,3.1701157451455515],[115.53626609090747,3.142172136435022],[115.51180367420022,3.093302242604466],[115.51673433771953,3.0557795563814807],[115.48680679219979,3.0180646193867346],[115.44100055762965,3.0227447758507537],[115.4041163891601,2.9841710177782943],[115.33184404206895,2.97589048935464],[115.3235999002153,3.0105765034029446],[115.28582957757305,3.04734976747784],[115.25303241681263,2.994650458751721],[115.24982612777364,2.9646043645997793],[115.2106502358198,2.957121061787632],[115.14938240337528,2.908015014081684],[115.15329064204957,2.8703106890870913],[115.10557797154627,2.816151331019171],[115.14334582465017,2.8049320007112897],[115.14175033920685,2.74721159713755],[115.10762663616038,2.7217792175368913],[115.12056947490146,2.654864742513894],[115.08934280832398,2.6161578946711757],[115.1149553500095,2.5831871890375737],[115.17103997491495,2.6134110287960084],[115.22044161898555,2.5604592830695196],[115.25251939675286,2.541072694849049],[115.25056591098803,2.509306200320964],[115.20570209397647,2.471044097806896],[115.15061313908518,2.477096978542761],[115.11940819383312,2.456140592214581],[115.09794540285816,2.40244770799535],[115.06456486357763,2.407549132986162],[115.02755401930256,2.364700153489366],[114.99450828323074,2.3476112170840224],[114.97027015564322,2.367794103714971],[114.94918355287871,2.3241147972601084],[114.96902265297308,2.2942760507991693],[114.91838325578271,2.254812456729553],[114.87197375598407,2.263658075060164],[114.8312202355255,2.2456306394424814],[114.80038657807813,2.2487269315027447],[114.78929093063198,2.200928489058583],[114.74239445334138,2.1910987830823956],[114.73593983555497,2.1500621947145646],[114.7924041002691,2.1457686361137007],[114.82358215309398,2.118225197834647],[114.80132349987969,2.0851244610250887],[114.80991747171402,2.025700789160112],[114.86029706735587,2.0438854064863676],[114.88228603906953,2.03059725326068],[114.85218701621784,1.945629012269137],[114.881289231413,1.9204002068041746],[114.85595606412107,1.8952473760655835],[114.81722998697433,1.8897976553375884],[114.79058829261567,1.8474886251999578],[114.7473284569428,1.8693627435957865],[114.70619420040214,1.8206806506915427],[114.71921791427542,1.715850724031725],[114.70507691596697,1.6373121662235235],[114.68085246526914,1.6103644757400275],[114.6104767479037,1.5752155725406851],[114.59957829660118,1.5314965969903938],[114.615963311158,1.5155246617338207],[114.58958656426864,1.463283702381034],[114.6337998485842,1.4323276094316952],[114.63882155766885,1.3862095853041865],[114.67243306893101,1.3528382775645014],[114.69984943210568,1.35396884858352],[114.72558478341114,1.310535346628967],[114.71592885882978,1.278230747251257],[114.75679669211377,1.2477069584094238],[114.80956235102178,1.1931352656800414],[114.84826798837707,1.1680904408212314],[114.85852113384328,1.1923601930685095],[114.89608083436303,1.2093574804633818],[114.93587968759755,1.1781109433653683],[114.99028364057756,1.182889632250749],[115.00679722131474,1.1273422236647548],[115.0454526513189,1.115960779766226],[115.12290523458898,1.1294028924295958],[115.17354149494406,1.1160348596210952],[115.18553021324885,1.0676532293131231],[115.25240368638106,1.046624899019946],[115.29964545207599,1.0648039990053917],[115.37147528595574,1.0719765150042235],[115.41815044638611,1.1439773855479416],[115.40633790796812,1.1727658650526678],[115.4363746437748,1.2285489625646164],[115.4951683513384,1.255495005490161],[115.6317890838992,1.2851984804256062],[115.76050752400306,1.2599315320146616],[115.7690106499216,1.355388642471894],[115.85505790829586,1.402264023465932],[115.85249998818392,1.43599288366471],[115.91198651276738,1.4785554920423465],[115.95020660525074,1.4884599982303826],[115.97274677054713,1.5312360247228298],[116.00947217899795,1.5272086771387876],[116.04082283420655,1.5598521815330173],[116.03623285456263,1.605871908861559],[116.0765520960025,1.6540164589924302],[116.12935223132047,1.6626557953287602],[116.16186433936787,1.7443182516860247],[116.18412555385135,1.8467056817218577],[116.17953744479735,1.9106968852531168],[116.19395935623936,1.9810038944142434],[116.22937818735352,2.0106005406824465],[116.22083725933214,2.091965842149932],[116.28619088630046,2.1026293024004303],[116.32169022562346,2.1297040814782235],[116.32261307753151,2.251490208206576],[116.31008545308123,2.263509384750364],[116.36006854212962,2.3239994061477205],[116.44287323011554,2.4667458492415903],[116.4490393741678,2.509853889245619],[116.49156800705794,2.494402622782843],[116.58116315385655,2.4280521539837423],[116.64613195732409,2.4305458292266735],[116.72694190224706,2.4436226624559367],[116.75409447178254,2.475823604176014],[116.84862549457102,2.519400410400692],[116.91652673002466,2.533530129411986],[117.00087549730642,2.5827800443636306],[117.07413251660239,2.6080991120844033],[117.2009314311407,2.5962774194673557],[117.31459780664352,2.626341573804609],[117.37446647384877,2.6039748544559984],[117.40273447071934,2.6096855602404503],[117.45168446176854,2.5576197015880098],[117.49855600895273,2.52293414979124],[117.57448505703985,2.504078438569138],[117.61178313308517,2.521811781488566],[117.70835577789694,2.3899416690728117],[117.72082870917768,2.346972762283201],[117.79783086700093,2.325750083999253],[117.82104078440477,2.363132129744031],[117.85696421072976,2.39190943966895],[117.91935357240948,2.395732575498016],[117.98593392680937,2.435721765746962]]]]},"properties":{"ID":33,"kode":65,"Propinsi":"KALIMANTAN UTARA","SUMBER":"Batas Provinsi Desember 2019 Dukcapil (Skala tidak diketahui)"},"id":65}
]}