{"type":"FeatureCollection", "features": [
  {"type":"Feature","geometry":{"type":"Polygon","coordinates":[[[95.87673187,4.36754465],[96.02740479,4.19499302],[96.19193268,4.10721397],[96.27884674,4.15512037],[96.26821136,4.21731234],[96.29689026,4.3505373],[96.47959137,4.46095419],[96.44043732,4.51004314],[96.49328613,4.56109953],[96.49108124,4.62276745],[96.44773865,4.62530184],[96.36935425,4.69165516],[96.2824173,4.69233418],[96.2807312,4.77903366],[96.11691284,4.73966503],[96.04244995,4.65757179],[96.05109406,4.59088612],[95.95373535,4.50326014],[95.87673187,4.36754465]]]},"properties":{"GID_0":"IDN","NAME_0":"Indonesia","GID_1":"IDN.1_1","NAME_1":"Aceh","NL_NAME_1":"","GID_2":"IDN.1.2_1","NAME_2":"Aceh Barat","VARNAME_2":"","NL_NAME_2":"","TYPE_2":"Kabupaten","ENGTYPE_2":"Regency","CC_2":"1107","HASC_2":"ID.AC.AB"}},
  {"type":"Feature","geometry":{"type":"Polygon","coordinates":[[[96.62368011,3.73895693],[96.77786255,3.73746133],[96.87931061,3.67745137],[96.94195557,3.57463884],[96.97021484,3.62296653],[97.0304718,3.60378194],[97.13520813,3.69595671],[97.15357971,3.7455864],[97.10669708,3.8411665],[97.11697388,3.92856073],[97.06681061,3.95897532],[96.98278809,3.94250226],[96.83599091,3.95939016],[96.79160309,4.05107927],[96.724823,4.09688997],[96.6962204,3.98840642],[96.62916565,3.9584794],[96.58294678,3.83850145],[96.62368011,3.73895693]]]},"properties":{"GID_0":"IDN","NAME_0":"Indonesia","GID_1":"IDN.1_1","NAME_1":"Aceh","NL_NAME_1":"","GID_2":"IDN.1.1_1","NAME_2":"Aceh Barat Daya","VARNAME_2":"","NL_NAME_2":"","TYPE_2":"Kabupaten","ENGTYPE_2":"Regency","CC_2":"1112","HASC_2":"ID.AC.AD"}},
  {"type":"Feature","geometry":{"type":"Polygon","coordinates":[[[95.27758789,5.55592632],[95.19384003,5.52731705],[95.2440033,5.45694923],[95.25202942,5.37406921],[95.21529388,5.30662012],[95.30680847,5.16732645],[95.32211304,5.22500992],[95.58187103,5.20922995],[95.6437149,5.1390686],[95.6424942,5.07085705],[95.7432251,5.06117535],[95.8228302,5.08758211],[95.84111023,5.13500786],[95.79293823,5.21226454],[95.79146576,5.27380276],[95.74832153,5.31803417],[95.78074646,5.46136808],[95.73286438,5.4879241],[95.74571991,5.56899548],[95.6101532,5.62799883],[95.49198914,5.60905838],[95.43063354,5.65618229],[95.36692047,5.60866165],[95.36062622,5.5447607],[95.27758789,5.55592632]]]},"properties":{"GID_0":"IDN","NAME_0":"Indonesia","GID_1":"IDN.1_1","NAME_1":"Aceh","NL_NAME_1":"","GID_2":"IDN.1.3_1","NAME_2":"Aceh Besar","VARNAME_2":"","NL_NAME_2":"","TYPE_2":"Kabupaten","ENGTYPE_2":"Regency","CC_2":"1108","HASC_2":"ID.AC.AR"}},
  {"type":"Feature","geometry":{"type":"Polygon","coordinates":[[[95.30680847,5.16732645],[95.33240509,5.05063105],[95.36239624,5.0388217],[95.39638519,4.87700891],[95.54360199,4.6592803],[95.67985535,4.56848001],[95.87673187,4.36754465],[95.95373535,4.50326014],[96.05109406,4.59088612],[96.04244995,4.65757179],[95.99115753,4.78659582],[95.89957428,4.86906481],[95.87905884,4.9149394],[95.7432251,5.06117535],[95.6424942,5.07085705],[95.6437149,5.1390686],[95.58187103,5.20922995],[95.32211304,5.22500992],[95.30680847,5.16732645]]]},"properties":{"GID_0":"IDN","NAME_0":"Indonesia","GID_1":"IDN.1_1","NAME_1":"Aceh","NL_NAME_1":"","GID_2":"IDN.1.4_1","NAME_2":"Aceh Jaya","VARNAME_2":"","NL_NAME_2":"","TYPE_2":"Kabupaten","ENGTYPE_2":"Regency","CC_2":"1116","HASC_2":"ID.AC.AJ"}},
  {"type":"Feature","geometry":{"type":"Polygon","coordinates":[[[97.66524506,2.39479494],[97.73214722,2.42265511],[97.79197693,2.50937295],[97.82510376,2.63580298],[97.76646423,2.7871902],[97.84922791,2.83432412],[97.90745544,2.92073011],[97.89962769,2.96576691],[97.81507111,2.98230004],[97.75003052,2.92665529],[97.6428299,2.95245528],[97.64302063,3.03053689],[97.60321045,3.10940504],[97.47551727,3.22155213],[97.47332764,3.33135533],[97.39852905,3.45205545],[97.45212555,3.53995538],[97.4617691,3.61916423],[97.28460693,3.63961411],[97.20616913,3.69388914],[97.15357971,3.7455864],[97.13520813,3.69595671],[97.0304718,3.60378194],[96.97021484,3.62296653],[96.94195557,3.57463884],[96.99974823,3.54526949],[97.17687225,3.25161672],[97.24462128,3.23600507],[97.31898499,3.05483294],[97.42512512,2.93429351],[97.61122131,2.84133697],[97.65006256,2.66209006],[97.66524506,2.39479494]]]},"properties":{"GID_0":"IDN","NAME_0":"Indonesia","GID_1":"IDN.1_1","NAME_1":"Aceh","NL_NAME_1":"","GID_2":"IDN.1.5_1","NAME_2":"Aceh Selatan","VARNAME_2":"","NL_NAME_2":"","TYPE_2":"Kabupaten","ENGTYPE_2":"Regency","CC_2":"1103","HASC_2":"ID.AC.AS"}},
  {"type":"Feature","geometry":{"type":"MultiPolygon","coordinates":[[[[97.33066559,2.16582942],[97.30539703,2.23043799],[97.2151413,2.18409824],[97.31075287,2.06716776],[97.36375427,2.10118842],[97.33066559,2.16582942]]],[[[98.13165283,2.16506815],[98.19696808,2.31126761],[98.14846802,2.42126298],[98.0826416,2.51239157],[98.07876587,2.58311844],[97.98828888,2.60974598],[97.84027863,2.50465512],[97.79197693,2.50937295],[97.73214722,2.42265511],[97.66524506,2.39479494],[97.80073547,2.26681471],[97.94893646,2.2698915],[98.13165283,2.16506815]]]]},"properties":{"GID_0":"IDN","NAME_0":"Indonesia","GID_1":"IDN.1_1","NAME_1":"Aceh","NL_NAME_1":"","GID_2":"IDN.1.6_1","NAME_2":"Aceh Singkil","VARNAME_2":"","NL_NAME_2":"","TYPE_2":"Kabupaten","ENGTYPE_2":"Regency","CC_2":"1102","HASC_2":"ID.AC.AN"}},
  {"type":"Feature","geometry":{"type":"Polygon","coordinates":[[[97.71784973,4.24724531],[97.72954559,4.14538383],[97.77775574,4.10842896],[97.79881287,4.00868177],[97.8611145,3.92251348],[97.90848541,3.90932488],[98.0295639,3.98061681],[98.07925415,4.25933361],[98.15400696,4.28908443],[98.25143433,4.28873158],[98.28592682,4.41692781],[98.17066956,4.50234604],[98.06430817,4.5497942],[98.02415466,4.41583252],[97.97235107,4.3797698],[97.85704041,4.39147425],[97.77502441,4.34304523],[97.71784973,4.24724531]]]},"properties":{"GID_0":"IDN","NAME_0":"Indonesia","GID_1":"IDN.1_1","NAME_1":"Aceh","NL_NAME_1":"","GID_2":"IDN.1.7_1","NAME_2":"Aceh Tamiang","VARNAME_2":"","NL_NAME_2":"","TYPE_2":"Kabupaten","ENGTYPE_2":"Regency","CC_2":"1114","HASC_2":"ID.AC.AM"}},
  {"type":"Feature","geometry":{"type":"Polygon","coordinates":[[[96.82055664,4.28538275],[96.95049286,4.18656731],[97.06707764,4.21985435],[97.16150665,4.28084135],[97.25162506,4.17000914],[97.35683441,4.20913887],[97.36885071,4.40166855],[97.31302643,4.60284567],[97.19434357,4.57532787],[97.10935211,4.58462238],[96.94954681,4.65260792],[96.84023285,4.66597891],[96.70901489,4.75250912],[96.69102478,4.89864683],[96.65740204,4.95543432],[96.44958496,4.92513943],[96.37599945,4.84222174],[96.35048676,4.77568007],[96.2807312,4.77903366],[96.2824173,4.69233418],[96.36935425,4.69165516],[96.44773865,4.62530184],[96.49108124,4.62276745],[96.5815506,4.57301617],[96.60443878,4.47729778],[96.58391571,4.41979218],[96.64464569,4.37916327],[96.77806854,4.32695818],[96.82055664,4.28538275]]]},"properties":{"GID_0":"IDN","NAME_0":"Indonesia","GID_1":"IDN.1_1","NAME_1":"Aceh","NL_NAME_1":"","GID_2":"IDN.1.8_1","NAME_2":"Aceh Tengah","VARNAME_2":"","NL_NAME_2":"","TYPE_2":"Kabupaten","ENGTYPE_2":"Regency","CC_2":"1106","HASC_2":"ID.AC.AT"}},
  {"type":"Feature","geometry":{"type":"Polygon","coordinates":[[[97.93514252,2.98951912],[97.93943787,3.07622385],[97.98244476,3.08713412],[97.91707611,3.23071003],[98.01385498,3.29364491],[98.02889252,3.33101463],[97.94998169,3.38894367],[97.94976807,3.47281694],[97.86825562,3.57103205],[97.82460785,3.74952602],[97.30480194,3.67682934],[97.20616913,3.69388914],[97.28460693,3.63961411],[97.4617691,3.61916423],[97.45212555,3.53995538],[97.39852905,3.45205545],[97.47332764,3.33135533],[97.47551727,3.22155213],[97.60321045,3.10940504],[97.64302063,3.03053689],[97.6428299,2.95245528],[97.75003052,2.92665529],[97.81507111,2.98230004],[97.93514252,2.98951912]]]},"properties":{"GID_0":"IDN","NAME_0":"Indonesia","GID_1":"IDN.1_1","NAME_1":"Aceh","NL_NAME_1":"","GID_2":"IDN.1.9_1","NAME_2":"Aceh Tenggara","VARNAME_2":"","NL_NAME_2":"","TYPE_2":"Kabupaten","ENGTYPE_2":"Regency","CC_2":"1104","HASC_2":"ID.AC.AG"}},
  {"type":"Feature","geometry":{"type":"Polygon","coordinates":[[[97.35683441,4.20913887],[97.46565247,4.15909052],[97.57336426,4.18602324],[97.71784973,4.24724531],[97.77502441,4.34304523],[97.85704041,4.39147425],[97.97235107,4.3797698],[98.02415466,4.41583252],[97.87740326,4.45818472],[97.89756012,4.50631046],[97.97573853,4.55610466],[97.99386597,4.62994719],[97.90593719,4.88920832],[97.80725861,4.93488836],[97.64564514,5.07735968],[97.55473328,5.21335745],[97.48377991,5.24373055],[97.50060272,5.19128084],[97.45988464,5.11253166],[97.50991058,5.06538248],[97.50048065,4.87043381],[97.39993286,4.76677656],[97.31906891,4.74097443],[97.29404449,4.65983105],[97.31302643,4.60284567],[97.36885071,4.40166855],[97.35683441,4.20913887]]]},"properties":{"GID_0":"IDN","NAME_0":"Indonesia","GID_1":"IDN.1_1","NAME_1":"Aceh","NL_NAME_1":"","GID_2":"IDN.1.10_1","NAME_2":"Aceh Timur","VARNAME_2":"","NL_NAME_2":"","TYPE_2":"Kabupaten","ENGTYPE_2":"Regency","CC_2":"1105","HASC_2":"ID.AC.AI"}},
  {"type":"Feature","geometry":{"type":"Polygon","coordinates":[[[96.78598022,4.94206095],[96.85449219,4.88025188],[96.98033905,4.86215878],[97.0121994,4.90768337],[97.14365387,4.91278553],[97.25782013,4.86745405],[97.28107452,4.8154273],[97.24790955,4.75473118],[97.31906891,4.74097443],[97.39993286,4.76677656],[97.50048065,4.87043381],[97.50991058,5.06538248],[97.45988464,5.11253166],[97.50060272,5.19128084],[97.48377991,5.24373055],[97.24234009,5.15409136],[97.17711639,5.14135742],[97.15633392,5.08370399],[97.03681946,5.21330929],[97.04557037,5.24086237],[96.90605927,5.25054455],[96.9146347,5.19965124],[96.85945129,5.09509897],[96.82180023,5.06973505],[96.78598022,4.94206095]]]},"properties":{"GID_0":"IDN","NAME_0":"Indonesia","GID_1":"IDN.1_1","NAME_1":"Aceh","NL_NAME_1":"","GID_2":"IDN.1.11_1","NAME_2":"Aceh Utara","VARNAME_2":"","NL_NAME_2":"","TYPE_2":"Kabupaten","ENGTYPE_2":"Regency","CC_2":"1111","HASC_2":"ID.AC.AU"}},
  {"type":"Feature","geometry":{"type":"Polygon","coordinates":[[[95.27758789,5.55592632],[95.36062622,5.5447607],[95.36692047,5.60866165],[95.27758789,5.55592632]]]},"properties":{"GID_0":"IDN","NAME_0":"Indonesia","GID_1":"IDN.1_1","NAME_1":"Aceh","NL_NAME_1":"","GID_2":"IDN.1.12_1","NAME_2":"Banda Aceh","VARNAME_2":"","NL_NAME_2":"","TYPE_2":"Kota","ENGTYPE_2":"City","CC_2":"1171","HASC_2":"ID.AC.BA"}},
  {"type":"Feature","geometry":{"type":"Polygon","coordinates":[[[96.65740204,4.95543432],[96.69102478,4.89864683],[96.70901489,4.75250912],[96.84023285,4.66597891],[96.94954681,4.65260792],[97.10935211,4.58462238],[97.19434357,4.57532787],[97.31302643,4.60284567],[97.29404449,4.65983105],[97.31906891,4.74097443],[97.24790955,4.75473118],[97.28107452,4.8154273],[97.25782013,4.86745405],[97.14365387,4.91278553],[97.0121994,4.90768337],[96.98033905,4.86215878],[96.85449219,4.88025188],[96.78598022,4.94206095],[96.74468231,4.96665812],[96.65740204,4.95543432]]]},"properties":{"GID_0":"IDN","NAME_0":"Indonesia","GID_1":"IDN.1_1","NAME_1":"Aceh","NL_NAME_1":"","GID_2":"IDN.1.13_1","NAME_2":"Bener Meriah","VARNAME_2":"","NL_NAME_2":"","TYPE_2":"Kabupaten","ENGTYPE_2":"Regency","CC_2":"1117","HASC_2":"ID.AC.BM"}},
  {"type":"Feature","geometry":{"type":"Polygon","coordinates":[[[96.78598022,4.94206095],[96.82180023,5.06973505],[96.85945129,5.09509897],[96.9146347,5.19965124],[96.90605927,5.25054455],[96.84471893,5.27687979],[96.62889862,5.21206236],[96.53462219,5.19926071],[96.47220612,5.23815727],[96.39551544,5.20989561],[96.35124207,5.22570467],[96.36934662,5.04494095],[96.34172821,4.94408846],[96.44958496,4.92513943],[96.65740204,4.95543432],[96.74468231,4.96665812],[96.78598022,4.94206095]]]},"properties":{"GID_0":"IDN","NAME_0":"Indonesia","GID_1":"IDN.1_1","NAME_1":"Aceh","NL_NAME_1":"","GID_2":"IDN.1.14_1","NAME_2":"Bireuen","VARNAME_2":"","NL_NAME_2":"","TYPE_2":"Kabupaten","ENGTYPE_2":"Regency","CC_2":"1110","HASC_2":"ID.AC.BI"}},
  {"type":"Feature","geometry":{"type":"Polygon","coordinates":[[[96.724823,4.09688997],[96.79160309,4.05107927],[96.83599091,3.95939016],[96.98278809,3.94250226],[97.06681061,3.95897532],[97.11697388,3.92856073],[97.10669708,3.8411665],[97.15357971,3.7455864],[97.20616913,3.69388914],[97.30480194,3.67682934],[97.82460785,3.74952602],[97.92151642,3.84350204],[97.90848541,3.90932488],[97.8611145,3.92251348],[97.79881287,4.00868177],[97.77775574,4.10842896],[97.72954559,4.14538383],[97.71784973,4.24724531],[97.57336426,4.18602324],[97.46565247,4.15909052],[97.35683441,4.20913887],[97.25162506,4.17000914],[97.16150665,4.28084135],[97.06707764,4.21985435],[96.95049286,4.18656731],[96.82055664,4.28538275],[96.724823,4.09688997]]]},"properties":{"GID_0":"IDN","NAME_0":"Indonesia","GID_1":"IDN.1_1","NAME_1":"Aceh","NL_NAME_1":"","GID_2":"IDN.1.15_1","NAME_2":"Gayo Lues","VARNAME_2":"","NL_NAME_2":"","TYPE_2":"Kabupaten","ENGTYPE_2":"Regency","CC_2":"1113","HASC_2":"ID.AC.GL"}},
  {"type":"Feature","geometry":{"type":"Polygon","coordinates":[[[98.02415466,4.41583252],[98.06430817,4.5497942],[97.97573853,4.55610466],[97.89756012,4.50631046],[97.87740326,4.45818472],[98.02415466,4.41583252]]]},"properties":{"GID_0":"IDN","NAME_0":"Indonesia","GID_1":"IDN.1_1","NAME_1":"Aceh","NL_NAME_1":"","GID_2":"IDN.1.16_1","NAME_2":"Langsa","VARNAME_2":"","NL_NAME_2":"","TYPE_2":"Kota","ENGTYPE_2":"City","CC_2":"1173","HASC_2":"ID.AC.LA"}},
  {"type":"Feature","geometry":{"type":"Polygon","coordinates":[[[97.04557037,5.24086237],[97.03681946,5.21330929],[97.15633392,5.08370399],[97.17711639,5.14135742],[97.14037323,5.20115805],[97.04557037,5.24086237]]]},"properties":{"GID_0":"IDN","NAME_0":"Indonesia","GID_1":"IDN.1_1","NAME_1":"Aceh","NL_NAME_1":"","GID_2":"IDN.1.17_1","NAME_2":"Lhokseumawe","VARNAME_2":"","NL_NAME_2":"","TYPE_2":"Kota","ENGTYPE_2":"City","CC_2":"1174","HASC_2":"ID.AC.LH"}},
  {"type":"Feature","geometry":{"type":"Polygon","coordinates":[[[96.62368011,3.73895693],[96.58294678,3.83850145],[96.62916565,3.9584794],[96.6962204,3.98840642],[96.724823,4.09688997],[96.82055664,4.28538275],[96.77806854,4.32695818],[96.64464569,4.37916327],[96.58391571,4.41979218],[96.60443878,4.47729778],[96.5815506,4.57301617],[96.49108124,4.62276745],[96.49328613,4.56109953],[96.44043732,4.51004314],[96.47959137,4.46095419],[96.29689026,4.3505373],[96.26821136,4.21731234],[96.27884674,4.15512037],[96.19193268,4.10721397],[96.29595947,3.98277187],[96.38523102,3.84925604],[96.53653717,3.72982192],[96.62368011,3.73895693]]]},"properties":{"GID_0":"IDN","NAME_0":"Indonesia","GID_1":"IDN.1_1","NAME_1":"Aceh","NL_NAME_1":"","GID_2":"IDN.1.18_1","NAME_2":"Nagan Raya","VARNAME_2":"","NL_NAME_2":"","TYPE_2":"Kabupaten","ENGTYPE_2":"Regency","CC_2":"1115","HASC_2":"ID.AC.NR"}},
  {"type":"Feature","geometry":{"type":"Polygon","coordinates":[[[96.34172821,4.94408846],[96.26120758,4.91491604],[96.18954468,4.99955416],[96.18370056,5.06821394],[96.06005859,5.10703182],[96.04032135,5.24066591],[96.08604431,5.28985977],[95.94989777,5.39706802],[95.88527679,5.50460291],[95.74571991,5.56899548],[95.73286438,5.4879241],[95.78074646,5.46136808],[95.74832153,5.31803417],[95.79146576,5.27380276],[95.79293823,5.21226454],[95.84111023,5.13500786],[95.8228302,5.08758211],[95.7432251,5.06117535],[95.87905884,4.9149394],[95.89957428,4.86906481],[95.99115753,4.78659582],[96.04244995,4.65757179],[96.11691284,4.73966503],[96.2807312,4.77903366],[96.35048676,4.77568007],[96.37599945,4.84222174],[96.44958496,4.92513943],[96.34172821,4.94408846]]]},"properties":{"GID_0":"IDN","NAME_0":"Indonesia","GID_1":"IDN.1_1","NAME_1":"Aceh","NL_NAME_1":"","GID_2":"IDN.1.20_1","NAME_2":"Pidie","VARNAME_2":"","NL_NAME_2":"","TYPE_2":"Kabupaten","ENGTYPE_2":"Regency","CC_2":"1109","HASC_2":"ID.AC.PD"}},
  {"type":"Feature","geometry":{"type":"Polygon","coordinates":[[[96.34172821,4.94408846],[96.36934662,5.04494095],[96.35124207,5.22570467],[96.25748444,5.2632165],[96.19646454,5.25896597],[96.08604431,5.28985977],[96.04032135,5.24066591],[96.06005859,5.10703182],[96.18370056,5.06821394],[96.18954468,4.99955416],[96.26120758,4.91491604],[96.34172821,4.94408846]]]},"properties":{"GID_0":"IDN","NAME_0":"Indonesia","GID_1":"IDN.1_1","NAME_1":"Aceh","NL_NAME_1":"","GID_2":"IDN.1.19_1","NAME_2":"Pidie Jaya","VARNAME_2":"","NL_NAME_2":"","TYPE_2":"Kabupaten","ENGTYPE_2":"Regency","CC_2":"1118","HASC_2":"ID.AC.PJ"}},
  {"type":"Feature","geometry":{"type":"Polygon","coordinates":[[[95.34263611,5.78620338],[95.34977722,5.88558674],[95.31019592,5.8939724],[95.28156281,5.78388262],[95.34263611,5.78620338]]]},"properties":{"GID_0":"IDN","NAME_0":"Indonesia","GID_1":"IDN.1_1","NAME_1":"Aceh","NL_NAME_1":"","GID_2":"IDN.1.21_1","NAME_2":"Sabang","VARNAME_2":"","NL_NAME_2":"","TYPE_2":"Kota","ENGTYPE_2":"City","CC_2":"1172","HASC_2":"ID.AC.SA"}},
  {"type":"Feature","geometry":{"type":"Polygon","coordinates":[[[95.9572525,2.57576346],[96.04296875,2.580755],[96.11910248,2.53949404],[96.22888947,2.44150853],[96.30937195,2.42224455],[96.31813812,2.35367775],[96.43626404,2.32774496],[96.498703,2.36322594],[96.46733093,2.46038413],[96.36662292,2.49657631],[96.3240509,2.5588572],[96.23371887,2.6221292],[96.10543823,2.64075494],[96.11823273,2.73774123],[96.02674103,2.75747705],[95.92601776,2.83062315],[95.86910248,2.91440177],[95.76773834,2.8975246],[95.76126862,2.82416081],[95.69213867,2.77261758],[95.79383087,2.65538311],[95.9572525,2.57576346]]]},"properties":{"GID_0":"IDN","NAME_0":"Indonesia","GID_1":"IDN.1_1","NAME_1":"Aceh","NL_NAME_1":"","GID_2":"IDN.1.22_1","NAME_2":"Simeulue","VARNAME_2":"","NL_NAME_2":"","TYPE_2":"Kabupaten","ENGTYPE_2":"Regency","CC_2":"1101","HASC_2":"ID.AC.SI"}},
  {"type":"Feature","geometry":{"type":"Polygon","coordinates":[[[97.79197693,2.50937295],[97.84027863,2.50465512],[97.98828888,2.60974598],[98.07876587,2.58311844],[98.10399628,2.68213248],[98.0697403,2.76324797],[98.11691284,2.78503966],[97.99240112,2.8822031],[97.94869232,2.89533043],[97.93514252,2.98951912],[97.81507111,2.98230004],[97.89962769,2.96576691],[97.90745544,2.92073011],[97.84922791,2.83432412],[97.76646423,2.7871902],[97.82510376,2.63580298],[97.79197693,2.50937295]]]},"properties":{"GID_0":"IDN","NAME_0":"Indonesia","GID_1":"IDN.1_1","NAME_1":"Aceh","NL_NAME_1":"","GID_2":"IDN.1.23_1","NAME_2":"Subulussalam","VARNAME_2":"","NL_NAME_2":"","TYPE_2":"Kota","ENGTYPE_2":"City","CC_2":"1175","HASC_2":"ID.AC.SU"}},
  {"type":"Feature","geometry":{"type":"Polygon","coordinates":[[[115.0994339,-8.63617992],[115.16601563,-8.70856953],[115.14507294,-8.77946663],[115.1701889,-8.84905338],[115.23591614,-8.80336761],[115.19036865,-8.73767567],[115.17952728,-8.61759853],[115.24228668,-8.60307312],[115.22537994,-8.39025307],[115.25102234,-8.31453609],[115.23260498,-8.24194813],[115.18325806,-8.24534225],[115.20748901,-8.30875969],[115.2168808,-8.43412781],[115.15035248,-8.57965088],[115.0994339,-8.63617992]]]},"properties":{"GID_0":"IDN","NAME_0":"Indonesia","GID_1":"IDN.2_1","NAME_1":"Bali","NL_NAME_1":"","GID_2":"IDN.2.1_1","NAME_2":"Badung","VARNAME_2":"","NL_NAME_2":"","TYPE_2":"Kabupaten","ENGTYPE_2":"Regency","CC_2":"5103","HASC_2":"ID.BA.BD"}},
  {"type":"Feature","geometry":{"type":"Polygon","coordinates":[[[115.35762787,-8.52094555],[115.40245819,-8.45636749],[115.39608765,-8.36108017],[115.44939423,-8.25260544],[115.43630981,-8.18138027],[115.32349396,-8.14470196],[115.24250793,-8.18852711],[115.23260498,-8.24194813],[115.25102234,-8.31453609],[115.32848358,-8.33065796],[115.31750488,-8.4343214],[115.35762787,-8.52094555]]]},"properties":{"GID_0":"IDN","NAME_0":"Indonesia","GID_1":"IDN.2_1","NAME_1":"Bali","NL_NAME_1":"","GID_2":"IDN.2.2_1","NAME_2":"Bangli","VARNAME_2":"","NL_NAME_2":"","TYPE_2":"Kabupaten","ENGTYPE_2":"Regency","CC_2":"5106","HASC_2":"ID.BA.BN"}},
  {"type":"Feature","geometry":{"type":"Polygon","coordinates":[[[115.45733643,-8.16618347],[115.33912659,-8.1115427],[115.15646362,-8.06493855],[114.98709869,-8.18023014],[114.82342529,-8.19232655],[114.58666992,-8.11974812],[114.45903015,-8.17184544],[114.51940155,-8.2049036],[114.58527374,-8.17747498],[114.77613068,-8.26313782],[114.82408905,-8.33292675],[114.92908478,-8.38267899],[114.98574066,-8.29017067],[115.12402344,-8.30781555],[115.18325806,-8.24534225],[115.23260498,-8.24194813],[115.24250793,-8.18852711],[115.32349396,-8.14470196],[115.43630981,-8.18138027],[115.45733643,-8.16618347]]]},"properties":{"GID_0":"IDN","NAME_0":"Indonesia","GID_1":"IDN.2_1","NAME_1":"Bali","NL_NAME_1":"","GID_2":"IDN.2.3_1","NAME_2":"Buleleng","VARNAME_2":"","NL_NAME_2":"","TYPE_2":"Kabupaten","ENGTYPE_2":"Regency","CC_2":"5108","HASC_2":"ID.BA.BL"}},
  {"type":"Feature","geometry":{"type":"Polygon","coordinates":[[[115.19036865,-8.73767567],[115.26337433,-8.70701122],[115.2749939,-8.65015888],[115.24228668,-8.60307312],[115.17952728,-8.61759853],[115.19036865,-8.73767567]]]},"properties":{"GID_0":"IDN","NAME_0":"Indonesia","GID_1":"IDN.2_1","NAME_1":"Bali","NL_NAME_1":"","GID_2":"IDN.2.4_1","NAME_2":"Denpasar","VARNAME_2":"","NL_NAME_2":"","TYPE_2":"Kota","ENGTYPE_2":"City","CC_2":"5171","HASC_2":"ID.BA.DE"}},
  {"type":"Feature","geometry":{"type":"Polygon","coordinates":[[[115.2749939,-8.65015888],[115.37103271,-8.57482624],[115.35762787,-8.52094555],[115.31750488,-8.4343214],[115.32848358,-8.33065796],[115.25102234,-8.31453609],[115.22537994,-8.39025307],[115.24228668,-8.60307312],[115.2749939,-8.65015888]]]},"properties":{"GID_0":"IDN","NAME_0":"Indonesia","GID_1":"IDN.2_1","NAME_1":"Bali","NL_NAME_1":"","GID_2":"IDN.2.5_1","NAME_2":"Gianyar","VARNAME_2":"","NL_NAME_2":"","TYPE_2":"Kabupaten","ENGTYPE_2":"Regency","CC_2":"5104","HASC_2":"ID.BA.GI"}},
  {"type":"Feature","geometry":{"type":"Polygon","coordinates":[[[114.45903015,-8.17184544],[114.44770813,-8.21677876],[114.5200882,-8.3298645],[114.58795929,-8.40129662],[114.73353577,-8.39582443],[114.91452789,-8.46527767],[114.92908478,-8.38267899],[114.82408905,-8.33292675],[114.77613068,-8.26313782],[114.58527374,-8.17747498],[114.51940155,-8.2049036],[114.45903015,-8.17184544]]]},"properties":{"GID_0":"IDN","NAME_0":"Indonesia","GID_1":"IDN.2_1","NAME_1":"Bali","NL_NAME_1":"","GID_2":"IDN.2.6_1","NAME_2":"Jembrana","VARNAME_2":"","NL_NAME_2":"","TYPE_2":"Kabupaten","ENGTYPE_2":"Regency","CC_2":"5101","HASC_2":"ID.BA.JE"}},
  {"type":"Feature","geometry":{"type":"Polygon","coordinates":[[[115.47911072,-8.55091572],[115.5304184,-8.50102615],[115.58081055,-8.51513958],[115.71127319,-8.39979649],[115.55818939,-8.23131752],[115.45733643,-8.16618347],[115.43630981,-8.18138027],[115.44939423,-8.25260544],[115.39608765,-8.36108017],[115.40245819,-8.45636749],[115.47911072,-8.55091572]]]},"properties":{"GID_0":"IDN","NAME_0":"Indonesia","GID_1":"IDN.2_1","NAME_1":"Bali","NL_NAME_1":"","GID_2":"IDN.2.7_1","NAME_2":"Karangasem","VARNAME_2":"","NL_NAME_2":"","TYPE_2":"Kabupaten","ENGTYPE_2":"Regency","CC_2":"5107","HASC_2":"ID.BA.KA"}},
  {"type":"Feature","geometry":{"type":"MultiPolygon","coordinates":[[[[115.51639557,-8.78095055],[115.58708954,-8.81948757],[115.62858582,-8.76995468],[115.56323242,-8.67216301],[115.49764252,-8.6719799],[115.44790649,-8.72181129],[115.51639557,-8.78095055]]],[[[115.37103271,-8.57482624],[115.47911072,-8.55091572],[115.40245819,-8.45636749],[115.35762787,-8.52094555],[115.37103271,-8.57482624]]]]},"properties":{"GID_0":"IDN","NAME_0":"Indonesia","GID_1":"IDN.2_1","NAME_1":"Bali","NL_NAME_1":"","GID_2":"IDN.2.8_1","NAME_2":"Klungkung","VARNAME_2":"","NL_NAME_2":"","TYPE_2":"Kabupaten","ENGTYPE_2":"Regency","CC_2":"5105","HASC_2":"ID.BA.KL"}},
  {"type":"Feature","geometry":{"type":"Polygon","coordinates":[[[115.0994339,-8.63617992],[115.15035248,-8.57965088],[115.2168808,-8.43412781],[115.20748901,-8.30875969],[115.18325806,-8.24534225],[115.12402344,-8.30781555],[114.98574066,-8.29017067],[114.92908478,-8.38267899],[114.91452789,-8.46527767],[115.05919647,-8.58046436],[115.0994339,-8.63617992]]]},"properties":{"GID_0":"IDN","NAME_0":"Indonesia","GID_1":"IDN.2_1","NAME_1":"Bali","NL_NAME_1":"","GID_2":"IDN.2.9_1","NAME_2":"Tabanan","VARNAME_2":"","NL_NAME_2":"","TYPE_2":"Kabupaten","ENGTYPE_2":"Regency","CC_2":"5102","HASC_2":"ID.BA.TA"}},
  {"type":"Feature","geometry":{"type":"Polygon","coordinates":[[[106.08876801,-2.14559507],[106.06227875,-2.07023954],[106.15888977,-2.08590794],[106.15008545,-1.99421179],[106.18600464,-1.90280581],[106.12180328,-1.83260965],[106.02233124,-1.63584113],[106.04799652,-1.60065818],[105.92099762,-1.50914752],[105.71950531,-1.54259944],[105.74633789,-1.7782073],[105.74781036,-1.86148798],[105.7015686,-1.92216778],[105.77396393,-1.98909974],[105.72685242,-2.05176401],[105.74705505,-2.13076472],[105.78913116,-2.172405],[105.78836823,-2.25379276],[105.82555389,-2.30838943],[105.80330658,-2.36680746],[105.89971161,-2.33844161],[105.94914246,-2.22883821],[106.01618958,-2.21679592],[106.08876801,-2.14559507]]]},"properties":{"GID_0":"IDN","NAME_0":"Indonesia","GID_1":"IDN.3_1","NAME_1":"Bangka Belitung","NL_NAME_1":"","GID_2":"IDN.3.4_1","NAME_2":"Bangka","VARNAME_2":"","NL_NAME_2":"","TYPE_2":"Kabupaten","ENGTYPE_2":"Regency","CC_2":"1901","HASC_2":"ID.BB.BA"}},
  {"type":"Feature","geometry":{"type":"Polygon","coordinates":[[[105.74633789,-1.7782073],[105.69398499,-1.78376138],[105.60209656,-1.52902496],[105.53970337,-1.56686497],[105.47280121,-1.56464303],[105.35404968,-1.6476177],[105.39412689,-1.72609282],[105.34922028,-1.83984172],[105.24914551,-1.90628183],[105.15951538,-1.93224072],[105.10806274,-2.02381611],[105.15092468,-2.0713954],[105.2167511,-2.07674074],[105.27484894,-2.14543128],[105.33357239,-2.12026739],[105.42883301,-2.13586307],[105.53026581,-2.07872105],[105.61386871,-2.12149906],[105.74705505,-2.13076472],[105.72685242,-2.05176401],[105.77396393,-1.98909974],[105.7015686,-1.92216778],[105.74781036,-1.86148798],[105.74633789,-1.7782073]]]},"properties":{"GID_0":"IDN","NAME_0":"Indonesia","GID_1":"IDN.3_1","NAME_1":"Bangka Belitung","NL_NAME_1":"","GID_2":"IDN.3.1_1","NAME_2":"Bangka Barat","VARNAME_2":"","NL_NAME_2":"","TYPE_2":"Kabupaten","ENGTYPE_2":"Regency","CC_2":"1903","HASC_2":"ID.BB.BB"}},
  {"type":"Feature","geometry":{"type":"MultiPolygon","coordinates":[[[[105.93545532,-2.48232174],[105.88742065,-2.6383996],[105.9183197,-2.74118638],[105.97768402,-2.81548977],[106.12033081,-2.84947968],[106.27965546,-2.90317631],[106.32998657,-2.96381855],[106.41696167,-2.96836066],[106.48273468,-3.03791666],[106.51393127,-3.11541462],[106.56613922,-3.08347344],[106.68608093,-3.08952451],[106.7432785,-3.05645823],[106.69477844,-3.00302792],[106.61444855,-2.96499968],[106.59070587,-2.91704369],[106.66152954,-2.71577168],[106.55588531,-2.66065001],[106.49626923,-2.65694404],[106.43751526,-2.56884623],[106.30899048,-2.54807138],[106.23755646,-2.58490562],[106.11208344,-2.48799872],[105.93545532,-2.48232174]]],[[[106.83351135,-3.0290637],[106.91040802,-2.94428945],[106.80991364,-2.88787913],[106.73247528,-2.92535782],[106.71784973,-2.96977401],[106.83351135,-3.0290637]]]]},"properties":{"GID_0":"IDN","NAME_0":"Indonesia","GID_1":"IDN.3_1","NAME_1":"Bangka Belitung","NL_NAME_1":"","GID_2":"IDN.3.2_1","NAME_2":"Bangka Selatan","VARNAME_2":"","NL_NAME_2":"","TYPE_2":"Kabupaten","ENGTYPE_2":"Regency","CC_2":"1905","HASC_2":"ID.BB.BS"}},
  {"type":"Feature","geometry":{"type":"Polygon","coordinates":[[[106.66152954,-2.71577168],[106.74681091,-2.60837173],[106.8423996,-2.57182693],[106.56544495,-2.52024627],[106.35586548,-2.46563292],[106.30164337,-2.42266607],[106.22615814,-2.29986835],[106.17760468,-2.15429759],[106.08876801,-2.14559507],[106.01618958,-2.21679592],[105.94914246,-2.22883821],[105.89971161,-2.33844161],[105.80330658,-2.36680746],[105.83319092,-2.4110055],[105.93545532,-2.48232174],[106.11208344,-2.48799872],[106.23755646,-2.58490562],[106.30899048,-2.54807138],[106.43751526,-2.56884623],[106.49626923,-2.65694404],[106.55588531,-2.66065001],[106.66152954,-2.71577168]]]},"properties":{"GID_0":"IDN","NAME_0":"Indonesia","GID_1":"IDN.3_1","NAME_1":"Bangka Belitung","NL_NAME_1":"","GID_2":"IDN.3.3_1","NAME_2":"Bangka Tengah","VARNAME_2":"","NL_NAME_2":"","TYPE_2":"Kabupaten","ENGTYPE_2":"Regency","CC_2":"1904","HASC_2":"ID.BB.BG"}},
  {"type":"Feature","geometry":{"type":"MultiPolygon","coordinates":[[[[107.93792725,-2.57003474],[107.81259155,-2.53511834],[107.66737366,-2.555866],[107.59604645,-2.78812456],[107.5979538,-2.95562434],[107.56073761,-2.99660921],[107.58248138,-3.08567739],[107.62789154,-3.13392806],[107.58555603,-3.20364475],[107.63610077,-3.23869061],[107.70865631,-3.1925602],[107.8354187,-3.15826917],[107.84829712,-3.05960464],[107.84907532,-2.97670746],[107.75064087,-2.89362526],[107.85495758,-2.86747003],[107.86735535,-2.80079198],[107.93684387,-2.79943109],[107.95828247,-2.75704765],[107.8763504,-2.69041061],[107.93792725,-2.57003474]]],[[[107.42629242,-2.9287951],[107.46864319,-2.90811992],[107.47208405,-2.82558894],[107.42044067,-2.82741284],[107.34836578,-2.87735486],[107.42629242,-2.9287951]]]]},"properties":{"GID_0":"IDN","NAME_0":"Indonesia","GID_1":"IDN.3_1","NAME_1":"Bangka Belitung","NL_NAME_1":"","GID_2":"IDN.3.6_1","NAME_2":"Belitung","VARNAME_2":"","NL_NAME_2":"","TYPE_2":"Kabupaten","ENGTYPE_2":"Regency","CC_2":"1902","HASC_2":"ID.BB.BE"}},
  {"type":"Feature","geometry":{"type":"Polygon","coordinates":[[[107.84829712,-3.05960464],[107.93374634,-3.13237572],[107.97348785,-3.19413733],[107.96697998,-3.24682021],[108.08037567,-3.24650431],[108.09980011,-3.1664722],[108.17089844,-3.16044593],[108.21729279,-3.05412149],[108.20793915,-3.01693392],[108.2980957,-2.84899044],[108.2707901,-2.75182319],[108.08361053,-2.60255599],[108.00273895,-2.61862302],[107.93792725,-2.57003474],[107.8763504,-2.69041061],[107.95828247,-2.75704765],[107.93684387,-2.79943109],[107.86735535,-2.80079198],[107.85495758,-2.86747003],[107.75064087,-2.89362526],[107.84907532,-2.97670746],[107.84829712,-3.05960464]]]},"properties":{"GID_0":"IDN","NAME_0":"Indonesia","GID_1":"IDN.3_1","NAME_1":"Bangka Belitung","NL_NAME_1":"","GID_2":"IDN.3.5_1","NAME_2":"Belitung Timur","VARNAME_2":"","NL_NAME_2":"","TYPE_2":"Kabupaten","ENGTYPE_2":"Regency","CC_2":"1906","HASC_2":"ID.BB.BT"}},
  {"type":"Feature","geometry":{"type":"Polygon","coordinates":[[[106.08876801,-2.14559507],[106.17760468,-2.15429759],[106.15888977,-2.08590794],[106.06227875,-2.07023954],[106.08876801,-2.14559507]]]},"properties":{"GID_0":"IDN","NAME_0":"Indonesia","GID_1":"IDN.3_1","NAME_1":"Bangka Belitung","NL_NAME_1":"","GID_2":"IDN.3.7_1","NAME_2":"Pangkalpinang","VARNAME_2":"","NL_NAME_2":"","TYPE_2":"Kota","ENGTYPE_2":"City","CC_2":"1971","HASC_2":"ID.BB.PP"}},
  {"type":"Feature","geometry":{"type":"Polygon","coordinates":[[[105.92321014,-6.04680157],[106.08140564,-6.03819132],[106.0331192,-5.93435049],[106.04135132,-5.87819672],[105.99594116,-5.97468376],[105.92321014,-6.04680157]]]},"properties":{"GID_0":"IDN","NAME_0":"Indonesia","GID_1":"IDN.4_1","NAME_1":"Banten","NL_NAME_1":"","GID_2":"IDN.4.1_1","NAME_2":"Cilegon","VARNAME_2":"","NL_NAME_2":"","TYPE_2":"Kota","ENGTYPE_2":"City","CC_2":"3672","HASC_2":"ID.BT.CL"}},
  {"type":"Feature","geometry":{"type":"Polygon","coordinates":[[[106.1484375,-6.01900005],[106.06593323,-6.17437983],[106.17111206,-6.21953011],[106.22717285,-6.19504976],[106.21624756,-6.01600075],[106.1484375,-6.01900005]]]},"properties":{"GID_0":"IDN","NAME_0":"Indonesia","GID_1":"IDN.4_1","NAME_1":"Banten","NL_NAME_1":"","GID_2":"IDN.4.2_1","NAME_2":"Kota Serang","VARNAME_2":"","NL_NAME_2":"","TYPE_2":"Kota","ENGTYPE_2":"City","CC_2":"3673","HASC_2":"ID.BT.SK"}},
  {"type":"Feature","geometry":{"type":"Polygon","coordinates":[[[106.68723297,-6.09711933],[106.61408997,-6.12597132],[106.56490326,-6.21124029],[106.63800812,-6.22970486],[106.74815369,-6.24961185],[106.73737335,-6.22361326],[106.6894455,-6.17313576],[106.68723297,-6.09711933]]]},"properties":{"GID_0":"IDN","NAME_0":"Indonesia","GID_1":"IDN.4_1","NAME_1":"Banten","NL_NAME_1":"","GID_2":"IDN.4.3_1","NAME_2":"Kota Tangerang","VARNAME_2":"","NL_NAME_2":"","TYPE_2":"Kota","ENGTYPE_2":"City","CC_2":"3671","HASC_2":"ID.BT.TM"}},
  {"type":"Feature","geometry":{"type":"Polygon","coordinates":[[[106.39692688,-6.97798061],[106.39287567,-6.90063286],[106.43605042,-6.82020712],[106.52477264,-6.76231527],[106.46601105,-6.7501111],[106.42879486,-6.67558479],[106.40697479,-6.45389175],[106.45410919,-6.41848326],[106.42670441,-6.34807396],[106.39972687,-6.33238506],[106.31797028,-6.33473492],[106.27437592,-6.30102634],[106.1708374,-6.29003096],[106.13013458,-6.3279624],[106.11277008,-6.41915274],[106.04393005,-6.41381693],[105.93410492,-6.60033941],[105.93732452,-6.68892574],[105.86865997,-6.77515173],[105.88267517,-6.839118],[105.96082306,-6.81201982],[106.05861664,-6.83256006],[106.09470367,-6.8759799],[106.24173737,-6.93456984],[106.31109619,-6.99502993],[106.39692688,-6.97798061]]]},"properties":{"GID_0":"IDN","NAME_0":"Indonesia","GID_1":"IDN.4_1","NAME_1":"Banten","NL_NAME_1":"","GID_2":"IDN.4.4_1","NAME_2":"Lebak","VARNAME_2":"","NL_NAME_2":"","TYPE_2":"Kabupaten","ENGTYPE_2":"Regency","CC_2":"3602","HASC_2":"ID.BT.LE"}},
  {"type":"Feature","geometry":{"type":"MultiPolygon","coordinates":[[[[105.26564789,-6.52283382],[105.18404388,-6.53877401],[105.14993286,-6.59151363],[105.24299622,-6.63575745],[105.26564789,-6.52283382]]],[[[105.88267517,-6.839118],[105.86865997,-6.77515173],[105.93732452,-6.68892574],[105.93410492,-6.60033941],[106.04393005,-6.41381693],[106.11277008,-6.41915274],[106.13013458,-6.3279624],[106.1708374,-6.29003096],[106.08288574,-6.23250484],[106.04390717,-6.27423429],[105.98101807,-6.24376011],[105.82583618,-6.24230003],[105.8266983,-6.4044199],[105.76872253,-6.51772022],[105.71282196,-6.53234005],[105.65055847,-6.48073006],[105.61811066,-6.61638021],[105.50649261,-6.73102999],[105.46459198,-6.82832003],[105.3744278,-6.6535902],[105.25874329,-6.76260996],[105.23789978,-6.81526995],[105.36087036,-6.81016016],[105.48838806,-6.86693001],[105.70836639,-6.83630991],[105.77407837,-6.85049009],[105.88267517,-6.839118]]]]},"properties":{"GID_0":"IDN","NAME_0":"Indonesia","GID_1":"IDN.4_1","NAME_1":"Banten","NL_NAME_1":"","GID_2":"IDN.4.5_1","NAME_2":"Pandeglang","VARNAME_2":"","NL_NAME_2":"","TYPE_2":"Kabupaten","ENGTYPE_2":"Regency","CC_2":"3601","HASC_2":"ID.BT.PA"}},
  {"type":"Feature","geometry":{"type":"Polygon","coordinates":[[[106.21624756,-6.01600075],[106.22717285,-6.19504976],[106.17111206,-6.21953011],[106.06593323,-6.17437983],[106.1484375,-6.01900005],[106.09709167,-5.98051023],[106.11395264,-5.93100977],[106.04135132,-5.87819672],[106.0331192,-5.93435049],[106.08140564,-6.03819132],[105.92321014,-6.04680157],[105.88497162,-6.07025003],[105.82583618,-6.24230003],[105.98101807,-6.24376011],[106.04390717,-6.27423429],[106.08288574,-6.23250484],[106.1708374,-6.29003096],[106.27437592,-6.30102634],[106.31797028,-6.33473492],[106.39972687,-6.33238506],[106.3692627,-6.21328878],[106.39257813,-6.1518054],[106.35056305,-6.10962582],[106.35823059,-6.04562426],[106.41196442,-6.0239954],[106.38908386,-5.9772172],[106.26381683,-5.95362997],[106.21624756,-6.01600075]]]},"properties":{"GID_0":"IDN","NAME_0":"Indonesia","GID_1":"IDN.4_1","NAME_1":"Banten","NL_NAME_1":"","GID_2":"IDN.4.6_1","NAME_2":"Serang","VARNAME_2":"","NL_NAME_2":"","TYPE_2":"Kabupaten","ENGTYPE_2":"Regency","CC_2":"3604","HASC_2":"ID.BT.SR"}},
  {"type":"Feature","geometry":{"type":"Polygon","coordinates":[[[106.39972687,-6.33238506],[106.42670441,-6.34807396],[106.54228973,-6.33400536],[106.65116119,-6.36220407],[106.63800812,-6.22970486],[106.56490326,-6.21124029],[106.61408997,-6.12597132],[106.68723297,-6.09711933],[106.71097565,-6.09561586],[106.71861267,-6.09185266],[106.71425629,-6.03993988],[106.63303375,-6.00496292],[106.48660278,-6.04496431],[106.41196442,-6.0239954],[106.35823059,-6.04562426],[106.35056305,-6.10962582],[106.39257813,-6.1518054],[106.3692627,-6.21328878],[106.39972687,-6.33238506]]]},"properties":{"GID_0":"IDN","NAME_0":"Indonesia","GID_1":"IDN.4_1","NAME_1":"Banten","NL_NAME_1":"","GID_2":"IDN.4.8_1","NAME_2":"Tangerang","VARNAME_2":"","NL_NAME_2":"","TYPE_2":"Kabupaten","ENGTYPE_2":"Regency","CC_2":"3603","HASC_2":"ID.BT.TG"}},
  {"type":"Feature","geometry":{"type":"Polygon","coordinates":[[[106.72033691,-6.3604331],[106.77993774,-6.31652784],[106.74815369,-6.24961185],[106.63800812,-6.22970486],[106.65116119,-6.36220407],[106.72033691,-6.3604331]]]},"properties":{"GID_0":"IDN","NAME_0":"Indonesia","GID_1":"IDN.4_1","NAME_1":"Banten","NL_NAME_1":"","GID_2":"IDN.4.7_1","NAME_2":"Tangerang Selatan","VARNAME_2":"","NL_NAME_2":"","TYPE_2":"Kota","ENGTYPE_2":"City","CC_2":"3674","HASC_2":"ID.BT.TS"}},
  {"type":"Feature","geometry":{"type":"Polygon","coordinates":[[[102.26914215,-3.92372823],[102.40597534,-3.86103487],[102.35800171,-3.83834505],[102.33170319,-3.73186111],[102.25008392,-3.73842788],[102.25370026,-3.80148721],[102.30313873,-3.88286734],[102.26914215,-3.92372823]]]},"properties":{"GID_0":"IDN","NAME_0":"Indonesia","GID_1":"IDN.5_1","NAME_1":"Bengkulu","NL_NAME_1":"","GID_2":"IDN.5.4_1","NAME_2":"Bengkulu","VARNAME_2":"","NL_NAME_2":"","TYPE_2":"Kota","ENGTYPE_2":"City","CC_2":"1771","HASC_2":"ID.BE.BE"}},
  {"type":"Feature","geometry":{"type":"Polygon","coordinates":[[[102.80042267,-4.36031818],[102.88657379,-4.44421864],[102.90452576,-4.49200058],[103.07020569,-4.55913162],[103.16796875,-4.40025473],[103.19881439,-4.32032061],[103.28500366,-4.25718021],[103.18089294,-4.23603058],[103.07579041,-4.2624917],[103.06232452,-4.19825745],[102.99968719,-4.15819788],[102.89992523,-4.18138552],[102.84351349,-4.34417534],[102.80042267,-4.36031818]]]},"properties":{"GID_0":"IDN","NAME_0":"Indonesia","GID_1":"IDN.5_1","NAME_1":"Bengkulu","NL_NAME_1":"","GID_2":"IDN.5.1_1","NAME_2":"Bengkulu Selatan","VARNAME_2":"","NL_NAME_2":"","TYPE_2":"Kabupaten","ENGTYPE_2":"Regency","CC_2":"1701","HASC_2":"ID.BE.BS"}},
  {"type":"Feature","geometry":{"type":"Polygon","coordinates":[[[102.25008392,-3.73842788],[102.33170319,-3.73186111],[102.35800171,-3.83834505],[102.40597534,-3.86103487],[102.61428833,-3.80046105],[102.57723999,-3.68350029],[102.52833557,-3.65693927],[102.51182556,-3.58641934],[102.4429245,-3.52752614],[102.42167664,-3.49404573],[102.34420013,-3.52668309],[102.20547485,-3.65370369],[102.25008392,-3.73842788]]]},"properties":{"GID_0":"IDN","NAME_0":"Indonesia","GID_1":"IDN.5_1","NAME_1":"Bengkulu","NL_NAME_1":"","GID_2":"IDN.5.2_1","NAME_2":"Bengkulu Tengah","VARNAME_2":"","NL_NAME_2":"","TYPE_2":"Kabupaten","ENGTYPE_2":"Regency","CC_2":"1709","HASC_2":"ID.BE.BN"}},
  {"type":"Feature","geometry":{"type":"MultiPolygon","coordinates":[[[[102.37586212,-5.36967707],[102.16186523,-5.27606201],[102.14796448,-5.33626223],[102.37876892,-5.44046211],[102.37586212,-5.36967707]]],[[[101.57579041,-3.18456054],[101.6257019,-3.24863625],[101.76223755,-3.34827948],[101.90205383,-3.43271995],[101.92591858,-3.47867274],[102.07553864,-3.55225062],[102.20547485,-3.65370369],[102.34420013,-3.52668309],[102.42167664,-3.49404573],[102.37606049,-3.38201523],[102.20601654,-3.22140574],[102.12719727,-3.17627311],[102.14269257,-3.08155799],[102.04172516,-2.97379231],[102.00440216,-2.84795642],[101.92189789,-2.736835],[101.85558319,-2.71688056],[101.86606598,-2.78895974],[101.80932617,-2.87210751],[101.79199219,-2.97976089],[101.70204163,-3.05390525],[101.66870117,-3.12582588],[101.57579041,-3.18456054]]]]},"properties":{"GID_0":"IDN","NAME_0":"Indonesia","GID_1":"IDN.5_1","NAME_1":"Bengkulu","NL_NAME_1":"","GID_2":"IDN.5.3_1","NAME_2":"Bengkulu Utara","VARNAME_2":"","NL_NAME_2":"","TYPE_2":"Kabupaten","ENGTYPE_2":"Regency","CC_2":"1703","HASC_2":"ID.BE.BT"}},
  {"type":"Feature","geometry":{"type":"Polygon","coordinates":[[[103.07020569,-4.55913162],[103.14712524,-4.59724665],[103.37590027,-4.79868603],[103.41052246,-4.86224604],[103.49740601,-4.87381124],[103.57125092,-4.92614222],[103.60196686,-4.86775637],[103.76748657,-4.77258396],[103.70285034,-4.72507095],[103.68585968,-4.63365936],[103.62889862,-4.55070877],[103.48477936,-4.57907152],[103.39823914,-4.5175333],[103.42858887,-4.40525198],[103.46813202,-4.35276747],[103.32667542,-4.29087305],[103.30506897,-4.25452328],[103.28500366,-4.25718021],[103.19881439,-4.32032061],[103.16796875,-4.40025473],[103.07020569,-4.55913162]]]},"properties":{"GID_0":"IDN","NAME_0":"Indonesia","GID_1":"IDN.5_1","NAME_1":"Bengkulu","NL_NAME_1":"","GID_2":"IDN.5.5_1","NAME_2":"Kaur","VARNAME_2":"","NL_NAME_2":"","TYPE_2":"Kabupaten","ENGTYPE_2":"Regency","CC_2":"1704","HASC_2":"ID.BE.KA"}},
  {"type":"Feature","geometry":{"type":"Polygon","coordinates":[[[102.6186142,-3.80109811],[102.73878479,-3.7475965],[102.81018066,-3.53005266],[102.72219086,-3.55259728],[102.53314209,-3.49613333],[102.4429245,-3.52752614],[102.51182556,-3.58641934],[102.52833557,-3.65693927],[102.57723999,-3.68350029],[102.61428833,-3.80046105],[102.6186142,-3.80109811]]]},"properties":{"GID_0":"IDN","NAME_0":"Indonesia","GID_1":"IDN.5_1","NAME_1":"Bengkulu","NL_NAME_1":"","GID_2":"IDN.5.6_1","NAME_2":"Kepahiang","VARNAME_2":"","NL_NAME_2":"","TYPE_2":"Kabupaten","ENGTYPE_2":"Regency","CC_2":"1708","HASC_2":"ID.BE.KE"}},
  {"type":"Feature","geometry":{"type":"Polygon","coordinates":[[[101.92189789,-2.736835],[102.00440216,-2.84795642],[102.04172516,-2.97379231],[102.14269257,-3.08155799],[102.12719727,-3.17627311],[102.20601654,-3.22140574],[102.37606049,-3.38201523],[102.49807739,-3.26005745],[102.49253082,-3.13593745],[102.47060394,-3.08186913],[102.38923645,-3.04288316],[102.32054138,-3.06981659],[102.2569046,-3.03680444],[102.22451019,-2.9291389],[102.13290405,-2.87576747],[102.06802368,-2.76790667],[101.99012756,-2.72314191],[101.92189789,-2.736835]]]},"properties":{"GID_0":"IDN","NAME_0":"Indonesia","GID_1":"IDN.5_1","NAME_1":"Bengkulu","NL_NAME_1":"","GID_2":"IDN.5.7_1","NAME_2":"Lebong","VARNAME_2":"","NL_NAME_2":"","TYPE_2":"Kabupaten","ENGTYPE_2":"Regency","CC_2":"1707","HASC_2":"ID.BE.LE"}},
  {"type":"Feature","geometry":{"type":"Polygon","coordinates":[[[101.57579041,-3.18456054],[101.66870117,-3.12582588],[101.70204163,-3.05390525],[101.79199219,-2.97976089],[101.80932617,-2.87210751],[101.86606598,-2.78895974],[101.85558319,-2.71688056],[101.76832581,-2.64413214],[101.67580414,-2.53282332],[101.54159546,-2.55519962],[101.55750275,-2.4503684],[101.28546906,-2.27675128],[101.23730469,-2.34158278],[101.022789,-2.47845888],[101.14224243,-2.62837696],[101.32285309,-2.74067855],[101.40383911,-2.92726636],[101.47814178,-3.01086879],[101.52075195,-3.11576343],[101.57579041,-3.18456054]]]},"properties":{"GID_0":"IDN","NAME_0":"Indonesia","GID_1":"IDN.5_1","NAME_1":"Bengkulu","NL_NAME_1":"","GID_2":"IDN.5.8_1","NAME_2":"Mukomuko","VARNAME_2":"","NL_NAME_2":"","TYPE_2":"Kabupaten","ENGTYPE_2":"Regency","CC_2":"1706","HASC_2":"ID.BE.MU"}},
  {"type":"Feature","geometry":{"type":"Polygon","coordinates":[[[102.81018066,-3.53005266],[102.88580322,-3.57880783],[102.97816467,-3.52705789],[102.99145508,-3.41205597],[102.9659729,-3.36210561],[102.91007996,-3.3782835],[102.7604599,-3.28367758],[102.74376678,-3.31562877],[102.59621429,-3.33344889],[102.49807739,-3.26005745],[102.37606049,-3.38201523],[102.42167664,-3.49404573],[102.4429245,-3.52752614],[102.53314209,-3.49613333],[102.72219086,-3.55259728],[102.81018066,-3.53005266]]]},"properties":{"GID_0":"IDN","NAME_0":"Indonesia","GID_1":"IDN.5_1","NAME_1":"Bengkulu","NL_NAME_1":"","GID_2":"IDN.5.9_1","NAME_2":"Rejang Lebong","VARNAME_2":"","NL_NAME_2":"","TYPE_2":"Kabupaten","ENGTYPE_2":"Regency","CC_2":"1702","HASC_2":"ID.BE.RL"}},
  {"type":"Feature","geometry":{"type":"Polygon","coordinates":[[[102.80042267,-4.36031818],[102.84351349,-4.34417534],[102.89992523,-4.18138552],[102.99968719,-4.15819788],[102.91963959,-4.0965929],[102.99745178,-4.01908731],[102.91410828,-3.97186828],[102.85995483,-3.9926188],[102.77568817,-3.91578269],[102.6186142,-3.80109811],[102.61428833,-3.80046105],[102.40597534,-3.86103487],[102.26914215,-3.92372823],[102.3321228,-4.00981331],[102.70819092,-4.28518915],[102.80042267,-4.36031818]]]},"properties":{"GID_0":"IDN","NAME_0":"Indonesia","GID_1":"IDN.5_1","NAME_1":"Bengkulu","NL_NAME_1":"","GID_2":"IDN.5.10_1","NAME_2":"Seluma","VARNAME_2":"","NL_NAME_2":"","TYPE_2":"Kabupaten","ENGTYPE_2":"Regency","CC_2":"1705","HASC_2":"ID.BE.SE"}},
  {"type":"Feature","geometry":{"type":"Polygon","coordinates":[[[122.11945343,0.49617523],[122.16864014,0.46997648],[122.36632538,0.50308859],[122.38993835,0.51986653],[122.55194855,0.49060002],[122.64945221,0.51785296],[122.59521484,0.65268934],[122.465271,0.75865024],[122.3502655,0.79173189],[122.25011444,0.79840642],[122.24822998,0.91391987],[122.07897949,0.90030462],[122.11495972,0.81870073],[122.13262177,0.63471138],[122.11945343,0.49617523]]]},"properties":{"GID_0":"IDN","NAME_0":"Indonesia","GID_1":"IDN.6_1","NAME_1":"Gorontalo","NL_NAME_1":"","GID_2":"IDN.6.1_1","NAME_2":"Boalemo","VARNAME_2":"","NL_NAME_2":"","TYPE_2":"Kabupaten","ENGTYPE_2":"Regency","CC_2":"7501","HASC_2":"ID.GO.BO"}},
  {"type":"Feature","geometry":{"type":"Polygon","coordinates":[[[123.08643341,0.47958958],[123.16218567,0.39975718],[123.28259277,0.31729239],[123.47809601,0.31805393],[123.52897644,0.40752175],[123.53337097,0.57687449],[123.48616791,0.62651193],[123.38311768,0.64007485],[123.25140381,0.75363976],[123.19094849,0.75302953],[123.06996918,0.80311191],[123.06453705,0.58836085],[123.08643341,0.47958958]]]},"properties":{"GID_0":"IDN","NAME_0":"Indonesia","GID_1":"IDN.6_1","NAME_1":"Gorontalo","NL_NAME_1":"","GID_2":"IDN.6.2_1","NAME_2":"Bone Bolango","VARNAME_2":"","NL_NAME_2":"","TYPE_2":"Kabupaten","ENGTYPE_2":"Regency","CC_2":"7504","HASC_2":"ID.GO.BB"}},
  {"type":"Feature","geometry":{"type":"Polygon","coordinates":[[[123.01126862,0.55160517],[122.99193573,0.60291386],[122.95446777,0.57245231],[122.99590302,0.55201864],[123.01126862,0.55160517]]]},"properties":{"GID_0":"IDN","NAME_0":"Indonesia","GID_1":"IDN.6_1","NAME_1":"Gorontalo","NL_NAME_1":"","GID_2":"IDN.6.3_1","NAME_2":"Danau Limboto","VARNAME_2":"","NL_NAME_2":"","TYPE_2":"Kabupaten","ENGTYPE_2":"Regency","CC_2":"7502","HASC_2":"ID.GO.GO"}},
  {"type":"Feature","geometry":{"type":"Polygon","coordinates":[[[122.64945221,0.51785296],[122.70101166,0.48190236],[123.04270935,0.49630874],[122.99590302,0.55201864],[122.95446777,0.57245231],[122.99193573,0.60291386],[123.01126862,0.55160517],[123.06453705,0.58836085],[123.06996918,0.80311191],[123.0096817,0.78961438],[122.97599792,0.72088349],[122.90181732,0.75837052],[122.81891632,0.75096399],[122.72206116,0.78116733],[122.59384918,0.87570125],[122.41538239,0.88443214],[122.35084534,0.92166501],[122.24822998,0.91391987],[122.25011444,0.79840642],[122.3502655,0.79173189],[122.465271,0.75865024],[122.59521484,0.65268934],[122.64945221,0.51785296]]]},"properties":{"GID_0":"IDN","NAME_0":"Indonesia","GID_1":"IDN.6_1","NAME_1":"Gorontalo","NL_NAME_1":"","GID_2":"IDN.6.5_1","NAME_2":"Gorontalo","VARNAME_2":"","NL_NAME_2":"","TYPE_2":"Kabupaten","ENGTYPE_2":"Regency","CC_2":"7502","HASC_2":"ID.GO.GO"}},
  {"type":"Feature","geometry":{"type":"Polygon","coordinates":[[[123.25140381,0.75363976],[123.26956177,0.80365562],[123.11544037,0.92414552],[123.08551025,0.9100861],[122.98621368,0.96785593],[122.94483185,0.89043719],[122.88006592,0.83118272],[122.79454803,0.84198928],[122.77217865,0.8795681],[122.68274689,0.8997153],[122.65061188,0.94794917],[122.48748016,0.99087471],[122.26211548,1.01255739],[122.19554138,1.03848374],[122.04232025,0.98947746],[121.98252869,0.90736246],[122.07897949,0.90030462],[122.24822998,0.91391987],[122.35084534,0.92166501],[122.41538239,0.88443214],[122.59384918,0.87570125],[122.72206116,0.78116733],[122.81891632,0.75096399],[122.90181732,0.75837052],[122.97599792,0.72088349],[123.0096817,0.78961438],[123.06996918,0.80311191],[123.19094849,0.75302953],[123.25140381,0.75363976]]]},"properties":{"GID_0":"IDN","NAME_0":"Indonesia","GID_1":"IDN.6_1","NAME_1":"Gorontalo","NL_NAME_1":"","GID_2":"IDN.6.4_1","NAME_2":"Gorontalo Utara","VARNAME_2":"","NL_NAME_2":"","TYPE_2":"Kabupaten","ENGTYPE_2":"Regency","CC_2":"7505","HASC_2":"ID.GO.GU"}},
  {"type":"Feature","geometry":{"type":"Polygon","coordinates":[[[123.08643341,0.47958958],[123.06453705,0.58836085],[123.01126862,0.55160517],[122.99590302,0.55201864],[123.04270935,0.49630874],[123.08643341,0.47958958]]]},"properties":{"GID_0":"IDN","NAME_0":"Indonesia","GID_1":"IDN.6_1","NAME_1":"Gorontalo","NL_NAME_1":"","GID_2":"IDN.6.6_1","NAME_2":"Kota Gorontalo","VARNAME_2":"","NL_NAME_2":"","TYPE_2":"Kota","ENGTYPE_2":"City","CC_2":"7571","HASC_2":"ID.GO.GM"}},
  {"type":"Feature","geometry":{"type":"Polygon","coordinates":[[[121.33706665,0.47377679],[121.44921875,0.46675229],[121.61888885,0.54823822],[121.71235657,0.51901287],[121.76535797,0.44731709],[121.83421326,0.42331266],[122.11945343,0.49617523],[122.13262177,0.63471138],[122.11495972,0.81870073],[122.07897949,0.90030462],[121.98252869,0.90736246],[121.92223358,0.92742646],[121.86289978,0.99079394],[121.81190491,0.95023656],[121.53302765,0.85370505],[121.34703064,0.84827149],[121.35334015,0.7953108],[121.24584961,0.80119246],[121.18206787,0.74321163],[121.16252136,0.67659545],[121.27450562,0.58303326],[121.33714294,0.57442069],[121.33706665,0.47377679]]]},"properties":{"GID_0":"IDN","NAME_0":"Indonesia","GID_1":"IDN.6_1","NAME_1":"Gorontalo","NL_NAME_1":"","GID_2":"IDN.6.7_1","NAME_2":"Pohuwato","VARNAME_2":"","NL_NAME_2":"","TYPE_2":"Kabupaten","ENGTYPE_2":"Regency","CC_2":"7503","HASC_2":"ID.GO.PO"}},
  {"type":"Feature","geometry":{"type":"Polygon","coordinates":[[[106.79238892,-6.20778799],[106.82124329,-6.13687992],[106.77688599,-6.14417839],[106.71097565,-6.09561586],[106.68723297,-6.09711933],[106.6894455,-6.17313576],[106.73737335,-6.22361326],[106.79238892,-6.20778799]]]},"properties":{"GID_0":"IDN","NAME_0":"Indonesia","GID_1":"IDN.7_1","NAME_1":"Jakarta Raya","NL_NAME_1":"","GID_2":"IDN.7.1_1","NAME_2":"Jakarta Barat","VARNAME_2":"","NL_NAME_2":"","TYPE_2":"Kota","ENGTYPE_2":"City","CC_2":"3174","HASC_2":"ID.JK.JB"}},
  {"type":"Feature","geometry":{"type":"Polygon","coordinates":[[[106.84905243,-6.2075429],[106.87880707,-6.16646338],[106.82124329,-6.13687992],[106.79238892,-6.20778799],[106.84905243,-6.2075429]]]},"properties":{"GID_0":"IDN","NAME_0":"Indonesia","GID_1":"IDN.7_1","NAME_1":"Jakarta Raya","NL_NAME_1":"","GID_2":"IDN.7.2_1","NAME_2":"Jakarta Pusat","VARNAME_2":"","NL_NAME_2":"","TYPE_2":"Kota","ENGTYPE_2":"City","CC_2":"3173","HASC_2":"ID.JK.JP"}},
  {"type":"Feature","geometry":{"type":"Polygon","coordinates":[[[106.77993774,-6.31652784],[106.84094238,-6.34197664],[106.84905243,-6.2075429],[106.79238892,-6.20778799],[106.73737335,-6.22361326],[106.74815369,-6.24961185],[106.77993774,-6.31652784]]]},"properties":{"GID_0":"IDN","NAME_0":"Indonesia","GID_1":"IDN.7_1","NAME_1":"Jakarta Raya","NL_NAME_1":"","GID_2":"IDN.7.3_1","NAME_2":"Jakarta Selatan","VARNAME_2":"","NL_NAME_2":"","TYPE_2":"Kota","ENGTYPE_2":"City","CC_2":"3171","HASC_2":"ID.JK.JS"}},
  {"type":"Feature","geometry":{"type":"Polygon","coordinates":[[[106.84094238,-6.34197664],[106.91434479,-6.36554575],[106.97162628,-6.17223644],[106.97189331,-6.15461445],[106.87880707,-6.16646338],[106.84905243,-6.2075429],[106.84094238,-6.34197664]]]},"properties":{"GID_0":"IDN","NAME_0":"Indonesia","GID_1":"IDN.7_1","NAME_1":"Jakarta Raya","NL_NAME_1":"","GID_2":"IDN.7.4_1","NAME_2":"Jakarta Timur","VARNAME_2":"","NL_NAME_2":"","TYPE_2":"Kota","ENGTYPE_2":"City","CC_2":"3172","HASC_2":"ID.JK.JT"}},
  {"type":"Feature","geometry":{"type":"Polygon","coordinates":[[[106.71097565,-6.09561586],[106.77688599,-6.14417839],[106.82124329,-6.13687992],[106.87880707,-6.16646338],[106.97189331,-6.15461445],[106.96898651,-6.09069014],[106.83452606,-6.12155867],[106.71861267,-6.09185266],[106.71097565,-6.09561586]]]},"properties":{"GID_0":"IDN","NAME_0":"Indonesia","GID_1":"IDN.7_1","NAME_1":"Jakarta Raya","NL_NAME_1":"","GID_2":"IDN.7.5_1","NAME_2":"Jakarta Utara","VARNAME_2":"","NL_NAME_2":"","TYPE_2":"Kota","ENGTYPE_2":"City","CC_2":"3175","HASC_2":"ID.JK.JU"}},
  {"type":"Feature","geometry":{"type":"Polygon","coordinates":[[[106.49126434,-5.79582024],[106.5035553,-5.80048943],[106.49689484,-5.79528666],[106.49126434,-5.79582024]]]},"properties":{"GID_0":"IDN","NAME_0":"Indonesia","GID_1":"IDN.7_1","NAME_1":"Jakarta Raya","NL_NAME_1":"","GID_2":"IDN.7.6_1","NAME_2":"Kepulauan Seribu","VARNAME_2":"","NL_NAME_2":"","TYPE_2":"Kabupaten","ENGTYPE_2":"Regency","CC_2":"3101","HASC_2":"ID.JK.KS"}},
  {"type":"Feature","geometry":{"type":"Polygon","coordinates":[[[103.45871735,-2.18110752],[103.44652557,-2.06228614],[103.36937714,-2.05080676],[103.31426239,-1.9654032],[103.31465149,-1.86847544],[103.39551544,-1.86868215],[103.43000793,-1.81014049],[103.39598846,-1.75762737],[103.44960785,-1.59878314],[103.46470642,-1.47163117],[103.38289642,-1.48048735],[103.33992004,-1.37670445],[103.29512787,-1.34983349],[103.20536804,-1.35546529],[103.16598511,-1.38631392],[103.07897186,-1.39299023],[103.03063965,-1.43909562],[102.86750031,-1.3708775],[102.81357574,-1.42317331],[102.80469513,-1.58058107],[102.74188232,-1.69197643],[102.68703461,-1.74501419],[102.65853882,-1.82058263],[102.58513641,-1.88156879],[102.50972748,-1.91187108],[102.65229034,-1.92457807],[102.71534729,-1.95980847],[102.77727509,-1.94728959],[102.85824585,-2.00938892],[102.94629669,-1.98254001],[102.97943115,-1.94344246],[103.15653229,-1.9557569],[103.16049957,-2.01717138],[103.21125793,-2.08107567],[103.22206116,-2.14179373],[103.43125916,-2.33542919],[103.45980835,-2.29780245],[103.45871735,-2.18110752]]]},"properties":{"GID_0":"IDN","NAME_0":"Indonesia","GID_1":"IDN.8_1","NAME_1":"Jambi","NL_NAME_1":"","GID_2":"IDN.8.1_1","NAME_2":"Batang Hari","VARNAME_2":"","NL_NAME_2":"","TYPE_2":"Kabupaten","ENGTYPE_2":"Regency","CC_2":"1504","HASC_2":"ID.JA.BA"}},
  {"type":"Feature","geometry":{"type":"Polygon","coordinates":[[[102.51861572,-1.64621437],[102.45959473,-1.56369948],[102.31361389,-1.56859279],[102.32332611,-1.50517344],[102.15286255,-1.45980811],[102.07713318,-1.39492917],[101.94844055,-1.36979282],[101.87179565,-1.31511569],[101.95533752,-1.25617611],[101.9699707,-1.16334426],[101.88459778,-1.13485098],[101.81378174,-1.2209878],[101.73357391,-1.23519027],[101.69525146,-1.29130411],[101.72361755,-1.43866277],[101.63077545,-1.54270172],[101.57048035,-1.57722509],[101.5016098,-1.67917311],[101.43653107,-1.69520807],[101.63129425,-1.89146149],[101.71644592,-1.87951958],[101.8271637,-1.82147646],[101.95921326,-1.85791326],[101.98522949,-1.9007405],[102.10727692,-1.8836993],[102.14373016,-1.82513618],[102.2483139,-1.74280906],[102.36256409,-1.67674434],[102.40739441,-1.71493781],[102.51861572,-1.64621437]]]},"properties":{"GID_0":"IDN","NAME_0":"Indonesia","GID_1":"IDN.8_1","NAME_1":"Jambi","NL_NAME_1":"","GID_2":"IDN.8.2_1","NAME_2":"Bungo","VARNAME_2":"","NL_NAME_2":"","TYPE_2":"Kabupaten","ENGTYPE_2":"Regency","CC_2":"1509","HASC_2":"ID.JA.BT"}},
  {"type":"Feature","geometry":{"type":"Polygon","coordinates":[[[103.56860352,-1.66507411],[103.6207962,-1.69122124],[103.67469025,-1.62897062],[103.64864349,-1.54995406],[103.53692627,-1.58939183],[103.56860352,-1.66507411]]]},"properties":{"GID_0":"IDN","NAME_0":"Indonesia","GID_1":"IDN.8_1","NAME_1":"Jambi","NL_NAME_1":"","GID_2":"IDN.8.3_1","NAME_2":"Jambi","VARNAME_2":"","NL_NAME_2":"","TYPE_2":"Kota","ENGTYPE_2":"City","CC_2":"1571","HASC_2":"ID.JA.JA"}},
  {"type":"Feature","geometry":{"type":"Polygon","coordinates":[[[101.13162994,-1.68520856],[101.12877655,-1.76266372],[101.17823792,-1.86305583],[101.14231873,-1.92413545],[101.20708466,-1.98420429],[101.24082947,-2.06494617],[101.28977966,-2.0272963],[101.42693329,-2.0263567],[101.45694733,-2.08907843],[101.4081192,-2.17138433],[101.28210449,-2.25025725],[101.28546906,-2.27675128],[101.55750275,-2.4503684],[101.55583191,-2.36912751],[101.60279846,-2.33401036],[101.69443512,-2.34629726],[101.81162262,-2.17796731],[101.70835876,-1.98707545],[101.65566254,-1.9549135],[101.63129425,-1.89146149],[101.43653107,-1.69520807],[101.42836761,-1.67859542],[101.23153687,-1.72415614],[101.13162994,-1.68520856]]]},"properties":{"GID_0":"IDN","NAME_0":"Indonesia","GID_1":"IDN.8_1","NAME_1":"Jambi","NL_NAME_1":"","GID_2":"IDN.8.4_1","NAME_2":"Kerinci","VARNAME_2":"","NL_NAME_2":"","TYPE_2":"Kabupaten","ENGTYPE_2":"Regency","CC_2":"1501","HASC_2":"ID.JA.KR"}},
  {"type":"Feature","geometry":{"type":"Polygon","coordinates":[[[101.92189789,-2.736835],[101.99012756,-2.72314191],[102.06802368,-2.76790667],[102.07521057,-2.7656436],[102.08648682,-2.69348502],[102.06311035,-2.62434101],[102.15646362,-2.50864267],[102.12223053,-2.4274075],[102.29384613,-2.35084796],[102.35221863,-2.37942314],[102.40379333,-2.3136785],[102.46099091,-2.19575787],[102.55743408,-2.2065084],[102.63075256,-2.14782381],[102.48774719,-2.01121616],[102.45949554,-1.8973403],[102.45977783,-1.80044925],[102.51400757,-1.71471536],[102.51861572,-1.64621437],[102.40739441,-1.71493781],[102.36256409,-1.67674434],[102.2483139,-1.74280906],[102.14373016,-1.82513618],[102.10727692,-1.8836993],[101.98522949,-1.9007405],[101.95921326,-1.85791326],[101.8271637,-1.82147646],[101.71644592,-1.87951958],[101.63129425,-1.89146149],[101.65566254,-1.9549135],[101.70835876,-1.98707545],[101.81162262,-2.17796731],[101.69443512,-2.34629726],[101.60279846,-2.33401036],[101.55583191,-2.36912751],[101.55750275,-2.4503684],[101.54159546,-2.55519962],[101.67580414,-2.53282332],[101.76832581,-2.64413214],[101.85558319,-2.71688056],[101.92189789,-2.736835]]]},"properties":{"GID_0":"IDN","NAME_0":"Indonesia","GID_1":"IDN.8_1","NAME_1":"Jambi","NL_NAME_1":"","GID_2":"IDN.8.5_1","NAME_2":"Merangin","VARNAME_2":"","NL_NAME_2":"","TYPE_2":"Kabupaten","ENGTYPE_2":"Regency","CC_2":"1502","HASC_2":"ID.JA.SB"}},
  {"type":"Feature","geometry":{"type":"Polygon","coordinates":[[[103.45871735,-2.18110752],[103.52713013,-2.16722178],[103.52261353,-2.06676364],[103.56021881,-2.0000267],[103.51737213,-1.96630502],[103.53762054,-1.88857186],[103.63770294,-1.85087383],[104.15359497,-1.72465658],[104.16157532,-1.77037466],[104.29566956,-1.73387837],[104.34669495,-1.73902607],[104.3584671,-1.64285517],[104.26044464,-1.55432749],[104.17092133,-1.44631958],[104.11109161,-1.34164786],[104.05699158,-1.31064141],[103.83789825,-1.33458102],[103.58460999,-1.38250852],[103.55222321,-1.30697644],[103.45669556,-1.31900632],[103.34689331,-1.22877777],[103.26058197,-1.23125958],[103.25292969,-1.35398269],[103.20536804,-1.35546529],[103.29512787,-1.34983349],[103.33992004,-1.37670445],[103.38289642,-1.48048735],[103.46470642,-1.47163117],[103.44960785,-1.59878314],[103.39598846,-1.75762737],[103.43000793,-1.81014049],[103.39551544,-1.86868215],[103.31465149,-1.86847544],[103.31426239,-1.9654032],[103.36937714,-2.05080676],[103.44652557,-2.06228614],[103.45871735,-2.18110752]],[[103.56860352,-1.66507411],[103.53692627,-1.58939183],[103.64864349,-1.54995406],[103.67469025,-1.62897062],[103.6207962,-1.69122124],[103.56860352,-1.66507411]]]},"properties":{"GID_0":"IDN","NAME_0":"Indonesia","GID_1":"IDN.8_1","NAME_1":"Jambi","NL_NAME_1":"","GID_2":"IDN.8.6_1","NAME_2":"Muaro Jambi","VARNAME_2":"","NL_NAME_2":"","TYPE_2":"Kabupaten","ENGTYPE_2":"Regency","CC_2":"1505","HASC_2":"ID.JA.MJ"}},
  {"type":"Feature","geometry":{"type":"Polygon","coordinates":[[[102.07521057,-2.7656436],[102.23628235,-2.68843961],[102.28067017,-2.6144371],[102.32473755,-2.65398788],[102.4888382,-2.70470095],[102.5905304,-2.67963433],[102.64057159,-2.61100912],[102.72830963,-2.5861094],[102.87538147,-2.40980291],[102.84064484,-2.33785319],[102.8769455,-2.30450749],[103.0046463,-2.33586335],[103.13883972,-2.35677791],[103.21190643,-2.31169558],[103.17978668,-2.24956179],[103.18193054,-2.17774892],[103.22206116,-2.14179373],[103.21125793,-2.08107567],[103.16049957,-2.01717138],[103.15653229,-1.9557569],[102.97943115,-1.94344246],[102.94629669,-1.98254001],[102.85824585,-2.00938892],[102.77727509,-1.94728959],[102.71534729,-1.95980847],[102.65229034,-1.92457807],[102.50972748,-1.91187108],[102.45949554,-1.8973403],[102.48774719,-2.01121616],[102.63075256,-2.14782381],[102.55743408,-2.2065084],[102.46099091,-2.19575787],[102.40379333,-2.3136785],[102.35221863,-2.37942314],[102.29384613,-2.35084796],[102.12223053,-2.4274075],[102.15646362,-2.50864267],[102.06311035,-2.62434101],[102.08648682,-2.69348502],[102.07521057,-2.7656436]]]},"properties":{"GID_0":"IDN","NAME_0":"Indonesia","GID_1":"IDN.8_1","NAME_1":"Jambi","NL_NAME_1":"","GID_2":"IDN.8.7_1","NAME_2":"Sarolangun","VARNAME_2":"","NL_NAME_2":"","TYPE_2":"Kabupaten","ENGTYPE_2":"Regency","CC_2":"1503","HASC_2":"ID.JA.SA"}},
  {"type":"Feature","geometry":{"type":"Polygon","coordinates":[[[101.24082947,-2.06494617],[101.26468658,-2.10181427],[101.28210449,-2.25025725],[101.4081192,-2.17138433],[101.45694733,-2.08907843],[101.42693329,-2.0263567],[101.28977966,-2.0272963],[101.24082947,-2.06494617]]]},"properties":{"GID_0":"IDN","NAME_0":"Indonesia","GID_1":"IDN.8_1","NAME_1":"Jambi","NL_NAME_1":"","GID_2":"IDN.8.8_1","NAME_2":"Sungai Penuh","VARNAME_2":"","NL_NAME_2":"","TYPE_2":"Kota","ENGTYPE_2":"City","CC_2":"1572","HASC_2":"ID.JA.SP"}},
  {"type":"Feature","geometry":{"type":"Polygon","coordinates":[[[103.20536804,-1.35546529],[103.25292969,-1.35398269],[103.26058197,-1.23125958],[103.34689331,-1.22877777],[103.43569946,-1.19536591],[103.43202209,-1.10062814],[103.47576141,-1.02763081],[103.5542984,-0.96412992],[103.57405853,-0.87522966],[103.54605865,-0.80842257],[103.48836517,-0.79656464],[103.4424057,-0.73959738],[103.38171387,-0.79430979],[103.12154388,-0.74692398],[103.0036087,-0.76292926],[102.93505096,-0.85780585],[102.82471466,-0.95989782],[102.73425293,-1.06765962],[102.64874268,-1.11857569],[102.68834686,-1.22106612],[102.78000641,-1.30770934],[102.81357574,-1.42317331],[102.86750031,-1.3708775],[103.03063965,-1.43909562],[103.07897186,-1.39299023],[103.16598511,-1.38631392],[103.20536804,-1.35546529]]]},"properties":{"GID_0":"IDN","NAME_0":"Indonesia","GID_1":"IDN.8_1","NAME_1":"Jambi","NL_NAME_1":"","GID_2":"IDN.8.9_1","NAME_2":"Tanjung Jabung B","VARNAME_2":"","NL_NAME_2":"","TYPE_2":"Kabupaten","ENGTYPE_2":"Regency","CC_2":"1507","HASC_2":"ID.JA.TJ"}},
  {"type":"Feature","geometry":{"type":"Polygon","coordinates":[[[104.49739838,-1.67285717],[104.43997192,-1.51580107],[104.45610046,-1.33332705],[104.40091705,-1.23808634],[104.39902496,-1.08983755],[104.37007141,-1.02666974],[104.134552,-1.0505321],[104.02140808,-0.99913573],[103.90846252,-0.98189682],[103.80864716,-1.0143224],[103.67589569,-0.95171082],[103.57405853,-0.87522966],[103.5542984,-0.96412992],[103.47576141,-1.02763081],[103.43202209,-1.10062814],[103.43569946,-1.19536591],[103.34689331,-1.22877777],[103.45669556,-1.31900632],[103.55222321,-1.30697644],[103.58460999,-1.38250852],[103.83789825,-1.33458102],[104.05699158,-1.31064141],[104.11109161,-1.34164786],[104.17092133,-1.44631958],[104.26044464,-1.55432749],[104.3584671,-1.64285517],[104.42209625,-1.62636316],[104.49739838,-1.67285717]]]},"properties":{"GID_0":"IDN","NAME_0":"Indonesia","GID_1":"IDN.8_1","NAME_1":"Jambi","NL_NAME_1":"","GID_2":"IDN.8.10_1","NAME_2":"Tanjung Jabung T","VARNAME_2":"","NL_NAME_2":"","TYPE_2":"Kabupaten","ENGTYPE_2":"Regency","CC_2":"1506","HASC_2":"ID.JA.TT"}},
  {"type":"Feature","geometry":{"type":"Polygon","coordinates":[[[101.88459778,-1.13485098],[101.9699707,-1.16334426],[101.95533752,-1.25617611],[101.87179565,-1.31511569],[101.94844055,-1.36979282],[102.07713318,-1.39492917],[102.15286255,-1.45980811],[102.32332611,-1.50517344],[102.31361389,-1.56859279],[102.45959473,-1.56369948],[102.51861572,-1.64621437],[102.51400757,-1.71471536],[102.45977783,-1.80044925],[102.45949554,-1.8973403],[102.50972748,-1.91187108],[102.58513641,-1.88156879],[102.65853882,-1.82058263],[102.68703461,-1.74501419],[102.74188232,-1.69197643],[102.80469513,-1.58058107],[102.81357574,-1.42317331],[102.78000641,-1.30770934],[102.68834686,-1.22106612],[102.64874268,-1.11857569],[102.55503082,-1.09003127],[102.46016693,-1.07723725],[102.26200104,-0.92598456],[102.20041656,-0.9544329],[102.00627899,-0.88263804],[101.9278717,-0.90518349],[101.90716553,-0.95056063],[101.83340454,-0.98152566],[101.8215332,-1.0591737],[101.88459778,-1.13485098]]]},"properties":{"GID_0":"IDN","NAME_0":"Indonesia","GID_1":"IDN.8_1","NAME_1":"Jambi","NL_NAME_1":"","GID_2":"IDN.8.11_1","NAME_2":"Tebo","VARNAME_2":"","NL_NAME_2":"","TYPE_2":"Kabupaten","ENGTYPE_2":"Regency","CC_2":"1508","HASC_2":"ID.JA.TE"}},
  {"type":"Feature","geometry":{"type":"Polygon","coordinates":[[[107.47664642,-7.25652599],[107.55752563,-7.2515049],[107.60488129,-7.30766773],[107.70942688,-7.30870104],[107.70746613,-7.22753859],[107.74176788,-7.16722441],[107.79709625,-7.15822411],[107.83570099,-7.06826591],[107.91021729,-7.03626204],[107.91466522,-6.95277691],[107.8423996,-6.96948051],[107.75411224,-6.95080805],[107.75,-6.81284523],[107.72652435,-6.81082296],[107.62857819,-6.85570908],[107.72619629,-6.91763926],[107.6993866,-6.96920252],[107.58704376,-6.96270514],[107.5472641,-6.92666912],[107.5250473,-6.92074871],[107.47553253,-7.05143023],[107.41943359,-7.06229877],[107.38679504,-7.12201309],[107.31175232,-7.1081233],[107.3055191,-7.16351795],[107.35675812,-7.23562431],[107.47664642,-7.25652599]]]},"properties":{"GID_0":"IDN","NAME_0":"Indonesia","GID_1":"IDN.9_1","NAME_1":"Jawa Barat","NL_NAME_1":"","GID_2":"IDN.9.2_1","NAME_2":"Bandung","VARNAME_2":"","NL_NAME_2":"","TYPE_2":"Kabupaten","ENGTYPE_2":"Regency","CC_2":"3204","HASC_2":"ID.JR.BU"}},
  {"type":"Feature","geometry":{"type":"Polygon","coordinates":[[[107.31652832,-6.82296371],[107.34919739,-6.86615753],[107.28325653,-6.92326069],[107.19029999,-6.96806574],[107.18274689,-7.05868912],[107.25946808,-7.06035042],[107.31175232,-7.1081233],[107.38679504,-7.12201309],[107.41943359,-7.06229877],[107.47553253,-7.05143023],[107.5250473,-6.92074871],[107.57148743,-6.88222027],[107.62857819,-6.85570908],[107.72652435,-6.81082296],[107.62744141,-6.77371931],[107.59551239,-6.7292161],[107.53165436,-6.76309681],[107.46414948,-6.71083164],[107.3669281,-6.70045662],[107.29626465,-6.78594685],[107.31652832,-6.82296371]]]},"properties":{"GID_0":"IDN","NAME_0":"Indonesia","GID_1":"IDN.9_1","NAME_1":"Jawa Barat","NL_NAME_1":"","GID_2":"IDN.9.1_1","NAME_2":"Bandung Barat","VARNAME_2":"","NL_NAME_2":"","TYPE_2":"Kabupaten","ENGTYPE_2":"Regency","CC_2":"3217","HASC_2":"ID.JR.BB"}},
  {"type":"Feature","geometry":{"type":"Polygon","coordinates":[[[108.55943298,-7.32649183],[108.46948242,-7.38176298],[108.56517029,-7.43757629],[108.66187286,-7.35249615],[108.55943298,-7.32649183]]]},"properties":{"GID_0":"IDN","NAME_0":"Indonesia","GID_1":"IDN.9_1","NAME_1":"Jawa Barat","NL_NAME_1":"","GID_2":"IDN.9.3_1","NAME_2":"Banjar","VARNAME_2":"","NL_NAME_2":"","TYPE_2":"Kota","ENGTYPE_2":"City","CC_2":"3279","HASC_2":"ID.JR.BA"}},
  {"type":"Feature","geometry":{"type":"Polygon","coordinates":[[[106.99397278,-6.36713362],[107.01032257,-6.40256119],[107.17167664,-6.48201942],[107.22492218,-6.3052578],[107.27614594,-6.26704979],[107.28380585,-6.13782501],[107.14311218,-6.07079649],[107.0941925,-6.02340317],[107.10035706,-5.93621016],[107.03122711,-5.9137702],[106.96898651,-6.09069014],[106.97189331,-6.15461445],[106.97162628,-6.17223644],[107.04148102,-6.24615097],[107.0370636,-6.32147074],[106.99397278,-6.36713362]]]},"properties":{"GID_0":"IDN","NAME_0":"Indonesia","GID_1":"IDN.9_1","NAME_1":"Jawa Barat","NL_NAME_1":"","GID_2":"IDN.9.4_1","NAME_2":"Bekasi","VARNAME_2":"","NL_NAME_2":"","TYPE_2":"Kabupaten","ENGTYPE_2":"Regency","CC_2":"3216","HASC_2":"ID.JR.BS"}},
  {"type":"Feature","geometry":{"type":"Polygon","coordinates":[[[107.22051239,-6.59074879],[107.17167664,-6.48201942],[107.01032257,-6.40256119],[106.99397278,-6.36713362],[106.91884613,-6.39560318],[106.88198853,-6.45667791],[106.73841095,-6.43892002],[106.72033691,-6.3604331],[106.65116119,-6.36220407],[106.54228973,-6.33400536],[106.42670441,-6.34807396],[106.45410919,-6.41848326],[106.40697479,-6.45389175],[106.42879486,-6.67558479],[106.46601105,-6.7501111],[106.52477264,-6.76231527],[106.56954956,-6.72190475],[106.63310242,-6.75487614],[106.72524261,-6.71835136],[106.777565,-6.75475931],[106.90345764,-6.78850079],[106.96515656,-6.77033758],[107.01589203,-6.66796684],[107.12309265,-6.66396713],[107.21450043,-6.63758612],[107.22711182,-6.60209513],[107.22051239,-6.59074879]],[[106.78171539,-6.61349916],[106.73653412,-6.56640196],[106.766716,-6.51690388],[106.82919312,-6.55054712],[106.78171539,-6.61349916]]]},"properties":{"GID_0":"IDN","NAME_0":"Indonesia","GID_1":"IDN.9_1","NAME_1":"Jawa Barat","NL_NAME_1":"","GID_2":"IDN.9.5_1","NAME_2":"Bogor","VARNAME_2":"","NL_NAME_2":"","TYPE_2":"Kabupaten","ENGTYPE_2":"Regency","CC_2":"3201","HASC_2":"ID.JR.BR"}},
  {"type":"Feature","geometry":{"type":"Polygon","coordinates":[[[108.34042358,-7.81658363],[108.44290924,-7.82321596],[108.49646759,-7.79185677],[108.53121185,-7.69314194],[108.80006409,-7.67637253],[108.73716736,-7.61050177],[108.75460815,-7.55862284],[108.72171021,-7.43934917],[108.66187286,-7.35249615],[108.56517029,-7.43757629],[108.46948242,-7.38176298],[108.55943298,-7.32649183],[108.5811615,-7.20654535],[108.55773163,-7.19277906],[108.50888824,-7.13493919],[108.38574219,-7.07300091],[108.35997772,-7.05155087],[108.1762085,-7.06765556],[108.2195816,-7.08846569],[108.19313812,-7.26924658],[108.31296539,-7.33962154],[108.40499115,-7.36056089],[108.42638397,-7.47411251],[108.33541107,-7.50843239],[108.3613739,-7.66228294],[108.31276703,-7.72491884],[108.34042358,-7.81658363]]]},"properties":{"GID_0":"IDN","NAME_0":"Indonesia","GID_1":"IDN.9_1","NAME_1":"Jawa Barat","NL_NAME_1":"","GID_2":"IDN.9.6_1","NAME_2":"Ciamis","VARNAME_2":"","NL_NAME_2":"","TYPE_2":"Kabupaten","ENGTYPE_2":"Regency","CC_2":"3207","HASC_2":"ID.JR.CS"}},
  {"type":"Feature","geometry":{"type":"Polygon","coordinates":[[[106.79317474,-7.42108107],[107.08595276,-7.45334005],[107.23882294,-7.48765993],[107.42305756,-7.50556707],[107.43383789,-7.42040586],[107.48456573,-7.35690689],[107.47664642,-7.25652599],[107.35675812,-7.23562431],[107.3055191,-7.16351795],[107.31175232,-7.1081233],[107.25946808,-7.06035042],[107.18274689,-7.05868912],[107.19029999,-6.96806574],[107.28325653,-6.92326069],[107.34919739,-6.86615753],[107.31652832,-6.82296371],[107.27359772,-6.76778316],[107.2843399,-6.70701027],[107.22711182,-6.60209513],[107.21450043,-6.63758612],[107.12309265,-6.66396713],[107.01589203,-6.66796684],[106.96515656,-6.77033758],[107.04875946,-6.91385889],[107.03767395,-7.04390097],[106.95944977,-7.03297281],[106.93987274,-7.12637568],[106.97879791,-7.24165535],[106.96717072,-7.31216574],[106.86016846,-7.36378336],[106.79317474,-7.42108107]]]},"properties":{"GID_0":"IDN","NAME_0":"Indonesia","GID_1":"IDN.9_1","NAME_1":"Jawa Barat","NL_NAME_1":"","GID_2":"IDN.9.7_1","NAME_2":"Cianjur","VARNAME_2":"","NL_NAME_2":"","TYPE_2":"Kabupaten","ENGTYPE_2":"Regency","CC_2":"3203","HASC_2":"ID.JR.CJ"}},
  {"type":"Feature","geometry":{"type":"Polygon","coordinates":[[[107.57148743,-6.88222027],[107.5250473,-6.92074871],[107.5472641,-6.92666912],[107.57148743,-6.88222027]]]},"properties":{"GID_0":"IDN","NAME_0":"Indonesia","GID_1":"IDN.9_1","NAME_1":"Jawa Barat","NL_NAME_1":"","GID_2":"IDN.9.8_1","NAME_2":"Cimahi","VARNAME_2":"","NL_NAME_2":"","TYPE_2":"Kota","ENGTYPE_2":"City","CC_2":"3277","HASC_2":"ID.JR.CI"}},
  {"type":"Feature","geometry":{"type":"Polygon","coordinates":[[[108.41144562,-6.78749084],[108.50775909,-6.79434395],[108.53432465,-6.87921953],[108.70697021,-6.93698215],[108.75868225,-6.98364782],[108.75283813,-6.92235613],[108.81929016,-6.83466768],[108.83381653,-6.75800943],[108.74987793,-6.81576014],[108.67492676,-6.76034021],[108.5949173,-6.7454071],[108.55578613,-6.76555967],[108.51951599,-6.73548412],[108.56227112,-6.69117546],[108.53814697,-6.51640558],[108.46694183,-6.56992769],[108.42868805,-6.52092218],[108.36054993,-6.55542612],[108.32358551,-6.62081766],[108.41144562,-6.78749084]]]},"properties":{"GID_0":"IDN","NAME_0":"Indonesia","GID_1":"IDN.9_1","NAME_1":"Jawa Barat","NL_NAME_1":"","GID_2":"IDN.9.9_1","NAME_2":"Cirebon","VARNAME_2":"","NL_NAME_2":"","TYPE_2":"Kabupaten","ENGTYPE_2":"Regency","CC_2":"3209","HASC_2":"ID.JR.CR"}},
  {"type":"Feature","geometry":{"type":"Polygon","coordinates":[[[106.72033691,-6.3604331],[106.73841095,-6.43892002],[106.88198853,-6.45667791],[106.91884613,-6.39560318],[106.91434479,-6.36554575],[106.84094238,-6.34197664],[106.77993774,-6.31652784],[106.72033691,-6.3604331]]]},"properties":{"GID_0":"IDN","NAME_0":"Indonesia","GID_1":"IDN.9_1","NAME_1":"Jawa Barat","NL_NAME_1":"","GID_2":"IDN.9.10_1","NAME_2":"Depok","VARNAME_2":"","NL_NAME_2":"","TYPE_2":"Kota","ENGTYPE_2":"City","CC_2":"3276","HASC_2":"ID.JR.DE"}},
  {"type":"Feature","geometry":{"type":"Polygon","coordinates":[[[107.90970612,-7.73193264],[107.93117523,-7.68320751],[107.95142365,-7.42168045],[107.90497589,-7.35952377],[107.96746826,-7.27316093],[108.0603714,-7.22489023],[108.06854248,-7.12890816],[108.12905884,-7.04076242],[108.09014893,-6.98178148],[108.04316711,-6.99640942],[107.91466522,-6.95277691],[107.91021729,-7.03626204],[107.83570099,-7.06826591],[107.79709625,-7.15822411],[107.74176788,-7.16722441],[107.70746613,-7.22753859],[107.70942688,-7.30870104],[107.60488129,-7.30766773],[107.55752563,-7.2515049],[107.47664642,-7.25652599],[107.48456573,-7.35690689],[107.43383789,-7.42040586],[107.42305756,-7.50556707],[107.59597015,-7.56910992],[107.69394684,-7.66919994],[107.78556824,-7.6799798],[107.86437988,-7.73937988],[107.90970612,-7.73193264]]]},"properties":{"GID_0":"IDN","NAME_0":"Indonesia","GID_1":"IDN.9_1","NAME_1":"Jawa Barat","NL_NAME_1":"","GID_2":"IDN.9.11_1","NAME_2":"Garut","VARNAME_2":"","NL_NAME_2":"","TYPE_2":"Kabupaten","ENGTYPE_2":"Regency","CC_2":"3205","HASC_2":"ID.JR.GA"}},
  {"type":"Feature","geometry":{"type":"Polygon","coordinates":[[[108.32358551,-6.62081766],[108.36054993,-6.55542612],[108.42868805,-6.52092218],[108.46694183,-6.56992769],[108.53814697,-6.51640558],[108.53952789,-6.48358011],[108.44922638,-6.43107986],[108.33886719,-6.27270985],[108.2381897,-6.23818016],[108.1934967,-6.29126978],[108.1074295,-6.33397007],[107.91984558,-6.25014067],[107.93005371,-6.31860638],[107.88798523,-6.45977211],[107.91975403,-6.50863171],[107.85558319,-6.57889032],[107.90530396,-6.59347248],[107.9887085,-6.66951513],[108.04312134,-6.63910484],[108.07510376,-6.57504702],[108.14860535,-6.60599613],[108.21012878,-6.57315588],[108.32358551,-6.62081766]]]},"properties":{"GID_0":"IDN","NAME_0":"Indonesia","GID_1":"IDN.9_1","NAME_1":"Jawa Barat","NL_NAME_1":"","GID_2":"IDN.9.12_1","NAME_2":"Indramayu","VARNAME_2":"","NL_NAME_2":"","TYPE_2":"Kabupaten","ENGTYPE_2":"Regency","CC_2":"3212","HASC_2":"ID.JR.IN"}},
  {"type":"Feature","geometry":{"type":"Polygon","coordinates":[[[107.22051239,-6.59074879],[107.28547668,-6.50483084],[107.52940369,-6.41835785],[107.57904816,-6.32225084],[107.58704376,-6.25188065],[107.64120483,-6.2165575],[107.46652985,-6.14295006],[107.40245819,-6.03599024],[107.34073639,-5.96958017],[107.28513336,-5.95892],[107.18109131,-5.98865986],[107.10035706,-5.93621016],[107.0941925,-6.02340317],[107.14311218,-6.07079649],[107.28380585,-6.13782501],[107.27614594,-6.26704979],[107.22492218,-6.3052578],[107.17167664,-6.48201942],[107.22051239,-6.59074879]]]},"properties":{"GID_0":"IDN","NAME_0":"Indonesia","GID_1":"IDN.9_1","NAME_1":"Jawa Barat","NL_NAME_1":"","GID_2":"IDN.9.13_1","NAME_2":"Karawang","VARNAME_2":"","NL_NAME_2":"","TYPE_2":"Kabupaten","ENGTYPE_2":"Regency","CC_2":"3215","HASC_2":"ID.JR.KA"}},
  {"type":"Feature","geometry":{"type":"Polygon","coordinates":[[[107.5472641,-6.92666912],[107.58704376,-6.96270514],[107.6993866,-6.96920252],[107.72619629,-6.91763926],[107.62857819,-6.85570908],[107.57148743,-6.88222027],[107.5472641,-6.92666912]]]},"properties":{"GID_0":"IDN","NAME_0":"Indonesia","GID_1":"IDN.9_1","NAME_1":"Jawa Barat","NL_NAME_1":"","GID_2":"IDN.9.14_1","NAME_2":"Kota Bandung","VARNAME_2":"","NL_NAME_2":"","TYPE_2":"Kota","ENGTYPE_2":"City","CC_2":"3273","HASC_2":"ID.JR.BN"}},
  {"type":"Feature","geometry":{"type":"Polygon","coordinates":[[[106.91884613,-6.39560318],[106.99397278,-6.36713362],[107.0370636,-6.32147074],[107.04148102,-6.24615097],[106.97162628,-6.17223644],[106.91434479,-6.36554575],[106.91884613,-6.39560318]]]},"properties":{"GID_0":"IDN","NAME_0":"Indonesia","GID_1":"IDN.9_1","NAME_1":"Jawa Barat","NL_NAME_1":"","GID_2":"IDN.9.15_1","NAME_2":"Kota Bekasi","VARNAME_2":"","NL_NAME_2":"","TYPE_2":"Kota","ENGTYPE_2":"City","CC_2":"3275","HASC_2":"ID.JR.BK"}},
  {"type":"Feature","geometry":{"type":"Polygon","coordinates":[[[106.78171539,-6.61349916],[106.82919312,-6.55054712],[106.766716,-6.51690388],[106.73653412,-6.56640196],[106.78171539,-6.61349916]]]},"properties":{"GID_0":"IDN","NAME_0":"Indonesia","GID_1":"IDN.9_1","NAME_1":"Jawa Barat","NL_NAME_1":"","GID_2":"IDN.9.16_1","NAME_2":"Kota Bogor","VARNAME_2":"","NL_NAME_2":"","TYPE_2":"Kota","ENGTYPE_2":"City","CC_2":"3271","HASC_2":"ID.JR.BG"}},
  {"type":"Feature","geometry":{"type":"Polygon","coordinates":[[[108.56227112,-6.69117546],[108.51951599,-6.73548412],[108.55578613,-6.76555967],[108.5949173,-6.7454071],[108.56227112,-6.69117546]]]},"properties":{"GID_0":"IDN","NAME_0":"Indonesia","GID_1":"IDN.9_1","NAME_1":"Jawa Barat","NL_NAME_1":"","GID_2":"IDN.9.17_1","NAME_2":"Kota Cirebon","VARNAME_2":"","NL_NAME_2":"","TYPE_2":"Kota","ENGTYPE_2":"City","CC_2":"3274","HASC_2":"ID.JR.CM"}},
  {"type":"Feature","geometry":{"type":"Polygon","coordinates":[[[106.95413971,-6.95972395],[106.94670868,-6.90753222],[106.90055847,-6.93305159],[106.91251373,-6.97805738],[106.95413971,-6.95972395]]]},"properties":{"GID_0":"IDN","NAME_0":"Indonesia","GID_1":"IDN.9_1","NAME_1":"Jawa Barat","NL_NAME_1":"","GID_2":"IDN.9.18_1","NAME_2":"Kota Sukabumi","VARNAME_2":"","NL_NAME_2":"","TYPE_2":"Kota","ENGTYPE_2":"City","CC_2":"3272","HASC_2":"ID.JR.SM"}},
  {"type":"Feature","geometry":{"type":"Polygon","coordinates":[[[108.19313812,-7.26924658],[108.15502167,-7.28969193],[108.19178772,-7.45028877],[108.27215576,-7.42478514],[108.31296539,-7.33962154],[108.19313812,-7.26924658]]]},"properties":{"GID_0":"IDN","NAME_0":"Indonesia","GID_1":"IDN.9_1","NAME_1":"Jawa Barat","NL_NAME_1":"","GID_2":"IDN.9.19_1","NAME_2":"Kota Tasikmalaya","VARNAME_2":"","NL_NAME_2":"","TYPE_2":"Kota","ENGTYPE_2":"City","CC_2":"3278","HASC_2":"ID.JR.TM"}},
  {"type":"Feature","geometry":{"type":"Polygon","coordinates":[[[108.38574219,-7.07300091],[108.50888824,-7.13493919],[108.55773163,-7.19277906],[108.59136963,-7.15062571],[108.69303894,-7.15180445],[108.77091217,-7.11184883],[108.79063416,-7.0122962],[108.75868225,-6.98364782],[108.70697021,-6.93698215],[108.53432465,-6.87921953],[108.50775909,-6.79434395],[108.41144562,-6.78749084],[108.38572693,-6.95248365],[108.38574219,-7.07300091]]]},"properties":{"GID_0":"IDN","NAME_0":"Indonesia","GID_1":"IDN.9_1","NAME_1":"Jawa Barat","NL_NAME_1":"","GID_2":"IDN.9.20_1","NAME_2":"Kuningan","VARNAME_2":"","NL_NAME_2":"","TYPE_2":"Kabupaten","ENGTYPE_2":"Regency","CC_2":"3208","HASC_2":"ID.JR.KU"}},
  {"type":"Feature","geometry":{"type":"Polygon","coordinates":[[[108.13282776,-7.03920794],[108.1762085,-7.06765556],[108.35997772,-7.05155087],[108.38574219,-7.07300091],[108.38572693,-6.95248365],[108.41144562,-6.78749084],[108.32358551,-6.62081766],[108.21012878,-6.57315588],[108.14860535,-6.60599613],[108.07510376,-6.57504702],[108.04312134,-6.63910484],[108.16386414,-6.72808266],[108.15970612,-6.82649136],[108.21730804,-6.93141842],[108.13282776,-7.03920794]]]},"properties":{"GID_0":"IDN","NAME_0":"Indonesia","GID_1":"IDN.9_1","NAME_1":"Jawa Barat","NL_NAME_1":"","GID_2":"IDN.9.21_1","NAME_2":"Majalengka","VARNAME_2":"","NL_NAME_2":"","TYPE_2":"Kabupaten","ENGTYPE_2":"Regency","CC_2":"3210","HASC_2":"ID.JR.MA"}},
  {"type":"Feature","geometry":{"type":"Polygon","coordinates":[[[107.59551239,-6.7292161],[107.58917999,-6.60463619],[107.55784607,-6.56195402],[107.56388855,-6.49006367],[107.52940369,-6.41835785],[107.28547668,-6.50483084],[107.22051239,-6.59074879],[107.22711182,-6.60209513],[107.2843399,-6.70701027],[107.3669281,-6.70045662],[107.46414948,-6.71083164],[107.53165436,-6.76309681],[107.59551239,-6.7292161]]]},"properties":{"GID_0":"IDN","NAME_0":"Indonesia","GID_1":"IDN.9_1","NAME_1":"Jawa Barat","NL_NAME_1":"","GID_2":"IDN.9.22_1","NAME_2":"Purwakarta","VARNAME_2":"","NL_NAME_2":"","TYPE_2":"Kabupaten","ENGTYPE_2":"Regency","CC_2":"3214","HASC_2":"ID.JR.PU"}},
  {"type":"Feature","geometry":{"type":"Polygon","coordinates":[[[107.75,-6.81284523],[107.83744049,-6.77583122],[107.85558319,-6.57889032],[107.91975403,-6.50863171],[107.88798523,-6.45977211],[107.93005371,-6.31860638],[107.91984558,-6.25014067],[107.85309601,-6.19092321],[107.72758484,-6.23781776],[107.64120483,-6.2165575],[107.58704376,-6.25188065],[107.57904816,-6.32225084],[107.52940369,-6.41835785],[107.56388855,-6.49006367],[107.55784607,-6.56195402],[107.58917999,-6.60463619],[107.59551239,-6.7292161],[107.62744141,-6.77371931],[107.72652435,-6.81082296],[107.75,-6.81284523]]]},"properties":{"GID_0":"IDN","NAME_0":"Indonesia","GID_1":"IDN.9_1","NAME_1":"Jawa Barat","NL_NAME_1":"","GID_2":"IDN.9.23_1","NAME_2":"Subang","VARNAME_2":"","NL_NAME_2":"","TYPE_2":"Kabupaten","ENGTYPE_2":"Regency","CC_2":"3213","HASC_2":"ID.JR.SB"}},
  {"type":"Feature","geometry":{"type":"Polygon","coordinates":[[[106.39692688,-6.97798061],[106.44140625,-6.95251989],[106.5400238,-6.98243046],[106.54554749,-7.05510569],[106.40059662,-7.18674994],[106.37055206,-7.27940989],[106.40371704,-7.35750771],[106.52599335,-7.40844011],[106.78044891,-7.4403429],[106.79317474,-7.42108107],[106.86016846,-7.36378336],[106.96717072,-7.31216574],[106.97879791,-7.24165535],[106.93987274,-7.12637568],[106.95944977,-7.03297281],[107.03767395,-7.04390097],[107.04875946,-6.91385889],[106.96515656,-6.77033758],[106.90345764,-6.78850079],[106.777565,-6.75475931],[106.72524261,-6.71835136],[106.63310242,-6.75487614],[106.56954956,-6.72190475],[106.52477264,-6.76231527],[106.43605042,-6.82020712],[106.39287567,-6.90063286],[106.39692688,-6.97798061]],[[106.95413971,-6.95972395],[106.91251373,-6.97805738],[106.90055847,-6.93305159],[106.94670868,-6.90753222],[106.95413971,-6.95972395]]]},"properties":{"GID_0":"IDN","NAME_0":"Indonesia","GID_1":"IDN.9_1","NAME_1":"Jawa Barat","NL_NAME_1":"","GID_2":"IDN.9.24_1","NAME_2":"Sukabumi","VARNAME_2":"","NL_NAME_2":"","TYPE_2":"Kabupaten","ENGTYPE_2":"Regency","CC_2":"3202","HASC_2":"ID.JR.SR"}},
  {"type":"Feature","geometry":{"type":"Polygon","coordinates":[[[107.75,-6.81284523],[107.75411224,-6.95080805],[107.8423996,-6.96948051],[107.91466522,-6.95277691],[108.04316711,-6.99640942],[108.09014893,-6.98178148],[108.12905884,-7.04076242],[108.13282776,-7.03920794],[108.21730804,-6.93141842],[108.15970612,-6.82649136],[108.16386414,-6.72808266],[108.04312134,-6.63910484],[107.9887085,-6.66951513],[107.90530396,-6.59347248],[107.85558319,-6.57889032],[107.83744049,-6.77583122],[107.75,-6.81284523]]]},"properties":{"GID_0":"IDN","NAME_0":"Indonesia","GID_1":"IDN.9_1","NAME_1":"Jawa Barat","NL_NAME_1":"","GID_2":"IDN.9.25_1","NAME_2":"Sumedang","VARNAME_2":"","NL_NAME_2":"","TYPE_2":"Kabupaten","ENGTYPE_2":"Regency","CC_2":"3211","HASC_2":"ID.JR.SD"}},
  {"type":"Feature","geometry":{"type":"Polygon","coordinates":[[[107.90970612,-7.73193264],[108.13108063,-7.78306198],[108.34042358,-7.81658363],[108.31276703,-7.72491884],[108.3613739,-7.66228294],[108.33541107,-7.50843239],[108.42638397,-7.47411251],[108.40499115,-7.36056089],[108.31296539,-7.33962154],[108.27215576,-7.42478514],[108.19178772,-7.45028877],[108.15502167,-7.28969193],[108.19313812,-7.26924658],[108.2195816,-7.08846569],[108.1762085,-7.06765556],[108.13282776,-7.03920794],[108.12905884,-7.04076242],[108.06854248,-7.12890816],[108.0603714,-7.22489023],[107.96746826,-7.27316093],[107.90497589,-7.35952377],[107.95142365,-7.42168045],[107.93117523,-7.68320751],[107.90970612,-7.73193264]]]},"properties":{"GID_0":"IDN","NAME_0":"Indonesia","GID_1":"IDN.9_1","NAME_1":"Jawa Barat","NL_NAME_1":"","GID_2":"IDN.9.26_1","NAME_2":"Tasikmalaya","VARNAME_2":"","NL_NAME_2":"","TYPE_2":"Kabupaten","ENGTYPE_2":"Regency","CC_2":"3206","HASC_2":"ID.JR.TA"}},
  {"type":"Feature","geometry":{"type":"Polygon","coordinates":[[[109.75210571,-7.4619298],[109.76052856,-7.3862586],[109.91525269,-7.19559813],[109.79871368,-7.17116499],[109.7270813,-7.20173502],[109.63652039,-7.17615366],[109.53858948,-7.24442959],[109.56946564,-7.26473904],[109.54884338,-7.40192652],[109.48995972,-7.44328499],[109.36160278,-7.48529625],[109.43273926,-7.53613997],[109.49586487,-7.50651693],[109.68462372,-7.5033946],[109.75210571,-7.4619298]]]},"properties":{"GID_0":"IDN","NAME_0":"Indonesia","GID_1":"IDN.10_1","NAME_1":"Jawa Tengah","NL_NAME_1":"","GID_2":"IDN.10.1_1","NAME_2":"Banjarnegara","VARNAME_2":"","NL_NAME_2":"","TYPE_2":"Kabupaten","ENGTYPE_2":"Regency","CC_2":"3304","HASC_2":"ID.JT.BN"}},
  {"type":"Feature","geometry":{"type":"Polygon","coordinates":[[[108.96714783,-7.33222675],[108.90976715,-7.46606922],[109.01271057,-7.54393673],[109.09353638,-7.57788944],[109.21486664,-7.56484985],[109.26333618,-7.62027884],[109.38630676,-7.66074371],[109.44566345,-7.62107038],[109.43273926,-7.53613997],[109.36160278,-7.48529625],[109.25493622,-7.28055143],[109.22367096,-7.24629211],[109.20383453,-7.24761248],[109.16710663,-7.26839018],[109.12485504,-7.27289248],[109.06330109,-7.33942223],[108.96714783,-7.33222675]]]},"properties":{"GID_0":"IDN","NAME_0":"Indonesia","GID_1":"IDN.10_1","NAME_1":"Jawa Tengah","NL_NAME_1":"","GID_2":"IDN.10.2_1","NAME_2":"Banyumas","VARNAME_2":"","NL_NAME_2":"","TYPE_2":"Kabupaten","ENGTYPE_2":"Regency","CC_2":"3302","HASC_2":"ID.JT.BY"}},
  {"type":"Feature","geometry":{"type":"Polygon","coordinates":[[[109.92437744,-7.18826389],[109.97812653,-7.08057737],[109.97361755,-7.03489113],[110.04959869,-6.9805727],[110.02999878,-6.91239882],[109.86766815,-6.91468],[109.71437836,-6.86857843],[109.67506409,-6.93459654],[109.74772644,-7.01166582],[109.74390411,-7.11164045],[109.79871368,-7.17116499],[109.91525269,-7.19559813],[109.92437744,-7.18826389]]]},"properties":{"GID_0":"IDN","NAME_0":"Indonesia","GID_1":"IDN.10_1","NAME_1":"Jawa Tengah","NL_NAME_1":"","GID_2":"IDN.10.3_1","NAME_2":"Batang","VARNAME_2":"","NL_NAME_2":"","TYPE_2":"Kabupaten","ENGTYPE_2":"Regency","CC_2":"3325","HASC_2":"ID.JT.BT"}},
  {"type":"Feature","geometry":{"type":"Polygon","coordinates":[[[111.46182251,-7.36229134],[111.42604065,-7.31266165],[111.45555878,-7.25810385],[111.52301788,-7.2364316],[111.61062622,-7.14196491],[111.62335968,-6.98754501],[111.57497406,-6.91812897],[111.45435333,-6.87626886],[111.34786987,-6.88601398],[111.26345825,-6.85536909],[111.19831848,-6.89833117],[111.115242,-6.91627598],[111.21802521,-7.03052807],[111.24684906,-7.17181492],[111.2123642,-7.2468729],[111.36859894,-7.34030581],[111.46182251,-7.36229134]]]},"properties":{"GID_0":"IDN","NAME_0":"Indonesia","GID_1":"IDN.10_1","NAME_1":"Jawa Tengah","NL_NAME_1":"","GID_2":"IDN.10.4_1","NAME_2":"Blora","VARNAME_2":"","NL_NAME_2":"","TYPE_2":"Kabupaten","ENGTYPE_2":"Regency","CC_2":"3316","HASC_2":"ID.JT.BL"}},
  {"type":"Feature","geometry":{"type":"Polygon","coordinates":[[[110.44610596,-7.54184151],[110.52248383,-7.62148905],[110.6108551,-7.57578087],[110.70272827,-7.59354687],[110.71342468,-7.54159117],[110.80066681,-7.53385496],[110.81574249,-7.52320814],[110.80478668,-7.4592514],[110.77257538,-7.39285517],[110.79716492,-7.30780411],[110.82794189,-7.24748993],[110.74383545,-7.16428041],[110.69011688,-7.24115181],[110.62760162,-7.21943474],[110.64260864,-7.32600403],[110.63511658,-7.47036886],[110.58105469,-7.4267745],[110.43929291,-7.45360422],[110.44610596,-7.54184151]]]},"properties":{"GID_0":"IDN","NAME_0":"Indonesia","GID_1":"IDN.10_1","NAME_1":"Jawa Tengah","NL_NAME_1":"","GID_2":"IDN.10.5_1","NAME_2":"Boyolali","VARNAME_2":"","NL_NAME_2":"","TYPE_2":"Kabupaten","ENGTYPE_2":"Regency","CC_2":"3309","HASC_2":"ID.JT.BO"}},
  {"type":"Feature","geometry":{"type":"Polygon","coordinates":[[[108.69303894,-7.15180445],[108.72620392,-7.19417858],[108.85988617,-7.24110079],[108.96714783,-7.33222675],[109.06330109,-7.33942223],[109.12485504,-7.27289248],[109.16710663,-7.26839018],[109.08171082,-7.15474367],[108.98011017,-7.11875916],[108.98422241,-7.06154299],[109.06964874,-6.97802973],[109.07739258,-6.88784838],[109.10218048,-6.83992481],[109.06070709,-6.77873993],[108.94946289,-6.83088017],[108.84754944,-6.78841019],[108.83381653,-6.75800943],[108.81929016,-6.83466768],[108.75283813,-6.92235613],[108.75868225,-6.98364782],[108.79063416,-7.0122962],[108.77091217,-7.11184883],[108.69303894,-7.15180445]]]},"properties":{"GID_0":"IDN","NAME_0":"Indonesia","GID_1":"IDN.10_1","NAME_1":"Jawa Tengah","NL_NAME_1":"","GID_2":"IDN.10.6_1","NAME_2":"Brebes","VARNAME_2":"","NL_NAME_2":"","TYPE_2":"Kabupaten","ENGTYPE_2":"Regency","CC_2":"3329","HASC_2":"ID.JT.BR"}},
  {"type":"Feature","geometry":{"type":"Polygon","coordinates":[[[109.39195251,-7.7256999],[109.38630676,-7.66074371],[109.26333618,-7.62027884],[109.21486664,-7.56484985],[109.09353638,-7.57788944],[109.01271057,-7.54393673],[108.90976715,-7.46606922],[108.96714783,-7.33222675],[108.85988617,-7.24110079],[108.72620392,-7.19417858],[108.69303894,-7.15180445],[108.59136963,-7.15062571],[108.55773163,-7.19277906],[108.5811615,-7.20654535],[108.55943298,-7.32649183],[108.66187286,-7.35249615],[108.72171021,-7.43934917],[108.75460815,-7.55862284],[108.73716736,-7.61050177],[108.80006409,-7.67637253],[108.7885437,-7.7252202],[108.96697998,-7.76328993],[109.01938629,-7.76070023],[109.08854675,-7.68770981],[109.28764343,-7.70053005],[109.39195251,-7.7256999]]]},"properties":{"GID_0":"IDN","NAME_0":"Indonesia","GID_1":"IDN.10_1","NAME_1":"Jawa Tengah","NL_NAME_1":"","GID_2":"IDN.10.7_1","NAME_2":"Cilacap","VARNAME_2":"","NL_NAME_2":"","TYPE_2":"Kabupaten","ENGTYPE_2":"Regency","CC_2":"3301","HASC_2":"ID.JT.CI"}},
  {"type":"Feature","geometry":{"type":"Polygon","coordinates":[[[110.55827332,-7.13965416],[110.63699341,-6.97672892],[110.72860718,-7.0328083],[110.77742767,-6.95003557],[110.82470703,-6.86236286],[110.75915527,-6.79154921],[110.70345306,-6.79358912],[110.67102814,-6.72232199],[110.58986664,-6.72378445],[110.56020355,-6.80341005],[110.46321106,-6.93151999],[110.50100708,-6.95262194],[110.47758484,-7.08543396],[110.55827332,-7.13965416]]]},"properties":{"GID_0":"IDN","NAME_0":"Indonesia","GID_1":"IDN.10_1","NAME_1":"Jawa Tengah","NL_NAME_1":"","GID_2":"IDN.10.8_1","NAME_2":"Demak","VARNAME_2":"","NL_NAME_2":"","TYPE_2":"Kabupaten","ENGTYPE_2":"Regency","CC_2":"3321","HASC_2":"ID.JT.DE"}},
  {"type":"Feature","geometry":{"type":"Polygon","coordinates":[[[110.62760162,-7.21943474],[110.69011688,-7.24115181],[110.74383545,-7.16428041],[110.82794189,-7.24748993],[110.85197449,-7.26986933],[110.95536804,-7.28271246],[111.00725555,-7.26085281],[111.14867401,-7.26435852],[111.2123642,-7.2468729],[111.24684906,-7.17181492],[111.21802521,-7.03052807],[111.115242,-6.91627598],[111.06971741,-6.96905661],[110.91413116,-6.96238041],[110.8039093,-6.97957087],[110.77742767,-6.95003557],[110.72860718,-7.0328083],[110.63699341,-6.97672892],[110.55827332,-7.13965416],[110.54631042,-7.19277239],[110.62760162,-7.21943474]]]},"properties":{"GID_0":"IDN","NAME_0":"Indonesia","GID_1":"IDN.10_1","NAME_1":"Jawa Tengah","NL_NAME_1":"","GID_2":"IDN.10.9_1","NAME_2":"Grobogan","VARNAME_2":"","NL_NAME_2":"","TYPE_2":"Kabupaten","ENGTYPE_2":"Regency","CC_2":"3315","HASC_2":"ID.JT.GR"}},
  {"type":"Feature","geometry":{"type":"Polygon","coordinates":[[[110.58986664,-6.72378445],[110.67102814,-6.72232199],[110.70345306,-6.79358912],[110.75915527,-6.79154921],[110.85943604,-6.62401342],[110.90219879,-6.62377691],[110.91465759,-6.49589014],[110.97514343,-6.41178989],[110.83627319,-6.40747976],[110.72660065,-6.44614983],[110.67780304,-6.53331995],[110.63220215,-6.68097353],[110.58986664,-6.72378445]]]},"properties":{"GID_0":"IDN","NAME_0":"Indonesia","GID_1":"IDN.10_1","NAME_1":"Jawa Tengah","NL_NAME_1":"","GID_2":"IDN.10.10_1","NAME_2":"Jepara","VARNAME_2":"","NL_NAME_2":"","TYPE_2":"Kabupaten","ENGTYPE_2":"Regency","CC_2":"3320","HASC_2":"ID.JT.JE"}},
  {"type":"Feature","geometry":{"type":"MultiPolygon","coordinates":[[[[110.80066681,-7.53385496],[110.71342468,-7.54159117],[110.77098083,-7.54526949],[110.80066681,-7.53385496]]],[[[110.94125366,-7.73967886],[110.99112701,-7.7659421],[111.09355164,-7.75173855],[111.18186188,-7.7123065],[111.19448853,-7.62040854],[111.14778137,-7.52500105],[111.00912476,-7.52913332],[110.80478668,-7.4592514],[110.81574249,-7.52320814],[110.86103821,-7.56712627],[110.94483948,-7.61789894],[110.94125366,-7.73967886]]]]},"properties":{"GID_0":"IDN","NAME_0":"Indonesia","GID_1":"IDN.10_1","NAME_1":"Jawa Tengah","NL_NAME_1":"","GID_2":"IDN.10.11_1","NAME_2":"Karanganyar","VARNAME_2":"","NL_NAME_2":"","TYPE_2":"Kabupaten","ENGTYPE_2":"Regency","CC_2":"3313","HASC_2":"ID.JT.KA"}},
  {"type":"Feature","geometry":{"type":"Polygon","coordinates":[[[109.39195251,-7.7256999],[109.46720886,-7.75863981],[109.66739655,-7.79255009],[109.81964111,-7.83003283],[109.83901215,-7.77319717],[109.80010986,-7.70619917],[109.81498718,-7.59924316],[109.76452637,-7.60324335],[109.73791504,-7.5353055],[109.75210571,-7.4619298],[109.68462372,-7.5033946],[109.49586487,-7.50651693],[109.43273926,-7.53613997],[109.44566345,-7.62107038],[109.38630676,-7.66074371],[109.39195251,-7.7256999]]]},"properties":{"GID_0":"IDN","NAME_0":"Indonesia","GID_1":"IDN.10_1","NAME_1":"Jawa Tengah","NL_NAME_1":"","GID_2":"IDN.10.12_1","NAME_2":"Kebumen","VARNAME_2":"","NL_NAME_2":"","TYPE_2":"Kabupaten","ENGTYPE_2":"Regency","CC_2":"3305","HASC_2":"ID.JT.KB"}},
  {"type":"Feature","geometry":{"type":"Polygon","coordinates":[[[109.9340744,-7.2023201],[110.10995483,-7.09517002],[110.17310333,-7.10031891],[110.21406555,-7.1857295],[110.25884247,-7.19832468],[110.3417511,-7.19384003],[110.35612488,-7.10656548],[110.3050766,-7.10140419],[110.27088928,-7.02282524],[110.31415558,-6.93765211],[110.17101288,-6.84462643],[110.13174438,-6.88080168],[110.02999878,-6.91239882],[110.04959869,-6.9805727],[109.97361755,-7.03489113],[109.97812653,-7.08057737],[109.92437744,-7.18826389],[109.9340744,-7.2023201]]]},"properties":{"GID_0":"IDN","NAME_0":"Indonesia","GID_1":"IDN.10_1","NAME_1":"Jawa Tengah","NL_NAME_1":"","GID_2":"IDN.10.13_1","NAME_2":"Kendal","VARNAME_2":"","NL_NAME_2":"","TYPE_2":"Kabupaten","ENGTYPE_2":"Regency","CC_2":"3324","HASC_2":"ID.JT.KN"}},
  {"type":"Feature","geometry":{"type":"Polygon","coordinates":[[[110.44610596,-7.54184151],[110.49180603,-7.7421093],[110.54395294,-7.79377174],[110.71260071,-7.79273224],[110.77223206,-7.71241999],[110.79203033,-7.64702988],[110.70272827,-7.59354687],[110.6108551,-7.57578087],[110.52248383,-7.62148905],[110.44610596,-7.54184151]]]},"properties":{"GID_0":"IDN","NAME_0":"Indonesia","GID_1":"IDN.10_1","NAME_1":"Jawa Tengah","NL_NAME_1":"","GID_2":"IDN.10.14_1","NAME_2":"Klaten","VARNAME_2":"","NL_NAME_2":"","TYPE_2":"Kabupaten","ENGTYPE_2":"Regency","CC_2":"3310","HASC_2":"ID.JT.KL"}},
  {"type":"Feature","geometry":{"type":"Polygon","coordinates":[[[110.2378006,-7.50558996],[110.21929169,-7.43869686],[110.20197296,-7.499125],[110.2378006,-7.50558996]]]},"properties":{"GID_0":"IDN","NAME_0":"Indonesia","GID_1":"IDN.10_1","NAME_1":"Jawa Tengah","NL_NAME_1":"","GID_2":"IDN.10.15_1","NAME_2":"Kota Magelang","VARNAME_2":"","NL_NAME_2":"","TYPE_2":"Kota","ENGTYPE_2":"City","CC_2":"3371","HASC_2":"ID.JT.MM"}},
  {"type":"Feature","geometry":{"type":"Polygon","coordinates":[[[109.6659317,-6.85172987],[109.67506409,-6.93459654],[109.71437836,-6.86857843],[109.6659317,-6.85172987]]]},"properties":{"GID_0":"IDN","NAME_0":"Indonesia","GID_1":"IDN.10_1","NAME_1":"Jawa Tengah","NL_NAME_1":"","GID_2":"IDN.10.16_1","NAME_2":"Kota Pekalongan","VARNAME_2":"","NL_NAME_2":"","TYPE_2":"Kota","ENGTYPE_2":"City","CC_2":"3375","HASC_2":"ID.JT.PM"}},
  {"type":"Feature","geometry":{"type":"Polygon","coordinates":[[[110.31415558,-6.93765211],[110.27088928,-7.02282524],[110.3050766,-7.10140419],[110.35612488,-7.10656548],[110.47758484,-7.08543396],[110.50100708,-6.95262194],[110.46321106,-6.93151999],[110.36237335,-6.95447016],[110.31415558,-6.93765211]]]},"properties":{"GID_0":"IDN","NAME_0":"Indonesia","GID_1":"IDN.10_1","NAME_1":"Jawa Tengah","NL_NAME_1":"","GID_2":"IDN.10.17_1","NAME_2":"Kota Semarang","VARNAME_2":"","NL_NAME_2":"","TYPE_2":"Kota","ENGTYPE_2":"City","CC_2":"3374","HASC_2":"ID.JT.SM"}},
  {"type":"Feature","geometry":{"type":"Polygon","coordinates":[[[109.07739258,-6.88784838],[109.16155243,-6.8438158],[109.10218048,-6.83992481],[109.07739258,-6.88784838]]]},"properties":{"GID_0":"IDN","NAME_0":"Indonesia","GID_1":"IDN.10_1","NAME_1":"Jawa Tengah","NL_NAME_1":"","GID_2":"IDN.10.18_1","NAME_2":"Kota Tegal","VARNAME_2":"","NL_NAME_2":"","TYPE_2":"Kota","ENGTYPE_2":"City","CC_2":"3376","HASC_2":"ID.JT.TM"}},
  {"type":"Feature","geometry":{"type":"Polygon","coordinates":[[[110.77742767,-6.95003557],[110.8039093,-6.97957087],[110.87781525,-6.86842203],[110.97680664,-6.83363485],[110.96058655,-6.75497866],[110.90219879,-6.62377691],[110.85943604,-6.62401342],[110.75915527,-6.79154921],[110.82470703,-6.86236286],[110.77742767,-6.95003557]]]},"properties":{"GID_0":"IDN","NAME_0":"Indonesia","GID_1":"IDN.10_1","NAME_1":"Jawa Tengah","NL_NAME_1":"","GID_2":"IDN.10.19_1","NAME_2":"Kudus","VARNAME_2":"","NL_NAME_2":"","TYPE_2":"Kabupaten","ENGTYPE_2":"Regency","CC_2":"3319","HASC_2":"ID.JT.KU"}},
  {"type":"Feature","geometry":{"type":"Polygon","coordinates":[[[110.14179993,-7.64496136],[110.24279785,-7.65315294],[110.27041626,-7.70567083],[110.30410767,-7.65489244],[110.44610596,-7.54184151],[110.43929291,-7.45360422],[110.37914276,-7.33455229],[110.32801819,-7.32025051],[110.3167572,-7.35229206],[110.2220993,-7.39181519],[110.07421112,-7.38570499],[110.04425049,-7.53475475],[110.14179993,-7.64496136]],[[110.2378006,-7.50558996],[110.20197296,-7.499125],[110.21929169,-7.43869686],[110.2378006,-7.50558996]]]},"properties":{"GID_0":"IDN","NAME_0":"Indonesia","GID_1":"IDN.10_1","NAME_1":"Jawa Tengah","NL_NAME_1":"","GID_2":"IDN.10.20_1","NAME_2":"Magelang","VARNAME_2":"","NL_NAME_2":"","TYPE_2":"Kabupaten","ENGTYPE_2":"Regency","CC_2":"3308","HASC_2":"ID.JT.MR"}},
  {"type":"Feature","geometry":{"type":"Polygon","coordinates":[[[111.115242,-6.91627598],[111.19831848,-6.89833117],[111.26345825,-6.85536909],[111.23484039,-6.69613123],[111.13156891,-6.64299297],[111.06352997,-6.51952124],[111.04445648,-6.43402004],[110.97514343,-6.41178989],[110.91465759,-6.49589014],[110.90219879,-6.62377691],[110.96058655,-6.75497866],[110.97680664,-6.83363485],[110.87781525,-6.86842203],[110.8039093,-6.97957087],[110.91413116,-6.96238041],[111.06971741,-6.96905661],[111.115242,-6.91627598]]]},"properties":{"GID_0":"IDN","NAME_0":"Indonesia","GID_1":"IDN.10_1","NAME_1":"Jawa Tengah","NL_NAME_1":"","GID_2":"IDN.10.21_1","NAME_2":"Pati","VARNAME_2":"","NL_NAME_2":"","TYPE_2":"Kabupaten","ENGTYPE_2":"Regency","CC_2":"3318","HASC_2":"ID.JT.PA"}},
  {"type":"Feature","geometry":{"type":"Polygon","coordinates":[[[109.53858948,-7.24442959],[109.63652039,-7.17615366],[109.7270813,-7.20173502],[109.79871368,-7.17116499],[109.74390411,-7.11164045],[109.74772644,-7.01166582],[109.67506409,-6.93459654],[109.6659317,-6.85172987],[109.59590149,-6.84154081],[109.56341553,-6.91841125],[109.49835205,-6.96440506],[109.4908905,-7.12244749],[109.53227997,-7.23074007],[109.53858948,-7.24442959]]]},"properties":{"GID_0":"IDN","NAME_0":"Indonesia","GID_1":"IDN.10_1","NAME_1":"Jawa Tengah","NL_NAME_1":"","GID_2":"IDN.10.22_1","NAME_2":"Pekalongan","VARNAME_2":"","NL_NAME_2":"","TYPE_2":"Kabupaten","ENGTYPE_2":"Regency","CC_2":"3326","HASC_2":"ID.JT.PR"}},
  {"type":"Feature","geometry":{"type":"Polygon","coordinates":[[[109.53227997,-7.23074007],[109.4908905,-7.12244749],[109.49835205,-6.96440506],[109.56341553,-6.91841125],[109.59590149,-6.84154081],[109.53520203,-6.79562998],[109.35028076,-6.8625536],[109.31536102,-6.98403502],[109.27494049,-7.05354595],[109.19527435,-7.12995958],[109.20383453,-7.24761248],[109.22367096,-7.24629211],[109.43439484,-7.17998219],[109.53227997,-7.23074007]]]},"properties":{"GID_0":"IDN","NAME_0":"Indonesia","GID_1":"IDN.10_1","NAME_1":"Jawa Tengah","NL_NAME_1":"","GID_2":"IDN.10.23_1","NAME_2":"Pemalang","VARNAME_2":"","NL_NAME_2":"","TYPE_2":"Kabupaten","ENGTYPE_2":"Regency","CC_2":"3327","HASC_2":"ID.JT.PL"}},
  {"type":"Feature","geometry":{"type":"Polygon","coordinates":[[[109.36160278,-7.48529625],[109.48995972,-7.44328499],[109.54884338,-7.40192652],[109.56946564,-7.26473904],[109.53858948,-7.24442959],[109.53227997,-7.23074007],[109.43439484,-7.17998219],[109.22367096,-7.24629211],[109.25493622,-7.28055143],[109.36160278,-7.48529625]]]},"properties":{"GID_0":"IDN","NAME_0":"Indonesia","GID_1":"IDN.10_1","NAME_1":"Jawa Tengah","NL_NAME_1":"","GID_2":"IDN.10.24_1","NAME_2":"Purbalingga","VARNAME_2":"","NL_NAME_2":"","TYPE_2":"Kabupaten","ENGTYPE_2":"Regency","CC_2":"3303","HASC_2":"ID.JT.PB"}},
  {"type":"Feature","geometry":{"type":"Polygon","coordinates":[[[109.81964111,-7.83003283],[110.01966095,-7.89167404],[110.06269073,-7.8139739],[110.11270142,-7.77691126],[110.14179993,-7.64496136],[110.04425049,-7.53475475],[109.89844513,-7.51972294],[109.81498718,-7.59924316],[109.80010986,-7.70619917],[109.83901215,-7.77319717],[109.81964111,-7.83003283]]]},"properties":{"GID_0":"IDN","NAME_0":"Indonesia","GID_1":"IDN.10_1","NAME_1":"Jawa Tengah","NL_NAME_1":"","GID_2":"IDN.10.25_1","NAME_2":"Purworejo","VARNAME_2":"","NL_NAME_2":"","TYPE_2":"Kabupaten","ENGTYPE_2":"Regency","CC_2":"3306","HASC_2":"ID.JT.PW"}},
  {"type":"Feature","geometry":{"type":"Polygon","coordinates":[[[111.57497406,-6.91812897],[111.61039734,-6.84782696],[111.69140625,-6.75381708],[111.56255341,-6.63944006],[111.49268341,-6.62066984],[111.381073,-6.7013402],[111.23484039,-6.69613123],[111.26345825,-6.85536909],[111.34786987,-6.88601398],[111.45435333,-6.87626886],[111.57497406,-6.91812897]]]},"properties":{"GID_0":"IDN","NAME_0":"Indonesia","GID_1":"IDN.10_1","NAME_1":"Jawa Tengah","NL_NAME_1":"","GID_2":"IDN.10.26_1","NAME_2":"Rembang","VARNAME_2":"","NL_NAME_2":"","TYPE_2":"Kabupaten","ENGTYPE_2":"Regency","CC_2":"3317","HASC_2":"ID.JT.RE"}},
  {"type":"Feature","geometry":{"type":"Polygon","coordinates":[[[110.51591492,-7.36515284],[110.51064301,-7.30190229],[110.46957397,-7.33716345],[110.51591492,-7.36515284]]]},"properties":{"GID_0":"IDN","NAME_0":"Indonesia","GID_1":"IDN.10_1","NAME_1":"Jawa Tengah","NL_NAME_1":"","GID_2":"IDN.10.27_1","NAME_2":"Salatiga","VARNAME_2":"","NL_NAME_2":"","TYPE_2":"Kota","ENGTYPE_2":"City","CC_2":"3373","HASC_2":"ID.JT.SA"}},
  {"type":"Feature","geometry":{"type":"Polygon","coordinates":[[[110.43929291,-7.45360422],[110.58105469,-7.4267745],[110.63511658,-7.47036886],[110.64260864,-7.32600403],[110.62760162,-7.21943474],[110.54631042,-7.19277239],[110.55827332,-7.13965416],[110.47758484,-7.08543396],[110.35612488,-7.10656548],[110.3417511,-7.19384003],[110.25884247,-7.19832468],[110.32801819,-7.32025051],[110.37914276,-7.33455229],[110.43929291,-7.45360422]],[[110.51591492,-7.36515284],[110.46957397,-7.33716345],[110.51064301,-7.30190229],[110.51591492,-7.36515284]]]},"properties":{"GID_0":"IDN","NAME_0":"Indonesia","GID_1":"IDN.10_1","NAME_1":"Jawa Tengah","NL_NAME_1":"","GID_2":"IDN.10.28_1","NAME_2":"Semarang","VARNAME_2":"","NL_NAME_2":"","TYPE_2":"Kabupaten","ENGTYPE_2":"Regency","CC_2":"3322","HASC_2":"ID.JT.SR"}},
  {"type":"Feature","geometry":{"type":"Polygon","coordinates":[[[110.80478668,-7.4592514],[111.00912476,-7.52913332],[111.14778137,-7.52500105],[111.11844635,-7.41426373],[111.14530182,-7.3688488],[111.14867401,-7.26435852],[111.00725555,-7.26085281],[110.95536804,-7.28271246],[110.85197449,-7.26986933],[110.79716492,-7.30780411],[110.77257538,-7.39285517],[110.80478668,-7.4592514]]]},"properties":{"GID_0":"IDN","NAME_0":"Indonesia","GID_1":"IDN.10_1","NAME_1":"Jawa Tengah","NL_NAME_1":"","GID_2":"IDN.10.29_1","NAME_2":"Sragen","VARNAME_2":"","NL_NAME_2":"","TYPE_2":"Kabupaten","ENGTYPE_2":"Regency","CC_2":"3314","HASC_2":"ID.JT.SG"}},
  {"type":"Feature","geometry":{"type":"Polygon","coordinates":[[[110.78567505,-7.81668663],[110.8574295,-7.81001043],[110.86024475,-7.75917196],[110.94125366,-7.73967886],[110.94483948,-7.61789894],[110.86103821,-7.56712627],[110.77098083,-7.54526949],[110.71342468,-7.54159117],[110.70272827,-7.59354687],[110.79203033,-7.64702988],[110.77223206,-7.71241999],[110.71260071,-7.79273224],[110.78567505,-7.81668663]]]},"properties":{"GID_0":"IDN","NAME_0":"Indonesia","GID_1":"IDN.10_1","NAME_1":"Jawa Tengah","NL_NAME_1":"","GID_2":"IDN.10.30_1","NAME_2":"Sukoharjo","VARNAME_2":"","NL_NAME_2":"","TYPE_2":"Kabupaten","ENGTYPE_2":"Regency","CC_2":"3311","HASC_2":"ID.JT.SH"}},
  {"type":"Feature","geometry":{"type":"Polygon","coordinates":[[[110.77098083,-7.54526949],[110.86103821,-7.56712627],[110.81574249,-7.52320814],[110.80066681,-7.53385496],[110.77098083,-7.54526949]]]},"properties":{"GID_0":"IDN","NAME_0":"Indonesia","GID_1":"IDN.10_1","NAME_1":"Jawa Tengah","NL_NAME_1":"","GID_2":"IDN.10.31_1","NAME_2":"Surakarta","VARNAME_2":"","NL_NAME_2":"","TYPE_2":"Kota","ENGTYPE_2":"City","CC_2":"3372","HASC_2":"ID.JT.SK"}},
  {"type":"Feature","geometry":{"type":"Polygon","coordinates":[[[109.07739258,-6.88784838],[109.06964874,-6.97802973],[108.98422241,-7.06154299],[108.98011017,-7.11875916],[109.08171082,-7.15474367],[109.16710663,-7.26839018],[109.20383453,-7.24761248],[109.19527435,-7.12995958],[109.27494049,-7.05354595],[109.31536102,-6.98403502],[109.35028076,-6.8625536],[109.3033371,-6.87259722],[109.16155243,-6.8438158],[109.07739258,-6.88784838]]]},"properties":{"GID_0":"IDN","NAME_0":"Indonesia","GID_1":"IDN.10_1","NAME_1":"Jawa Tengah","NL_NAME_1":"","GID_2":"IDN.10.32_1","NAME_2":"Tegal","VARNAME_2":"","NL_NAME_2":"","TYPE_2":"Kabupaten","ENGTYPE_2":"Regency","CC_2":"3328","HASC_2":"ID.JT.TR"}},
  {"type":"Feature","geometry":{"type":"Polygon","coordinates":[[[110.07421112,-7.38570499],[110.2220993,-7.39181519],[110.3167572,-7.35229206],[110.32801819,-7.32025051],[110.25884247,-7.19832468],[110.21406555,-7.1857295],[110.17310333,-7.10031891],[110.10995483,-7.09517002],[109.9340744,-7.2023201],[109.99478149,-7.260952],[109.99616241,-7.30675125],[110.07421112,-7.38570499]]]},"properties":{"GID_0":"IDN","NAME_0":"Indonesia","GID_1":"IDN.10_1","NAME_1":"Jawa Tengah","NL_NAME_1":"","GID_2":"IDN.10.33_1","NAME_2":"Temanggung","VARNAME_2":"","NL_NAME_2":"","TYPE_2":"Kabupaten","ENGTYPE_2":"Regency","CC_2":"3323","HASC_2":"ID.JT.TG"}},
  {"type":"Feature","geometry":{"type":"Polygon","coordinates":[[[110.78567505,-7.81668663],[110.76833344,-7.98016405],[110.79019165,-8.15830421],[110.82982635,-8.20141983],[110.90866852,-8.21090794],[110.91020203,-8.13441753],[110.95322418,-8.0624218],[110.99240875,-8.08194923],[111.11351013,-8.05674076],[111.1548996,-7.92244244],[111.27332306,-7.93736076],[111.30690765,-7.82417297],[111.28992462,-7.79401302],[111.18186188,-7.7123065],[111.09355164,-7.75173855],[110.99112701,-7.7659421],[110.94125366,-7.73967886],[110.86024475,-7.75917196],[110.8574295,-7.81001043],[110.78567505,-7.81668663]]]},"properties":{"GID_0":"IDN","NAME_0":"Indonesia","GID_1":"IDN.10_1","NAME_1":"Jawa Tengah","NL_NAME_1":"","GID_2":"IDN.10.35_1","NAME_2":"Wonogiri","VARNAME_2":"","NL_NAME_2":"","TYPE_2":"Kabupaten","ENGTYPE_2":"Regency","CC_2":"3312","HASC_2":"ID.JT.WG"}},
  {"type":"Feature","geometry":{"type":"Polygon","coordinates":[[[109.81498718,-7.59924316],[109.89844513,-7.51972294],[110.04425049,-7.53475475],[110.07421112,-7.38570499],[109.99616241,-7.30675125],[109.99478149,-7.260952],[109.9340744,-7.2023201],[109.92437744,-7.18826389],[109.91525269,-7.19559813],[109.76052856,-7.3862586],[109.75210571,-7.4619298],[109.73791504,-7.5353055],[109.76452637,-7.60324335],[109.81498718,-7.59924316]]]},"properties":{"GID_0":"IDN","NAME_0":"Indonesia","GID_1":"IDN.10_1","NAME_1":"Jawa Tengah","NL_NAME_1":"","GID_2":"IDN.10.36_1","NAME_2":"Wonosobo","VARNAME_2":"","NL_NAME_2":"","TYPE_2":"Kabupaten","ENGTYPE_2":"Regency","CC_2":"3307","HASC_2":"ID.JT.WS"}},
  {"type":"Feature","geometry":{"type":"Polygon","coordinates":[[[113.12450409,-6.89272356],[112.99980927,-6.88158894],[112.86763763,-6.89185095],[112.78851318,-6.98437023],[112.67342377,-7.0734663],[112.72425079,-7.17406654],[112.86421204,-7.16269112],[113.04036713,-7.21288157],[113.11602783,-7.10417747],[113.13322449,-7.03589678],[113.12450409,-6.89272356]]]},"properties":{"GID_0":"IDN","NAME_0":"Indonesia","GID_1":"IDN.11_1","NAME_1":"Jawa Timur","NL_NAME_1":"","GID_2":"IDN.11.1_1","NAME_2":"Bangkalan","VARNAME_2":"","NL_NAME_2":"","TYPE_2":"Kabupaten","ENGTYPE_2":"Regency","CC_2":"3526","HASC_2":"ID.JI.BK"}},
  {"type":"Feature","geometry":{"type":"Polygon","coordinates":[[[113.83715057,-8.55402946],[113.94596863,-8.55916023],[113.96071625,-8.61695004],[114.02587891,-8.59525013],[114.22058105,-8.64542007],[114.24791718,-8.60027027],[114.30832672,-8.6194725],[114.41889954,-8.74919033],[114.53896332,-8.78015995],[114.60398102,-8.72430038],[114.56160736,-8.65585041],[114.47265625,-8.61771011],[114.44190216,-8.63428974],[114.34004211,-8.4232502],[114.36607361,-8.28022003],[114.39019775,-8.23606014],[114.39806366,-8.12450981],[114.43460083,-8.03170967],[114.42379761,-7.93550014],[114.2991333,-7.885746],[114.22434235,-7.98666191],[114.24689484,-8.05425835],[114.21372986,-8.09980106],[114.04329681,-8.13361835],[113.95964813,-8.20394897],[113.91314697,-8.34047985],[113.9444809,-8.39758778],[113.85323334,-8.43258381],[113.83715057,-8.55402946]]]},"properties":{"GID_0":"IDN","NAME_0":"Indonesia","GID_1":"IDN.11_1","NAME_1":"Jawa Timur","NL_NAME_1":"","GID_2":"IDN.11.2_1","NAME_2":"Banyuwangi","VARNAME_2":"","NL_NAME_2":"","TYPE_2":"Kabupaten","ENGTYPE_2":"Regency","CC_2":"3510","HASC_2":"ID.JI.BW"}},
  {"type":"Feature","geometry":{"type":"Polygon","coordinates":[[[112.47814178,-7.76889992],[112.49508667,-7.85428619],[112.56443024,-7.88087606],[112.5881958,-7.76668978],[112.57453918,-7.73393202],[112.47814178,-7.76889992]]]},"properties":{"GID_0":"IDN","NAME_0":"Indonesia","GID_1":"IDN.11_1","NAME_1":"Jawa Timur","NL_NAME_1":"","GID_2":"IDN.11.3_1","NAME_2":"Batu","VARNAME_2":"","NL_NAME_2":"","TYPE_2":"Kota","ENGTYPE_2":"City","CC_2":"3579","HASC_2":"ID.JI.BA"}},
  {"type":"Feature","geometry":{"type":"Polygon","coordinates":[[[112.02812958,-8.31260204],[112.14347839,-8.31581974],[112.26191711,-8.34998035],[112.35895538,-8.34845257],[112.39341736,-8.22786331],[112.37203217,-8.1703825],[112.45245361,-8.14436436],[112.47888184,-7.97205639],[112.44699097,-7.91169548],[112.37049103,-7.95726728],[112.30657959,-7.92929554],[112.18000031,-7.97339725],[111.95706177,-7.99745893],[112.00307465,-8.09544086],[112.11987305,-8.12734604],[112.07858276,-8.18751717],[112.02862549,-8.16901779],[112.02812958,-8.31260204]],[[112.13392639,-8.09310627],[112.19782257,-8.06619835],[112.19413757,-8.10044289],[112.14919281,-8.12784195],[112.13392639,-8.09310627]]]},"properties":{"GID_0":"IDN","NAME_0":"Indonesia","GID_1":"IDN.11_1","NAME_1":"Jawa Timur","NL_NAME_1":"","GID_2":"IDN.11.4_1","NAME_2":"Blitar","VARNAME_2":"","NL_NAME_2":"","TYPE_2":"Kabupaten","ENGTYPE_2":"Regency","CC_2":"3505","HASC_2":"ID.JI.BR"}},
  {"type":"Feature","geometry":{"type":"Polygon","coordinates":[[[111.46182251,-7.36229134],[111.59699249,-7.35923958],[111.67121887,-7.40954256],[111.77046204,-7.46963978],[111.80041504,-7.46109819],[111.82099915,-7.43954992],[111.94036102,-7.44012117],[111.97126007,-7.40497971],[112.06929016,-7.39701557],[112.08154297,-7.38252401],[112.08959198,-7.22794724],[112.15454102,-7.11011839],[112.08139801,-7.06534147],[112.01006317,-7.09423876],[111.98587799,-7.13969278],[111.85927582,-7.12769175],[111.82304382,-7.08804989],[111.71450806,-7.08196878],[111.62335968,-6.98754501],[111.61062622,-7.14196491],[111.52301788,-7.2364316],[111.45555878,-7.25810385],[111.42604065,-7.31266165],[111.46182251,-7.36229134]]]},"properties":{"GID_0":"IDN","NAME_0":"Indonesia","GID_1":"IDN.11_1","NAME_1":"Jawa Timur","NL_NAME_1":"","GID_2":"IDN.11.5_1","NAME_2":"Bojonegoro","VARNAME_2":"","NL_NAME_2":"","TYPE_2":"Kabupaten","ENGTYPE_2":"Regency","CC_2":"3522","HASC_2":"ID.JI.BJ"}},
  {"type":"Feature","geometry":{"type":"Polygon","coordinates":[[[113.64356232,-7.97311974],[113.6872406,-8.01151371],[113.85466003,-8.04511452],[113.9188385,-8.02520847],[114.0007782,-8.06923866],[114.04329681,-8.13361835],[114.21372986,-8.09980106],[114.24689484,-8.05425835],[114.22434235,-7.98666191],[114.13200378,-7.9883337],[114.07125854,-7.76119566],[113.95084381,-7.76523066],[113.93682098,-7.79172945],[113.73352814,-7.80963659],[113.71607208,-7.88112497],[113.62380219,-7.96143389],[113.64356232,-7.97311974]]]},"properties":{"GID_0":"IDN","NAME_0":"Indonesia","GID_1":"IDN.11_1","NAME_1":"Jawa Timur","NL_NAME_1":"","GID_2":"IDN.11.6_1","NAME_2":"Bondowoso","VARNAME_2":"","NL_NAME_2":"","TYPE_2":"Kabupaten","ENGTYPE_2":"Regency","CC_2":"3511","HASC_2":"ID.JI.BD"}},
  {"type":"Feature","geometry":{"type":"MultiPolygon","coordinates":[[[[112.62982178,-5.84188604],[112.69853973,-5.84941053],[112.73834991,-5.7892108],[112.72724915,-5.73803043],[112.64755249,-5.72903442],[112.58924866,-5.77219725],[112.62982178,-5.84188604]]],[[[112.36825562,-7.32472992],[112.47738647,-7.30573893],[112.49377441,-7.40917397],[112.65634155,-7.35682011],[112.5989151,-7.22958851],[112.66149139,-7.1930027],[112.62815094,-7.13532495],[112.65426636,-7.05535793],[112.59812927,-6.90749216],[112.47533417,-6.89984512],[112.44055939,-6.87484169],[112.42879486,-7.00257158],[112.50593567,-7.01204538],[112.54786682,-7.06560183],[112.47609711,-7.12565517],[112.50231171,-7.19228315],[112.41957855,-7.23179007],[112.40866852,-7.30594254],[112.36825562,-7.32472992]]]]},"properties":{"GID_0":"IDN","NAME_0":"Indonesia","GID_1":"IDN.11_1","NAME_1":"Jawa Timur","NL_NAME_1":"","GID_2":"IDN.11.7_1","NAME_2":"Gresik","VARNAME_2":"","NL_NAME_2":"","TYPE_2":"Kabupaten","ENGTYPE_2":"Regency","CC_2":"3525","HASC_2":"ID.JI.GR"}},
  {"type":"Feature","geometry":{"type":"MultiPolygon","coordinates":[[[[113.41555023,-8.47046566],[113.30120087,-8.44859505],[113.30567932,-8.5087719],[113.41555023,-8.47046566]]],[[[113.30341339,-8.307477],[113.39232635,-8.40005016],[113.5740509,-8.42708015],[113.64614868,-8.49501038],[113.79606628,-8.48983002],[113.83715057,-8.55402946],[113.85323334,-8.43258381],[113.9444809,-8.39758778],[113.91314697,-8.34047985],[113.95964813,-8.20394897],[114.04329681,-8.13361835],[114.0007782,-8.06923866],[113.9188385,-8.02520847],[113.85466003,-8.04511452],[113.6872406,-8.01151371],[113.64356232,-7.97311974],[113.47239685,-8.02199078],[113.36304474,-8.02768135],[113.3677597,-8.1853199],[113.31317139,-8.22870827],[113.30341339,-8.307477]]]]},"properties":{"GID_0":"IDN","NAME_0":"Indonesia","GID_1":"IDN.11_1","NAME_1":"Jawa Timur","NL_NAME_1":"","GID_2":"IDN.11.8_1","NAME_2":"Jember","VARNAME_2":"","NL_NAME_2":"","TYPE_2":"Kabupaten","ENGTYPE_2":"Regency","CC_2":"3509","HASC_2":"ID.JI.JE"}},
  {"type":"Feature","geometry":{"type":"Polygon","coordinates":[[[112.42219543,-7.76693869],[112.45583344,-7.77913094],[112.34117889,-7.45957708],[112.34573364,-7.345047],[112.21125031,-7.34863234],[112.08154297,-7.38252401],[112.06929016,-7.39701557],[112.15194702,-7.50444269],[112.11194611,-7.59107065],[112.16558838,-7.61322975],[112.25721741,-7.72796297],[112.42219543,-7.76693869]]]},"properties":{"GID_0":"IDN","NAME_0":"Indonesia","GID_1":"IDN.11_1","NAME_1":"Jawa Timur","NL_NAME_1":"","GID_2":"IDN.11.9_1","NAME_2":"Jombang","VARNAME_2":"","NL_NAME_2":"","TYPE_2":"Kabupaten","ENGTYPE_2":"Regency","CC_2":"3517","HASC_2":"ID.JI.JO"}},
  {"type":"Feature","geometry":{"type":"Polygon","coordinates":[[[111.95706177,-7.99745893],[112.18000031,-7.97339725],[112.30657959,-7.92929554],[112.32570648,-7.87134409],[112.30714417,-7.79925203],[112.34889221,-7.76131392],[112.42219543,-7.76693869],[112.25721741,-7.72796297],[112.16558838,-7.61322975],[112.11194611,-7.59107065],[112.06268311,-7.72053242],[112.00595093,-7.75703812],[111.95449066,-7.67976618],[111.79920197,-7.8365674],[111.88284302,-7.9471817],[111.95706177,-7.99745893]],[[111.95539093,-7.8008523],[111.99726868,-7.77158022],[112.06591797,-7.86040449],[112.02223969,-7.8684845],[111.95539093,-7.8008523]]]},"properties":{"GID_0":"IDN","NAME_0":"Indonesia","GID_1":"IDN.11_1","NAME_1":"Jawa Timur","NL_NAME_1":"","GID_2":"IDN.11.10_1","NAME_2":"Kediri","VARNAME_2":"","NL_NAME_2":"","TYPE_2":"Kabupaten","ENGTYPE_2":"Regency","CC_2":"3506","HASC_2":"ID.JI.KR"}},
  {"type":"Feature","geometry":{"type":"Polygon","coordinates":[[[112.13392639,-8.09310627],[112.14919281,-8.12784195],[112.19413757,-8.10044289],[112.19782257,-8.06619835],[112.13392639,-8.09310627]]]},"properties":{"GID_0":"IDN","NAME_0":"Indonesia","GID_1":"IDN.11_1","NAME_1":"Jawa Timur","NL_NAME_1":"","GID_2":"IDN.11.11_1","NAME_2":"Kota Blitar","VARNAME_2":"","NL_NAME_2":"","TYPE_2":"Kota","ENGTYPE_2":"City","CC_2":"3572","HASC_2":"ID.JI.BM"}},
  {"type":"Feature","geometry":{"type":"Polygon","coordinates":[[[111.95539093,-7.8008523],[112.02223969,-7.8684845],[112.06591797,-7.86040449],[111.99726868,-7.77158022],[111.95539093,-7.8008523]]]},"properties":{"GID_0":"IDN","NAME_0":"Indonesia","GID_1":"IDN.11_1","NAME_1":"Jawa Timur","NL_NAME_1":"","GID_2":"IDN.11.12_1","NAME_2":"Kota Kediri","VARNAME_2":"","NL_NAME_2":"","TYPE_2":"Kota","ENGTYPE_2":"City","CC_2":"3571","HASC_2":"ID.JI.KM"}},
  {"type":"Feature","geometry":{"type":"Polygon","coordinates":[[[111.5109787,-7.65941763],[111.54120636,-7.65927362],[111.55899811,-7.5965333],[111.52115631,-7.59734964],[111.51170349,-7.64892912],[111.5109787,-7.65941763]]]},"properties":{"GID_0":"IDN","NAME_0":"Indonesia","GID_1":"IDN.11_1","NAME_1":"Jawa Timur","NL_NAME_1":"","GID_2":"IDN.11.13_1","NAME_2":"Kota Madiun","VARNAME_2":"","NL_NAME_2":"","TYPE_2":"Kota","ENGTYPE_2":"City","CC_2":"3577","HASC_2":"ID.JI.MD"}},
  {"type":"Feature","geometry":{"type":"Polygon","coordinates":[[[112.67215729,-8.02453136],[112.68971252,-7.97539568],[112.63028717,-7.91128206],[112.58657074,-7.94785929],[112.59710693,-8.00627518],[112.67215729,-8.02453136]]]},"properties":{"GID_0":"IDN","NAME_0":"Indonesia","GID_1":"IDN.11_1","NAME_1":"Jawa Timur","NL_NAME_1":"","GID_2":"IDN.11.14_1","NAME_2":"Kota Malang","VARNAME_2":"","NL_NAME_2":"","TYPE_2":"Kota","ENGTYPE_2":"City","CC_2":"3573","HASC_2":"ID.JI.ML"}},
  {"type":"Feature","geometry":{"type":"Polygon","coordinates":[[[112.42282867,-7.49288797],[112.46051025,-7.48307943],[112.45508575,-7.44738388],[112.4152832,-7.45737839],[112.42282867,-7.49288797]]]},"properties":{"GID_0":"IDN","NAME_0":"Indonesia","GID_1":"IDN.11_1","NAME_1":"Jawa Timur","NL_NAME_1":"","GID_2":"IDN.11.15_1","NAME_2":"Kota Mojokerto","VARNAME_2":"","NL_NAME_2":"","TYPE_2":"Kota","ENGTYPE_2":"City","CC_2":"3576","HASC_2":"ID.JI.MJ"}},
  {"type":"Feature","geometry":{"type":"Polygon","coordinates":[[[112.90279388,-7.62582493],[112.87153625,-7.65120697],[112.90122223,-7.68640041],[112.95172882,-7.63387203],[112.90279388,-7.62582493]]]},"properties":{"GID_0":"IDN","NAME_0":"Indonesia","GID_1":"IDN.11_1","NAME_1":"Jawa Timur","NL_NAME_1":"","GID_2":"IDN.11.16_1","NAME_2":"Kota Pasuruan","VARNAME_2":"","NL_NAME_2":"","TYPE_2":"Kota","ENGTYPE_2":"City","CC_2":"3575","HASC_2":"ID.JI.PS"}},
  {"type":"Feature","geometry":{"type":"Polygon","coordinates":[[[113.17870331,-7.74755907],[113.17829132,-7.80998373],[113.24020386,-7.80770302],[113.23719788,-7.74030638],[113.17870331,-7.74755907]]]},"properties":{"GID_0":"IDN","NAME_0":"Indonesia","GID_1":"IDN.11_1","NAME_1":"Jawa Timur","NL_NAME_1":"","GID_2":"IDN.11.17_1","NAME_2":"Kota Probolinggo","VARNAME_2":"","NL_NAME_2":"","TYPE_2":"Kota","ENGTYPE_2":"City","CC_2":"3574","HASC_2":"ID.JI.PB"}},
  {"type":"Feature","geometry":{"type":"Polygon","coordinates":[[[112.36825562,-7.32472992],[112.40866852,-7.30594254],[112.41957855,-7.23179007],[112.50231171,-7.19228315],[112.47609711,-7.12565517],[112.54786682,-7.06560183],[112.50593567,-7.01204538],[112.42879486,-7.00257158],[112.44055939,-6.87484169],[112.32926178,-6.86314011],[112.17093658,-6.89949989],[112.20344543,-6.92386675],[112.21864319,-7.03593111],[112.15454102,-7.11011839],[112.08959198,-7.22794724],[112.08154297,-7.38252401],[112.21125031,-7.34863234],[112.34573364,-7.345047],[112.36825562,-7.32472992]]]},"properties":{"GID_0":"IDN","NAME_0":"Indonesia","GID_1":"IDN.11_1","NAME_1":"Jawa Timur","NL_NAME_1":"","GID_2":"IDN.11.18_1","NAME_2":"Lamongan","VARNAME_2":"","NL_NAME_2":"","TYPE_2":"Kabupaten","ENGTYPE_2":"Regency","CC_2":"3524","HASC_2":"ID.JI.LA"}},
  {"type":"Feature","geometry":{"type":"Polygon","coordinates":[[[113.30341339,-8.307477],[113.31317139,-8.22870827],[113.3677597,-8.1853199],[113.36304474,-8.02768135],[113.32273865,-7.92806149],[113.21194458,-7.91088152],[113.11472321,-7.9917345],[112.99401855,-7.9615941],[112.94219971,-7.983356],[112.90844727,-8.04244041],[112.91828918,-8.25749969],[112.95959473,-8.35315895],[113.07763672,-8.28588009],[113.24633026,-8.28540993],[113.30341339,-8.307477]]]},"properties":{"GID_0":"IDN","NAME_0":"Indonesia","GID_1":"IDN.11_1","NAME_1":"Jawa Timur","NL_NAME_1":"","GID_2":"IDN.11.19_1","NAME_2":"Lumajang","VARNAME_2":"","NL_NAME_2":"","TYPE_2":"Kabupaten","ENGTYPE_2":"Regency","CC_2":"3508","HASC_2":"ID.JI.LU"}},
  {"type":"Feature","geometry":{"type":"Polygon","coordinates":[[[111.44988251,-7.77895117],[111.53292084,-7.80375433],[111.65824127,-7.76703548],[111.75218964,-7.80101347],[111.73294067,-7.72630167],[111.7829361,-7.65043592],[111.80041504,-7.46109819],[111.77046204,-7.46963978],[111.67121887,-7.40954256],[111.63732147,-7.46243143],[111.53614807,-7.54540205],[111.50956726,-7.53748369],[111.45733643,-7.61974716],[111.51170349,-7.64892912],[111.52115631,-7.59734964],[111.55899811,-7.5965333],[111.54120636,-7.65927362],[111.5109787,-7.65941763],[111.44988251,-7.77895117]]]},"properties":{"GID_0":"IDN","NAME_0":"Indonesia","GID_1":"IDN.11_1","NAME_1":"Jawa Timur","NL_NAME_1":"","GID_2":"IDN.11.20_1","NAME_2":"Madiun","VARNAME_2":"","NL_NAME_2":"","TYPE_2":"Kabupaten","ENGTYPE_2":"Regency","CC_2":"3519","HASC_2":"ID.JI.MN"}},
  {"type":"Feature","geometry":{"type":"Polygon","coordinates":[[[111.44988251,-7.77895117],[111.5109787,-7.65941763],[111.51170349,-7.64892912],[111.45733643,-7.61974716],[111.50956726,-7.53748369],[111.46479797,-7.50957966],[111.29119873,-7.60365391],[111.19448853,-7.62040854],[111.18186188,-7.7123065],[111.28992462,-7.79401302],[111.44988251,-7.77895117]]]},"properties":{"GID_0":"IDN","NAME_0":"Indonesia","GID_1":"IDN.11_1","NAME_1":"Jawa Timur","NL_NAME_1":"","GID_2":"IDN.11.21_1","NAME_2":"Magetan","VARNAME_2":"","NL_NAME_2":"","TYPE_2":"Kabupaten","ENGTYPE_2":"Regency","CC_2":"3520","HASC_2":"ID.JI.MT"}},
  {"type":"Feature","geometry":{"type":"Polygon","coordinates":[[[112.35895538,-8.34845257],[112.44429779,-8.39702034],[112.55283356,-8.40198994],[112.67047119,-8.4453764],[112.70891571,-8.41783619],[112.87658691,-8.40713024],[112.95959473,-8.35315895],[112.91828918,-8.25749969],[112.90844727,-8.04244041],[112.94219971,-7.983356],[112.93531799,-7.95619583],[112.80541229,-7.92545795],[112.73085785,-7.8194623],[112.5881958,-7.76668978],[112.56443024,-7.88087606],[112.49508667,-7.85428619],[112.47814178,-7.76889992],[112.45583344,-7.77913094],[112.42219543,-7.76693869],[112.34889221,-7.76131392],[112.30714417,-7.79925203],[112.32570648,-7.87134409],[112.30657959,-7.92929554],[112.37049103,-7.95726728],[112.44699097,-7.91169548],[112.47888184,-7.97205639],[112.45245361,-8.14436436],[112.37203217,-8.1703825],[112.39341736,-8.22786331],[112.35895538,-8.34845257]],[[112.67215729,-8.02453136],[112.59710693,-8.00627518],[112.58657074,-7.94785929],[112.63028717,-7.91128206],[112.68971252,-7.97539568],[112.67215729,-8.02453136]]]},"properties":{"GID_0":"IDN","NAME_0":"Indonesia","GID_1":"IDN.11_1","NAME_1":"Jawa Timur","NL_NAME_1":"","GID_2":"IDN.11.22_1","NAME_2":"Malang","VARNAME_2":"","NL_NAME_2":"","TYPE_2":"Kabupaten","ENGTYPE_2":"Regency","CC_2":"3507","HASC_2":"ID.JI.MG"}},
  {"type":"Feature","geometry":{"type":"Polygon","coordinates":[[[112.57453918,-7.73393202],[112.67056274,-7.5607748],[112.57032776,-7.4781251],[112.48670959,-7.45895624],[112.49377441,-7.40917397],[112.47738647,-7.30573893],[112.36825562,-7.32472992],[112.34573364,-7.345047],[112.34117889,-7.45957708],[112.45583344,-7.77913094],[112.47814178,-7.76889992],[112.57453918,-7.73393202]],[[112.42282867,-7.49288797],[112.4152832,-7.45737839],[112.45508575,-7.44738388],[112.46051025,-7.48307943],[112.42282867,-7.49288797]]]},"properties":{"GID_0":"IDN","NAME_0":"Indonesia","GID_1":"IDN.11_1","NAME_1":"Jawa Timur","NL_NAME_1":"","GID_2":"IDN.11.23_1","NAME_2":"Mojokerto","VARNAME_2":"","NL_NAME_2":"","TYPE_2":"Kabupaten","ENGTYPE_2":"Regency","CC_2":"3516","HASC_2":"ID.JI.MK"}},
  {"type":"Feature","geometry":{"type":"Polygon","coordinates":[[[111.79920197,-7.8365674],[111.95449066,-7.67976618],[112.00595093,-7.75703812],[112.06268311,-7.72053242],[112.11194611,-7.59107065],[112.15194702,-7.50444269],[112.06929016,-7.39701557],[111.97126007,-7.40497971],[111.94036102,-7.44012117],[111.82099915,-7.43954992],[111.80041504,-7.46109819],[111.7829361,-7.65043592],[111.73294067,-7.72630167],[111.75218964,-7.80101347],[111.78572845,-7.83331108],[111.79920197,-7.8365674]]]},"properties":{"GID_0":"IDN","NAME_0":"Indonesia","GID_1":"IDN.11_1","NAME_1":"Jawa Timur","NL_NAME_1":"","GID_2":"IDN.11.24_1","NAME_2":"Nganjuk","VARNAME_2":"","NL_NAME_2":"","TYPE_2":"Kabupaten","ENGTYPE_2":"Regency","CC_2":"3518","HASC_2":"ID.JI.NJ"}},
  {"type":"Feature","geometry":{"type":"Polygon","coordinates":[[[111.19448853,-7.62040854],[111.29119873,-7.60365391],[111.46479797,-7.50957966],[111.50956726,-7.53748369],[111.53614807,-7.54540205],[111.63732147,-7.46243143],[111.67121887,-7.40954256],[111.59699249,-7.35923958],[111.46182251,-7.36229134],[111.36859894,-7.34030581],[111.2123642,-7.2468729],[111.14867401,-7.26435852],[111.14530182,-7.3688488],[111.11844635,-7.41426373],[111.14778137,-7.52500105],[111.19448853,-7.62040854]]]},"properties":{"GID_0":"IDN","NAME_0":"Indonesia","GID_1":"IDN.11_1","NAME_1":"Jawa Timur","NL_NAME_1":"","GID_2":"IDN.11.25_1","NAME_2":"Ngawi","VARNAME_2":"","NL_NAME_2":"","TYPE_2":"Kabupaten","ENGTYPE_2":"Regency","CC_2":"3521","HASC_2":"ID.JI.NW"}},
  {"type":"Feature","geometry":{"type":"Polygon","coordinates":[[[111.40370178,-8.27081776],[111.42480469,-8.17034149],[111.35240936,-8.09335804],[111.35536957,-7.984128],[111.27332306,-7.93736076],[111.1548996,-7.92244244],[111.11351013,-8.05674076],[110.99240875,-8.08194923],[110.95322418,-8.0624218],[110.91020203,-8.13441753],[110.90866852,-8.21090794],[111.03769684,-8.25259972],[111.09869385,-8.24577904],[111.1905365,-8.27834034],[111.25773621,-8.24895954],[111.40370178,-8.27081776]]]},"properties":{"GID_0":"IDN","NAME_0":"Indonesia","GID_1":"IDN.11_1","NAME_1":"Jawa Timur","NL_NAME_1":"","GID_2":"IDN.11.26_1","NAME_2":"Pacitan","VARNAME_2":"","NL_NAME_2":"","TYPE_2":"Kabupaten","ENGTYPE_2":"Regency","CC_2":"3501","HASC_2":"ID.JI.PC"}},
  {"type":"Feature","geometry":{"type":"Polygon","coordinates":[[[113.48343658,-6.8970747],[113.39253998,-7.035357],[113.35745239,-7.15375662],[113.39349365,-7.21763086],[113.5495224,-7.2306304],[113.6021347,-7.12821341],[113.62194061,-7.08969975],[113.60842896,-6.97429895],[113.6391983,-6.88776827],[113.48343658,-6.8970747]]]},"properties":{"GID_0":"IDN","NAME_0":"Indonesia","GID_1":"IDN.11_1","NAME_1":"Jawa Timur","NL_NAME_1":"","GID_2":"IDN.11.27_1","NAME_2":"Pamekasan","VARNAME_2":"","NL_NAME_2":"","TYPE_2":"Kabupaten","ENGTYPE_2":"Regency","CC_2":"3528","HASC_2":"ID.JI.PK"}},
  {"type":"Feature","geometry":{"type":"Polygon","coordinates":[[[112.93531799,-7.95619583],[112.94879913,-7.90630913],[113.04734039,-7.81979179],[113.05467987,-7.74826813],[113.09587097,-7.7060976],[113.02864838,-7.64926004],[112.95172882,-7.63387203],[112.90122223,-7.68640041],[112.87153625,-7.65120697],[112.90279388,-7.62582493],[112.83726501,-7.56648064],[112.67056274,-7.5607748],[112.57453918,-7.73393202],[112.5881958,-7.76668978],[112.73085785,-7.8194623],[112.80541229,-7.92545795],[112.93531799,-7.95619583]]]},"properties":{"GID_0":"IDN","NAME_0":"Indonesia","GID_1":"IDN.11_1","NAME_1":"Jawa Timur","NL_NAME_1":"","GID_2":"IDN.11.28_1","NAME_2":"Pasuruan","VARNAME_2":"","NL_NAME_2":"","TYPE_2":"Kabupaten","ENGTYPE_2":"Regency","CC_2":"3514","HASC_2":"ID.JI.PR"}},
  {"type":"Feature","geometry":{"type":"Polygon","coordinates":[[[111.42480469,-8.17034149],[111.58170319,-8.0258913],[111.65698242,-8.00315857],[111.67006683,-7.94458866],[111.7552948,-7.90828609],[111.78572845,-7.83331108],[111.75218964,-7.80101347],[111.65824127,-7.76703548],[111.53292084,-7.80375433],[111.44988251,-7.77895117],[111.28992462,-7.79401302],[111.30690765,-7.82417297],[111.27332306,-7.93736076],[111.35536957,-7.984128],[111.35240936,-8.09335804],[111.42480469,-8.17034149]]]},"properties":{"GID_0":"IDN","NAME_0":"Indonesia","GID_1":"IDN.11_1","NAME_1":"Jawa Timur","NL_NAME_1":"","GID_2":"IDN.11.29_1","NAME_2":"Ponorogo","VARNAME_2":"","NL_NAME_2":"","TYPE_2":"Kabupaten","ENGTYPE_2":"Regency","CC_2":"3502","HASC_2":"ID.JI.PG"}},
  {"type":"Feature","geometry":{"type":"Polygon","coordinates":[[[113.36304474,-8.02768135],[113.47239685,-8.02199078],[113.64356232,-7.97311974],[113.62380219,-7.96143389],[113.59786224,-7.71528006],[113.48477936,-7.69852018],[113.34559631,-7.77104998],[113.27765656,-7.78263998],[113.23719788,-7.74030638],[113.24020386,-7.80770302],[113.17829132,-7.80998373],[113.17870331,-7.74755907],[113.09587097,-7.7060976],[113.05467987,-7.74826813],[113.04734039,-7.81979179],[112.94879913,-7.90630913],[112.93531799,-7.95619583],[112.94219971,-7.983356],[112.99401855,-7.9615941],[113.11472321,-7.9917345],[113.21194458,-7.91088152],[113.32273865,-7.92806149],[113.36304474,-8.02768135]]]},"properties":{"GID_0":"IDN","NAME_0":"Indonesia","GID_1":"IDN.11_1","NAME_1":"Jawa Timur","NL_NAME_1":"","GID_2":"IDN.11.30_1","NAME_2":"Probolinggo","VARNAME_2":"","NL_NAME_2":"","TYPE_2":"Kabupaten","ENGTYPE_2":"Regency","CC_2":"3513","HASC_2":"ID.JI.PL"}},
  {"type":"Feature","geometry":{"type":"Polygon","coordinates":[[[113.39349365,-7.21763086],[113.35745239,-7.15375662],[113.39253998,-7.035357],[113.48343658,-6.8970747],[113.44004059,-6.88893127],[113.12450409,-6.89272356],[113.13322449,-7.03589678],[113.11602783,-7.10417747],[113.04036713,-7.21288157],[113.09983063,-7.22854233],[113.39349365,-7.21763086]]]},"properties":{"GID_0":"IDN","NAME_0":"Indonesia","GID_1":"IDN.11_1","NAME_1":"Jawa Timur","NL_NAME_1":"","GID_2":"IDN.11.31_1","NAME_2":"Sampang","VARNAME_2":"","NL_NAME_2":"","TYPE_2":"Kabupaten","ENGTYPE_2":"Regency","CC_2":"3527","HASC_2":"ID.JI.SA"}},
  {"type":"Feature","geometry":{"type":"Polygon","coordinates":[[[112.67056274,-7.5607748],[112.83726501,-7.56648064],[112.82589722,-7.34321976],[112.70461273,-7.3362298],[112.65634155,-7.35682011],[112.49377441,-7.40917397],[112.48670959,-7.45895624],[112.57032776,-7.4781251],[112.67056274,-7.5607748]]]},"properties":{"GID_0":"IDN","NAME_0":"Indonesia","GID_1":"IDN.11_1","NAME_1":"Jawa Timur","NL_NAME_1":"","GID_2":"IDN.11.32_1","NAME_2":"Sidoarjo","VARNAME_2":"","NL_NAME_2":"","TYPE_2":"Kabupaten","ENGTYPE_2":"Regency","CC_2":"3515","HASC_2":"ID.JI.SD"}},
  {"type":"Feature","geometry":{"type":"Polygon","coordinates":[[[114.42379761,-7.93550014],[114.46347809,-7.89007998],[114.44786072,-7.79571009],[114.37406921,-7.74885988],[114.32823181,-7.75825977],[114.23683929,-7.69808006],[114.1067276,-7.70652008],[114.03022766,-7.60855579],[113.93094635,-7.70011997],[113.86665344,-7.68219995],[113.75589752,-7.73734999],[113.59786224,-7.71528006],[113.62380219,-7.96143389],[113.71607208,-7.88112497],[113.73352814,-7.80963659],[113.93682098,-7.79172945],[113.95084381,-7.76523066],[114.07125854,-7.76119566],[114.13200378,-7.9883337],[114.22434235,-7.98666191],[114.2991333,-7.885746],[114.42379761,-7.93550014]]]},"properties":{"GID_0":"IDN","NAME_0":"Indonesia","GID_1":"IDN.11_1","NAME_1":"Jawa Timur","NL_NAME_1":"","GID_2":"IDN.11.33_1","NAME_2":"Situbondo","VARNAME_2":"","NL_NAME_2":"","TYPE_2":"Kabupaten","ENGTYPE_2":"Regency","CC_2":"3512","HASC_2":"ID.JI.SB"}},
  {"type":"Feature","geometry":{"type":"MultiPolygon","coordinates":[[[[115.87669373,-7.20470667],[115.77893829,-7.13087893],[115.75524139,-7.17409801],[115.87669373,-7.20470667]]],[[[114.37622833,-7.11963415],[114.32730865,-7.05727005],[114.27127075,-7.09714746],[114.36123657,-7.17865467],[114.37622833,-7.11963415]]],[[[113.6021347,-7.12821341],[113.68300629,-7.10867167],[113.88723755,-7.13402796],[113.87971497,-7.07484436],[113.98921204,-7.00851917],[114.05847168,-7.00336933],[114.10321045,-6.93764639],[113.967453,-6.87302923],[113.90757751,-6.86341906],[113.80062103,-6.88475609],[113.6391983,-6.88776827],[113.60842896,-6.97429895],[113.62194061,-7.08969975],[113.6021347,-7.12821341]]],[[[115.33042145,-6.99388218],[115.34993744,-6.92522907],[115.46063232,-6.92224407],[115.5486908,-6.96627617],[115.56012726,-6.90652514],[115.39406586,-6.83482981],[115.24424744,-6.82830191],[115.20321655,-6.93715429],[115.30215454,-6.94987345],[115.33042145,-6.99388218]]]]},"properties":{"GID_0":"IDN","NAME_0":"Indonesia","GID_1":"IDN.11_1","NAME_1":"Jawa Timur","NL_NAME_1":"","GID_2":"IDN.11.34_1","NAME_2":"Sumenep","VARNAME_2":"","NL_NAME_2":"","TYPE_2":"Kabupaten","ENGTYPE_2":"Regency","CC_2":"3529","HASC_2":"ID.JI.SM"}},
  {"type":"Feature","geometry":{"type":"Polygon","coordinates":[[[112.65634155,-7.35682011],[112.70461273,-7.3362298],[112.82589722,-7.34321976],[112.8363266,-7.26732206],[112.74331665,-7.19434023],[112.66149139,-7.1930027],[112.5989151,-7.22958851],[112.65634155,-7.35682011]]]},"properties":{"GID_0":"IDN","NAME_0":"Indonesia","GID_1":"IDN.11_1","NAME_1":"Jawa Timur","NL_NAME_1":"","GID_2":"IDN.11.35_1","NAME_2":"Surabaya","VARNAME_2":"","NL_NAME_2":"","TYPE_2":"Kota","ENGTYPE_2":"City","CC_2":"3578","HASC_2":"ID.JI.SR"}},
  {"type":"Feature","geometry":{"type":"Polygon","coordinates":[[[111.40370178,-8.27081776],[111.50950623,-8.32670021],[111.68963623,-8.33747959],[111.77404785,-8.28909969],[111.71144867,-8.17908192],[111.73361206,-8.14220524],[111.81768036,-8.13687801],[111.81295013,-8.08742714],[111.75578308,-8.02408791],[111.7552948,-7.90828609],[111.67006683,-7.94458866],[111.65698242,-8.00315857],[111.58170319,-8.0258913],[111.42480469,-8.17034149],[111.40370178,-8.27081776]]]},"properties":{"GID_0":"IDN","NAME_0":"Indonesia","GID_1":"IDN.11_1","NAME_1":"Jawa Timur","NL_NAME_1":"","GID_2":"IDN.11.36_1","NAME_2":"Trenggalek","VARNAME_2":"","NL_NAME_2":"","TYPE_2":"Kabupaten","ENGTYPE_2":"Regency","CC_2":"3503","HASC_2":"ID.JI.TR"}},
  {"type":"Feature","geometry":{"type":"Polygon","coordinates":[[[111.62335968,-6.98754501],[111.71450806,-7.08196878],[111.82304382,-7.08804989],[111.85927582,-7.12769175],[111.98587799,-7.13969278],[112.01006317,-7.09423876],[112.08139801,-7.06534147],[112.15454102,-7.11011839],[112.21864319,-7.03593111],[112.20344543,-6.92386675],[112.17093658,-6.89949989],[112.05275726,-6.88674021],[111.98005676,-6.77320242],[111.83361053,-6.800457],[111.69140625,-6.75381708],[111.61039734,-6.84782696],[111.57497406,-6.91812897],[111.62335968,-6.98754501]]]},"properties":{"GID_0":"IDN","NAME_0":"Indonesia","GID_1":"IDN.11_1","NAME_1":"Jawa Timur","NL_NAME_1":"","GID_2":"IDN.11.37_1","NAME_2":"Tuban","VARNAME_2":"","NL_NAME_2":"","TYPE_2":"Kabupaten","ENGTYPE_2":"Regency","CC_2":"3523","HASC_2":"ID.JI.TB"}},
  {"type":"Feature","geometry":{"type":"Polygon","coordinates":[[[112.02812958,-8.31260204],[112.02862549,-8.16901779],[112.07858276,-8.18751717],[112.11987305,-8.12734604],[112.00307465,-8.09544086],[111.95706177,-7.99745893],[111.88284302,-7.9471817],[111.79920197,-7.8365674],[111.78572845,-7.83331108],[111.7552948,-7.90828609],[111.75578308,-8.02408791],[111.81295013,-8.08742714],[111.81768036,-8.13687801],[111.73361206,-8.14220524],[111.71144867,-8.17908192],[111.77404785,-8.28909969],[111.77670288,-8.25666046],[111.93776703,-8.30644989],[112.02812958,-8.31260204]]]},"properties":{"GID_0":"IDN","NAME_0":"Indonesia","GID_1":"IDN.11_1","NAME_1":"Jawa Timur","NL_NAME_1":"","GID_2":"IDN.11.38_1","NAME_2":"Tulungagung","VARNAME_2":"","NL_NAME_2":"","TYPE_2":"Kabupaten","ENGTYPE_2":"Regency","CC_2":"3504","HASC_2":"ID.JI.TG"}},
  {"type":"Feature","geometry":{"type":"Polygon","coordinates":[[[109.14349365,0.68461883],[109.23523712,0.72227257],[109.29131317,0.71134776],[109.35817719,0.76679772],[109.4070816,0.73087102],[109.47143555,0.77701664],[109.52991486,0.71442574],[109.66816711,0.75237393],[109.68608856,0.8381995],[109.80947113,0.8465752],[109.92460632,0.95936215],[109.91322327,1.02724361],[110.12200928,1.0194838],[110.12988281,1.08460248],[110.07122803,1.1250788],[110.13210297,1.19659591],[109.97425079,1.30803859],[109.93425751,1.4179244],[109.83036041,1.42438996],[109.74907684,1.53355885],[109.67803955,1.44861162],[109.60974884,1.43260062],[109.6264267,1.33190084],[109.588974,1.20199442],[109.53735352,1.19372523],[109.46921539,1.02033365],[109.42222595,1.05126882],[109.25118256,1.03558087],[109.17622375,0.96482551],[109.15744019,0.90310729],[108.97051239,0.77680904],[108.87397766,0.84097302],[108.87397003,0.70860028],[108.92036438,0.65496087],[108.92643738,0.56116164],[108.99601746,0.54168332],[109.07154846,0.59862268],[109.14349365,0.68461883]]]},"properties":{"GID_0":"IDN","NAME_0":"Indonesia","GID_1":"IDN.12_1","NAME_1":"Kalimantan Barat","NL_NAME_1":"","GID_2":"IDN.12.1_1","NAME_2":"Bengkayang","VARNAME_2":"","NL_NAME_2":"","TYPE_2":"Kabupaten","ENGTYPE_2":"Regency","CC_2":"6102","HASC_2":"ID.KB.BE"}},
  {"type":"Feature","geometry":{"type":"Polygon","coordinates":[[[111.52762604,0.96492654],[111.55239105,0.92197323],[111.62341309,0.92487508],[111.63724518,0.86386085],[111.73099518,0.77709174],[111.71203613,0.54103774],[111.73143768,0.479835],[111.65169525,0.33660525],[111.67391968,0.27717471],[111.83050537,0.23044007],[111.88575745,0.1784953],[111.99863434,0.21418458],[112.08491516,0.17312899],[112.14975739,0.07972053],[112.26183319,0.1244217],[112.33702087,0.11634246],[112.42280579,0.14440666],[112.51506042,0.12121186],[112.521698,0.18371116],[112.6831665,0.2410232],[112.73322296,0.21790192],[112.80862427,0.23736754],[112.85817719,0.2100497],[112.96591949,0.20586152],[112.96674347,0.26649505],[113.06491089,0.31595525],[113.12683868,0.24233843],[113.16785431,0.26201066],[113.27297211,0.24043688],[113.35204315,0.27844468],[113.45204163,0.27141628],[113.66305542,0.44537506],[113.67294312,0.50230509],[113.73544312,0.53007931],[113.84304047,0.66199541],[113.92694092,0.84585106],[113.87963867,0.88924819],[113.93764496,1.06267893],[113.98524475,1.14433813],[114.04473877,1.13240707],[114.11994171,1.15868819],[114.1615448,1.26835954],[114.1540451,1.38788092],[114.20114136,1.41276097],[114.14200592,1.46305096],[113.97884369,1.45287919],[113.82136536,1.3708601],[113.79164124,1.29281461],[113.62354279,1.2204324],[113.58084106,1.30185878],[113.53834534,1.32045972],[113.4153595,1.28859997],[113.32144165,1.37707007],[113.17913818,1.37836194],[113.11038971,1.43168294],[113.01213837,1.40722311],[113.05467224,1.55575347],[112.88084412,1.58546376],[112.83985138,1.53764999],[112.7803421,1.56095266],[112.48612976,1.57606447],[112.42910767,1.52492094],[112.31629944,1.50111449],[112.21527863,1.45370328],[112.22286987,1.38307691],[112.17451477,1.30188036],[112.12787628,1.14236104],[111.94554138,1.12165308],[111.87145233,1.00729001],[111.73125458,1.01065075],[111.6685791,1.04665232],[111.52762604,0.96492654]]]},"properties":{"GID_0":"IDN","NAME_0":"Indonesia","GID_1":"IDN.12_1","NAME_1":"Kalimantan Barat","NL_NAME_1":"","GID_2":"IDN.12.2_1","NAME_2":"Kapuas Hulu","VARNAME_2":"","NL_NAME_2":"","TYPE_2":"Kabupaten","ENGTYPE_2":"Regency","CC_2":"6108","HASC_2":"ID.KB.KH"}},
  {"type":"Feature","geometry":{"type":"MultiPolygon","coordinates":[[[[108.91762543,-1.5490613],[108.82894135,-1.58947444],[108.83001709,-1.66385448],[108.92222595,-1.66009378],[108.98286438,-1.60355783],[108.91762543,-1.5490613]]],[[[110.06880188,-1.36825192],[110.16080475,-1.32686901],[110.27068329,-1.30440402],[110.35302734,-1.23629403],[110.4413147,-1.23409355],[110.46034241,-1.11074507],[110.40431976,-1.05921674],[110.35310364,-0.87376463],[110.23358154,-0.86601025],[110.05727386,-0.75967026],[109.93223572,-0.75222862],[109.89159393,-0.82297689],[109.80046082,-0.84233201],[109.75431824,-0.8951509],[109.73242188,-0.9874444],[109.76860809,-1.00190425],[109.82554626,-1.09439111],[109.9466095,-1.12500358],[109.91143036,-1.19268739],[109.96495819,-1.27765095],[110.01509857,-1.28514755],[110.06880188,-1.36825192]]],[[[109.43587494,-1.29528213],[109.50112915,-1.30942702],[109.7804184,-1.14406085],[109.7561264,-1.01316905],[109.67533875,-1.02040935],[109.63777161,-0.98639339],[109.55377197,-1.00317609],[109.48804474,-0.9730708],[109.42607117,-1.2053895],[109.38175964,-1.25940919],[109.43587494,-1.29528213]]]]},"properties":{"GID_0":"IDN","NAME_0":"Indonesia","GID_1":"IDN.12_1","NAME_1":"Kalimantan Barat","NL_NAME_1":"","GID_2":"IDN.12.3_1","NAME_2":"Kayong Utara","VARNAME_2":"","NL_NAME_2":"","TYPE_2":"Kabupaten","ENGTYPE_2":"Regency","CC_2":"6111","HASC_2":"ID.KB.KU"}},
  {"type":"Feature","geometry":{"type":"Polygon","coordinates":[[[110.73222351,-2.98729944],[110.79946136,-2.9071312],[110.96660614,-2.85793591],[111.01078796,-2.79538798],[111.14681244,-2.74103379],[111.16477966,-2.67220998],[111.13629913,-2.61128378],[111.07019043,-2.30083823],[111.03259277,-2.2470305],[111.07878113,-2.16119599],[111.06620026,-2.11795592],[111.08951569,-2.01419139],[110.98458862,-1.95577955],[110.98296356,-1.82359934],[111.01615143,-1.74427998],[110.97449493,-1.66912055],[110.90060425,-1.71309197],[110.85890198,-1.63049698],[110.95218658,-1.57906687],[110.97925568,-1.53923547],[111.07539368,-1.55953312],[111.12322998,-1.54430008],[111.13837433,-1.45103526],[111.2596283,-1.41625881],[111.35887146,-1.3191489],[111.27138519,-1.25847828],[111.23706818,-1.17505717],[111.26538849,-1.0979073],[111.19837952,-1.01495266],[111.14390564,-1.00723803],[111.12437439,-0.930825],[111.21770477,-0.86360902],[111.240242,-0.68984497],[111.24004364,-0.58917576],[111.20206451,-0.52515537],[111.08886719,-0.49554244],[111.01069641,-0.50164741],[110.89959717,-0.4591642],[110.84368134,-0.56779832],[110.69828033,-0.63281798],[110.63693237,-0.61913019],[110.6167984,-0.45941755],[110.56178284,-0.36567837],[110.46848297,-0.32599542],[110.40236664,-0.37706578],[110.38451385,-0.46991336],[110.21300507,-0.41931587],[110.15052795,-0.43542644],[110.05128479,-0.38648984],[110.03731537,-0.43480754],[109.96451569,-0.49647459],[109.88703156,-0.55105782],[109.86147308,-0.65991396],[109.93223572,-0.75222862],[110.05727386,-0.75967026],[110.23358154,-0.86601025],[110.35310364,-0.87376463],[110.40431976,-1.05921674],[110.46034241,-1.11074507],[110.4413147,-1.23409355],[110.35302734,-1.23629403],[110.27068329,-1.30440402],[110.16080475,-1.32686901],[110.06880188,-1.36825192],[110.03546143,-1.53298974],[110.02671814,-1.68271363],[109.90084839,-1.82824421],[109.92606354,-1.85816872],[110.07516479,-1.93908691],[110.11968994,-2.09105134],[110.08603668,-2.2356112],[110.14048004,-2.3084085],[110.15328979,-2.41435075],[110.19617462,-2.51772213],[110.15956116,-2.63453436],[110.21214294,-2.64547014],[110.26256561,-2.81565857],[110.22422028,-2.88595152],[110.30367279,-2.99426103],[110.41500092,-2.89901853],[110.51132202,-2.85027623],[110.57852173,-2.84209967],[110.63085937,-2.91357398],[110.63334656,-3.03018618],[110.73222351,-2.98729944]]]},"properties":{"GID_0":"IDN","NAME_0":"Indonesia","GID_1":"IDN.12_1","NAME_1":"Kalimantan Barat","NL_NAME_1":"","GID_2":"IDN.12.4_1","NAME_2":"Ketapang","VARNAME_2":"","NL_NAME_2":"","TYPE_2":"Kabupaten","ENGTYPE_2":"Regency","CC_2":"6106","HASC_2":"ID.KB.KP"}},
  {"type":"Feature","geometry":{"type":"MultiPolygon","coordinates":[[[[109.28707123,0.00162307],[109.2721405,-0.02733535],[109.34307098,-0.09830464],[109.36769867,-0.05881796],[109.28707123,0.00162307]]],[[[109.29000854,0.00846758],[109.37656403,-0.02148078],[109.37075806,0.02108123],[109.29000854,0.00846758]]]]},"properties":{"GID_0":"IDN","NAME_0":"Indonesia","GID_1":"IDN.12_1","NAME_1":"Kalimantan Barat","NL_NAME_1":"","GID_2":"IDN.12.5_1","NAME_2":"Kota Pontianak","VARNAME_2":"","NL_NAME_2":"","TYPE_2":"Kota","ENGTYPE_2":"City","CC_2":"6171","HASC_2":"ID.KB.PN"}},
  {"type":"Feature","geometry":{"type":"MultiPolygon","coordinates":[[[[109.44543457,-0.7443909],[109.39285278,-0.70646363],[109.30648804,-0.70151383],[109.24636841,-0.66408747],[109.24541473,-0.83111894],[109.31395721,-0.91014272],[109.40621185,-0.9322319],[109.41979218,-0.86423862],[109.58389282,-0.89771432],[109.64894104,-0.99802196],[109.72141266,-0.97366631],[109.71385956,-0.8605091],[109.66003418,-0.81096369],[109.53474426,-0.73841703],[109.44543457,-0.7443909]]],[[[109.75431824,-0.8951509],[109.80046082,-0.84233201],[109.89159393,-0.82297689],[109.93223572,-0.75222862],[109.86147308,-0.65991396],[109.88703156,-0.55105782],[109.96451569,-0.49647459],[109.96711731,-0.42921326],[109.92061615,-0.36461958],[109.96479034,-0.27408013],[109.9381485,-0.16298702],[109.84991455,-0.04890333],[109.83473969,0.01922757],[109.86917877,0.08594587],[109.69465637,0.07358827],[109.5434494,-0.00250938],[109.50067902,0.07163177],[109.51126862,0.11703672],[109.47386169,0.24672256],[109.38362885,0.25505194],[109.35141754,0.20655453],[109.37075806,0.02108123],[109.37656403,-0.02148078],[109.38359833,-0.02648054],[109.37319183,-0.0616042],[109.36769867,-0.05881796],[109.34307098,-0.09830464],[109.2721405,-0.02733535],[109.28707123,0.00162307],[109.17085266,0.0336844],[109.15914154,-0.03648873],[109.1895752,-0.14059743],[109.1832962,-0.19998609],[109.08974457,-0.27462053],[109.14252472,-0.5627079],[109.20193481,-0.55212456],[109.2514267,-0.60501063],[109.37415314,-0.5846175],[109.41838074,-0.63131768],[109.4949646,-0.6244058],[109.66638184,-0.68198061],[109.63561249,-0.79598552],[109.71356964,-0.82796019],[109.75431824,-0.8951509]]]]},"properties":{"GID_0":"IDN","NAME_0":"Indonesia","GID_1":"IDN.12_1","NAME_1":"Kalimantan Barat","NL_NAME_1":"","GID_2":"IDN.12.6_1","NAME_2":"Kubu Raya","VARNAME_2":"","NL_NAME_2":"","TYPE_2":"Kabupaten","ENGTYPE_2":"Regency","CC_2":"6112","HASC_2":"ID.KB.KR"}},
  {"type":"Feature","geometry":{"type":"Polygon","coordinates":[[[109.38362885,0.25505194],[109.47386169,0.24672256],[109.51126862,0.11703672],[109.50067902,0.07163177],[109.5434494,-0.00250938],[109.69465637,0.07358827],[109.86917877,0.08594587],[109.95044708,0.16553706],[110.02979279,0.17668696],[110.04948425,0.21280649],[110.13418579,0.22112839],[110.1330719,0.32317621],[110.20044708,0.52690178],[110.25547791,0.54820466],[110.21933746,0.62358701],[110.24520111,0.69861609],[110.20035553,0.75373405],[110.18175507,0.83631665],[110.23959351,0.84681547],[110.20249939,0.92698145],[110.20175171,1],[110.12200928,1.0194838],[109.91322327,1.02724361],[109.92460632,0.95936215],[109.80947113,0.8465752],[109.68608856,0.8381995],[109.66816711,0.75237393],[109.52991486,0.71442574],[109.47143555,0.77701664],[109.4070816,0.73087102],[109.35817719,0.76679772],[109.29131317,0.71134776],[109.23523712,0.72227257],[109.14349365,0.68461883],[109.28979492,0.60651731],[109.22346497,0.48987481],[109.31175995,0.40792826],[109.32228088,0.36224595],[109.23500824,0.34082872],[109.2599411,0.26383543],[109.38362885,0.25505194]]]},"properties":{"GID_0":"IDN","NAME_0":"Indonesia","GID_1":"IDN.12_1","NAME_1":"Kalimantan Barat","NL_NAME_1":"","GID_2":"IDN.12.7_1","NAME_2":"Landak","VARNAME_2":"","NL_NAME_2":"","TYPE_2":"Kabupaten","ENGTYPE_2":"Regency","CC_2":"6103","HASC_2":"ID.KB.LA"}},
  {"type":"Feature","geometry":{"type":"Polygon","coordinates":[[[111.36891937,-1.29488337],[111.40653992,-1.24157035],[111.5593338,-1.20968115],[111.57004547,-1.07537758],[111.62353516,-1.0408746],[111.62723541,-0.98309362],[111.72853851,-0.92420077],[111.85543823,-0.90263766],[111.90293884,-0.83677578],[112.03233337,-0.79284275],[112.05083466,-0.70019978],[112.15480804,-0.7288599],[112.14603424,-0.68229753],[112.22723389,-0.61998415],[112.28842926,-0.71215028],[112.45106506,-0.68580949],[112.4546814,-0.55952305],[112.42892456,-0.53732824],[112.41959381,-0.41996086],[112.3755188,-0.37163633],[112.37028503,-0.23125589],[112.3192749,-0.21996988],[112.12883759,-0.30586401],[112.11742401,-0.27047011],[111.96239471,-0.19807687],[111.86800385,-0.2384619],[111.85190582,-0.20590089],[111.72273254,-0.14455786],[111.56999207,-0.22268118],[111.46350098,-0.25624225],[111.45225525,-0.3434605],[111.37644196,-0.35573408],[111.20206451,-0.52515537],[111.24004364,-0.58917576],[111.240242,-0.68984497],[111.21770477,-0.86360902],[111.12437439,-0.930825],[111.14390564,-1.00723803],[111.19837952,-1.01495266],[111.26538849,-1.0979073],[111.23706818,-1.17505717],[111.27138519,-1.25847828],[111.35887146,-1.3191489],[111.36891937,-1.29488337]]]},"properties":{"GID_0":"IDN","NAME_0":"Indonesia","GID_1":"IDN.12_1","NAME_1":"Kalimantan Barat","NL_NAME_1":"","GID_2":"IDN.12.8_1","NAME_2":"Melawi","VARNAME_2":"","NL_NAME_2":"","TYPE_2":"Kabupaten","ENGTYPE_2":"Regency","CC_2":"6110","HASC_2":"ID.KB.ME"}},
  {"type":"Feature","geometry":{"type":"Polygon","coordinates":[[[109.37075806,0.02108123],[109.35141754,0.20655453],[109.38362885,0.25505194],[109.2599411,0.26383543],[109.23500824,0.34082872],[109.32228088,0.36224595],[109.31175995,0.40792826],[109.22346497,0.48987481],[109.28979492,0.60651731],[109.14349365,0.68461883],[109.07154846,0.59862268],[108.99601746,0.54168332],[108.92643738,0.56116164],[108.90820313,0.47854683],[108.94515991,0.43238363],[108.91942596,0.32310402],[109.07941437,0.25556976],[109.17948151,0.07238612],[109.29000854,0.00846758],[109.37075806,0.02108123]]]},"properties":{"GID_0":"IDN","NAME_0":"Indonesia","GID_1":"IDN.12_1","NAME_1":"Kalimantan Barat","NL_NAME_1":"","GID_2":"IDN.12.9_1","NAME_2":"Pontianak","VARNAME_2":"","NL_NAME_2":"","TYPE_2":"Kabupaten","ENGTYPE_2":"Regency","CC_2":"6104","HASC_2":"ID.KB.PR"}},
  {"type":"Feature","geometry":{"type":"Polygon","coordinates":[[[109.17622375,0.96482551],[109.25118256,1.03558087],[109.42222595,1.05126882],[109.46921539,1.02033365],[109.53735352,1.19372523],[109.588974,1.20199442],[109.6264267,1.33190084],[109.60974884,1.43260062],[109.67803955,1.44861162],[109.74907684,1.53355885],[109.66065216,1.61931169],[109.68269348,1.78541517],[109.58013153,1.83796155],[109.54424286,1.89808977],[109.56356812,1.97344017],[109.45612335,1.97768319],[109.3385849,1.94190562],[109.3365097,1.83024371],[109.23595428,1.64424646],[109.1288681,1.58653593],[109.06031799,1.52554834],[109.03694153,1.4488008],[109.0355072,1.32912409],[108.96186066,1.21348679],[108.90431976,1.16583765],[108.97881317,0.98916113],[109.06274414,0.98957086],[109.13024902,1.01835954],[109.17622375,0.96482551]]]},"properties":{"GID_0":"IDN","NAME_0":"Indonesia","GID_1":"IDN.12_1","NAME_1":"Kalimantan Barat","NL_NAME_1":"","GID_2":"IDN.12.10_1","NAME_2":"Sambas","VARNAME_2":"","NL_NAME_2":"","TYPE_2":"Kabupaten","ENGTYPE_2":"Regency","CC_2":"6101","HASC_2":"ID.KB.SM"}},
  {"type":"Feature","geometry":{"type":"Polygon","coordinates":[[[109.96451569,-0.49647459],[110.03731537,-0.43480754],[110.05128479,-0.38648984],[110.15052795,-0.43542644],[110.21300507,-0.41931587],[110.38451385,-0.46991336],[110.40236664,-0.37706578],[110.46848297,-0.32599542],[110.56178284,-0.36567837],[110.56005096,-0.2587426],[110.60532379,-0.23774667],[110.64594269,-0.14407195],[110.69877625,-0.16811092],[110.7519455,0.06580167],[110.84843445,0.09330822],[110.88825989,0.21478833],[110.92182922,0.22926848],[110.97333527,0.35999444],[110.94252777,0.46182984],[111.00192261,0.56285733],[111.00727081,0.68186522],[111.05352783,0.73998642],[110.98925018,0.75360149],[110.90477753,0.73092824],[110.81602478,0.75077444],[110.7816391,0.8099044],[110.80826569,0.85945016],[110.71768188,0.9059934],[110.5969696,0.8576445],[110.48744965,0.87812901],[110.40287018,0.98338002],[110.30672455,1.00342178],[110.20950317,1.11683905],[110.18921661,1.17848098],[110.13210297,1.19659591],[110.07122803,1.1250788],[110.12988281,1.08460248],[110.12200928,1.0194838],[110.20175171,1],[110.20249939,0.92698145],[110.23959351,0.84681547],[110.18175507,0.83631665],[110.20035553,0.75373405],[110.24520111,0.69861609],[110.21933746,0.62358701],[110.25547791,0.54820466],[110.20044708,0.52690178],[110.1330719,0.32317621],[110.13418579,0.22112839],[110.04948425,0.21280649],[110.02979279,0.17668696],[109.95044708,0.16553706],[109.86917877,0.08594587],[109.83473969,0.01922757],[109.84991455,-0.04890333],[109.9381485,-0.16298702],[109.96479034,-0.27408013],[109.92061615,-0.36461958],[109.96711731,-0.42921326],[109.96451569,-0.49647459]]]},"properties":{"GID_0":"IDN","NAME_0":"Indonesia","GID_1":"IDN.12_1","NAME_1":"Kalimantan Barat","NL_NAME_1":"","GID_2":"IDN.12.11_1","NAME_2":"Sanggau","VARNAME_2":"","NL_NAME_2":"","TYPE_2":"Kabupaten","ENGTYPE_2":"Regency","CC_2":"6105","HASC_2":"ID.KB.SN"}},
  {"type":"Feature","geometry":{"type":"Polygon","coordinates":[[[110.56178284,-0.36567837],[110.6167984,-0.45941755],[110.63693237,-0.61913019],[110.69828033,-0.63281798],[110.84368134,-0.56779832],[110.89959717,-0.4591642],[111.01069641,-0.50164741],[111.08886719,-0.49554244],[111.03478241,-0.41638255],[111.03400421,-0.3102183],[111.08837891,-0.25206417],[111.09873199,-0.13357973],[111.12859344,-0.12097377],[111.14877319,0.0014728],[111.12366486,0.08560187],[111.2241745,0.07329622],[111.2748642,0.13239324],[111.25823212,0.27767098],[111.21757507,0.35642636],[111.29564667,0.52456421],[111.26963806,0.58905143],[111.19949341,0.60644925],[111.10028076,0.72791469],[111.05352783,0.73998642],[111.00727081,0.68186522],[111.00192261,0.56285733],[110.94252777,0.46182984],[110.97333527,0.35999444],[110.92182922,0.22926848],[110.88825989,0.21478833],[110.84843445,0.09330822],[110.7519455,0.06580167],[110.69877625,-0.16811092],[110.64594269,-0.14407195],[110.60532379,-0.23774667],[110.56005096,-0.2587426],[110.56178284,-0.36567837]]]},"properties":{"GID_0":"IDN","NAME_0":"Indonesia","GID_1":"IDN.12_1","NAME_1":"Kalimantan Barat","NL_NAME_1":"","GID_2":"IDN.12.12_1","NAME_2":"Sekadau","VARNAME_2":"","NL_NAME_2":"","TYPE_2":"Kabupaten","ENGTYPE_2":"Regency","CC_2":"6109","HASC_2":"ID.KB.SE"}},
  {"type":"Feature","geometry":{"type":"Polygon","coordinates":[[[108.87397766,0.84097302],[108.97051239,0.77680904],[109.15744019,0.90310729],[109.17622375,0.96482551],[109.13024902,1.01835954],[109.06274414,0.98957086],[108.97881317,0.98916113],[108.94113922,0.88848245],[108.87397766,0.84097302]]]},"properties":{"GID_0":"IDN","NAME_0":"Indonesia","GID_1":"IDN.12_1","NAME_1":"Kalimantan Barat","NL_NAME_1":"","GID_2":"IDN.12.13_1","NAME_2":"Singkawang","VARNAME_2":"","NL_NAME_2":"","TYPE_2":"Kota","ENGTYPE_2":"City","CC_2":"6172","HASC_2":"ID.KB.SK"}},
  {"type":"Feature","geometry":{"type":"Polygon","coordinates":[[[111.20206451,-0.52515537],[111.37644196,-0.35573408],[111.45225525,-0.3434605],[111.46350098,-0.25624225],[111.56999207,-0.22268118],[111.72273254,-0.14455786],[111.85190582,-0.20590089],[111.86800385,-0.2384619],[111.96239471,-0.19807687],[112.11742401,-0.27047011],[112.12883759,-0.30586401],[112.3192749,-0.21996988],[112.37028503,-0.23125589],[112.3755188,-0.37163633],[112.41959381,-0.41996086],[112.42892456,-0.53732824],[112.4546814,-0.55952305],[112.45106506,-0.68580949],[112.54148865,-0.69720697],[112.73945618,-0.62334961],[112.75645447,-0.56614876],[112.85559082,-0.56572074],[112.98675537,-0.49022269],[113.06664276,-0.49773121],[113.14214325,-0.44305602],[113.21993256,-0.50264055],[113.26694489,-0.41800284],[113.22174072,-0.34704101],[113.29203796,-0.23756871],[113.3523407,-0.22131777],[113.42114258,-0.13897245],[113.43994141,-0.07093856],[113.41054535,0.05250245],[113.41374207,0.13046937],[113.32535553,0.18018106],[113.27297211,0.24043688],[113.16785431,0.26201066],[113.12683868,0.24233843],[113.06491089,0.31595525],[112.96674347,0.26649505],[112.96591949,0.20586152],[112.85817719,0.2100497],[112.80862427,0.23736754],[112.73322296,0.21790192],[112.6831665,0.2410232],[112.521698,0.18371116],[112.51506042,0.12121186],[112.42280579,0.14440666],[112.33702087,0.11634246],[112.26183319,0.1244217],[112.14975739,0.07972053],[112.08491516,0.17312899],[111.99863434,0.21418458],[111.88575745,0.1784953],[111.83050537,0.23044007],[111.67391968,0.27717471],[111.65169525,0.33660525],[111.73143768,0.479835],[111.71203613,0.54103774],[111.73099518,0.77709174],[111.63724518,0.86386085],[111.62341309,0.92487508],[111.55239105,0.92197323],[111.52762604,0.96492654],[111.4679184,1.03657746],[111.41121674,1.00912309],[111.22581482,1.0839082],[111.14585876,1.0508101],[110.89828491,1.01938939],[110.84918976,0.94950098],[110.80123901,0.94402385],[110.80826569,0.85945016],[110.7816391,0.8099044],[110.81602478,0.75077444],[110.90477753,0.73092824],[110.98925018,0.75360149],[111.05352783,0.73998642],[111.10028076,0.72791469],[111.19949341,0.60644925],[111.26963806,0.58905143],[111.29564667,0.52456421],[111.21757507,0.35642636],[111.25823212,0.27767098],[111.2748642,0.13239324],[111.2241745,0.07329622],[111.12366486,0.08560187],[111.14877319,0.0014728],[111.12859344,-0.12097377],[111.09873199,-0.13357973],[111.08837891,-0.25206417],[111.03400421,-0.3102183],[111.03478241,-0.41638255],[111.08886719,-0.49554244],[111.20206451,-0.52515537]]]},"properties":{"GID_0":"IDN","NAME_0":"Indonesia","GID_1":"IDN.12_1","NAME_1":"Kalimantan Barat","NL_NAME_1":"","GID_2":"IDN.12.14_1","NAME_2":"Sintang","VARNAME_2":"","NL_NAME_2":"","TYPE_2":"Kabupaten","ENGTYPE_2":"Regency","CC_2":"6107","HASC_2":"ID.KB.SI"}},
  {"type":"Feature","geometry":{"type":"Polygon","coordinates":[[[115.40148926,-2.44095469],[115.5957489,-2.48559284],[115.67967987,-2.52362823],[115.77138519,-2.52856183],[115.80303955,-2.50299168],[115.8025589,-2.43289042],[115.85021973,-2.3878386],[115.8276062,-2.24594259],[115.80369568,-2.20862484],[115.80706787,-2.0439806],[115.75366974,-2.05046821],[115.71772003,-1.99550462],[115.68425751,-2.07719135],[115.58117676,-2.17971826],[115.40063477,-2.30147815],[115.34158325,-2.35504484],[115.31550598,-2.39550781],[115.40148926,-2.44095469]]]},"properties":{"GID_0":"IDN","NAME_0":"Indonesia","GID_1":"IDN.13_1","NAME_1":"Kalimantan Selatan","NL_NAME_1":"","GID_2":"IDN.13.1_1","NAME_2":"Balangan","VARNAME_2":"","NL_NAME_2":"","TYPE_2":"Kabupaten","ENGTYPE_2":"Regency","CC_2":"6311","HASC_2":"ID.KS.BA"}},
  {"type":"Feature","geometry":{"type":"Polygon","coordinates":[[[114.51690674,-3.54356766],[114.70435333,-3.51342773],[114.6965332,-3.47127771],[114.74163055,-3.37153172],[114.82475281,-3.42520261],[114.92162323,-3.43420005],[114.94537354,-3.51407695],[114.91458893,-3.57437468],[114.96817017,-3.63890409],[114.98337555,-3.70011592],[115.12210846,-3.63427401],[115.2473526,-3.596241],[115.38032532,-3.47717214],[115.42758179,-3.29362226],[115.41539764,-3.15522695],[115.48675537,-3.09141493],[115.50676727,-3.02612758],[115.53837585,-2.93941665],[115.60839844,-2.87163591],[115.56109619,-2.82241178],[115.50757599,-2.8863771],[115.41172028,-2.98289895],[115.2789917,-2.99668646],[115.16891479,-3.11570621],[115.24196625,-3.13552332],[115.2102356,-3.19049835],[115.08900452,-3.18352914],[114.82751465,-3.01507664],[114.82164764,-3.19075322],[114.62419891,-3.28433251],[114.61143494,-3.36821508],[114.5426712,-3.34390044],[114.52407837,-3.35324669],[114.51690674,-3.54356766]]]},"properties":{"GID_0":"IDN","NAME_0":"Indonesia","GID_1":"IDN.13_1","NAME_1":"Kalimantan Selatan","NL_NAME_1":"","GID_2":"IDN.13.3_1","NAME_2":"Banjar","VARNAME_2":"","NL_NAME_2":"","TYPE_2":"Kabupaten","ENGTYPE_2":"Regency","CC_2":"6303","HASC_2":"ID.KS.BN"}},
  {"type":"Feature","geometry":{"type":"Polygon","coordinates":[[[114.70435333,-3.51342773],[114.75732422,-3.50948691],[114.91458893,-3.57437468],[114.94537354,-3.51407695],[114.92162323,-3.43420005],[114.82475281,-3.42520261],[114.74163055,-3.37153172],[114.6965332,-3.47127771],[114.70435333,-3.51342773]]]},"properties":{"GID_0":"IDN","NAME_0":"Indonesia","GID_1":"IDN.13_1","NAME_1":"Kalimantan Selatan","NL_NAME_1":"","GID_2":"IDN.13.2_1","NAME_2":"Banjar Baru","VARNAME_2":"","NL_NAME_2":"","TYPE_2":"Kota","ENGTYPE_2":"City","CC_2":"6372","HASC_2":"ID.KS.BB"}},
  {"type":"Feature","geometry":{"type":"Polygon","coordinates":[[[114.5426712,-3.34390044],[114.61143494,-3.36821508],[114.62419891,-3.28433251],[114.56621552,-3.27077723],[114.5426712,-3.34390044]]]},"properties":{"GID_0":"IDN","NAME_0":"Indonesia","GID_1":"IDN.13_1","NAME_1":"Kalimantan Selatan","NL_NAME_1":"","GID_2":"IDN.13.4_1","NAME_2":"Banjarmasin","VARNAME_2":"","NL_NAME_2":"","TYPE_2":"Kota","ENGTYPE_2":"City","CC_2":"6371","HASC_2":"ID.KS.BM"}},
  {"type":"Feature","geometry":{"type":"Polygon","coordinates":[[[114.34889984,-3.46184993],[114.48517609,-3.50023031],[114.52407837,-3.35324669],[114.5426712,-3.34390044],[114.56621552,-3.27077723],[114.62419891,-3.28433251],[114.82164764,-3.19075322],[114.82751465,-3.01507664],[114.80260468,-2.9405663],[114.83963013,-2.87463188],[114.80419922,-2.74230218],[114.86039734,-2.52164745],[114.79203796,-2.62443852],[114.76038361,-2.72132349],[114.67116547,-2.75211048],[114.66146851,-2.80222464],[114.59888458,-2.81519508],[114.54619598,-2.94744873],[114.49620056,-3.0150094],[114.54584503,-3.06778073],[114.42943573,-3.17425084],[114.45023346,-3.21003437],[114.38352966,-3.26754093],[114.34688568,-3.35017538],[114.34889984,-3.46184993]]]},"properties":{"GID_0":"IDN","NAME_0":"Indonesia","GID_1":"IDN.13_1","NAME_1":"Kalimantan Selatan","NL_NAME_1":"","GID_2":"IDN.13.5_1","NAME_2":"Barito Kuala","VARNAME_2":"","NL_NAME_2":"","TYPE_2":"Kabupaten","ENGTYPE_2":"Regency","CC_2":"6304","HASC_2":"ID.KS.BK"}},
  {"type":"Feature","geometry":{"type":"Polygon","coordinates":[[[114.86668396,-2.53170681],[114.98027802,-2.73455477],[115.08968353,-2.83028316],[115.23174286,-2.87283707],[115.28255463,-2.92987132],[115.35397339,-2.93520093],[115.45778656,-2.87372184],[115.50757599,-2.8863771],[115.56109619,-2.82241178],[115.59934998,-2.722296],[115.49504852,-2.71788096],[115.44497681,-2.7803371],[115.35855103,-2.71683168],[115.17084503,-2.63491011],[115.17517853,-2.55815434],[114.99778748,-2.49889326],[114.86668396,-2.53170681]]]},"properties":{"GID_0":"IDN","NAME_0":"Indonesia","GID_1":"IDN.13_1","NAME_1":"Kalimantan Selatan","NL_NAME_1":"","GID_2":"IDN.13.6_1","NAME_2":"Hulu Sungai Selatan","VARNAME_2":"","NL_NAME_2":"","TYPE_2":"Kabupaten","ENGTYPE_2":"Regency","CC_2":"6306","HASC_2":"ID.KS.HS"}},
  {"type":"Feature","geometry":{"type":"Polygon","coordinates":[[[115.17517853,-2.55815434],[115.17084503,-2.63491011],[115.35855103,-2.71683168],[115.44497681,-2.7803371],[115.49504852,-2.71788096],[115.59934998,-2.722296],[115.72235107,-2.70346475],[115.82363129,-2.61119676],[115.88710785,-2.61265683],[115.87789917,-2.52720308],[115.80303955,-2.50299168],[115.77138519,-2.52856183],[115.67967987,-2.52362823],[115.5957489,-2.48559284],[115.40148926,-2.44095469],[115.38395691,-2.48473096],[115.17517853,-2.55815434]]]},"properties":{"GID_0":"IDN","NAME_0":"Indonesia","GID_1":"IDN.13_1","NAME_1":"Kalimantan Selatan","NL_NAME_1":"","GID_2":"IDN.13.7_1","NAME_2":"Hulu Sungai Tengah","VARNAME_2":"","NL_NAME_2":"","TYPE_2":"Kabupaten","ENGTYPE_2":"Regency","CC_2":"6307","HASC_2":"ID.KS.HT"}},
  {"type":"Feature","geometry":{"type":"Polygon","coordinates":[[[114.86668396,-2.53170681],[114.99778748,-2.49889326],[115.17517853,-2.55815434],[115.38395691,-2.48473096],[115.40148926,-2.44095469],[115.31550598,-2.39550781],[115.34158325,-2.35504484],[115.21274567,-2.33975577],[115.13198853,-2.29195666],[115.00288391,-2.40013719],[114.91290283,-2.46037436],[114.86064911,-2.52144051],[114.86668396,-2.53170681]]]},"properties":{"GID_0":"IDN","NAME_0":"Indonesia","GID_1":"IDN.13_1","NAME_1":"Kalimantan Selatan","NL_NAME_1":"","GID_2":"IDN.13.8_1","NAME_2":"Hulu Sungai Utara","VARNAME_2":"","NL_NAME_2":"","TYPE_2":"Kabupaten","ENGTYPE_2":"Regency","CC_2":"6308","HASC_2":"ID.KS.HU"}},
  {"type":"Feature","geometry":{"type":"MultiPolygon","coordinates":[[[[116.40335083,-3.59356856],[116.4349823,-3.42230034],[116.34532928,-3.45232224],[116.3139801,-3.55096841],[116.40335083,-3.59356856]]],[[[116.10150909,-4.06265545],[116.21033478,-3.98086286],[116.30715179,-3.87558889],[116.27230835,-3.81658745],[116.30030823,-3.71209049],[116.29799652,-3.57631302],[116.27713013,-3.52201033],[116.30843353,-3.45096636],[116.25319672,-3.3887949],[116.2804184,-3.22075343],[116.25623322,-3.20932865],[116.11476135,-3.30706549],[116.0461731,-3.46894765],[116.03678894,-3.5823257],[116.00254059,-3.63845301],[116.02431488,-3.72979259],[116.08197021,-3.83407998],[116.07936096,-3.9245255],[116.0394516,-4.02292395],[116.10150909,-4.06265545]]],[[[115.50676727,-3.02612758],[115.5684433,-3.06880569],[115.7035675,-3.0806272],[115.7538681,-3.17566299],[115.93445587,-3.15275288],[115.97341919,-3.22450113],[116.08374023,-3.26370168],[116.17558289,-3.25196409],[116.16835785,-3.18052125],[116.21657562,-3.08948207],[116.17019653,-3.05907893],[116.10534668,-2.91687846],[116.2053833,-2.93578792],[116.22077942,-3.00676656],[116.26913452,-3.00280166],[116.35930634,-2.86384988],[116.36586761,-2.67240143],[116.41008759,-2.58955646],[116.33948517,-2.56619048],[116.41666412,-2.49886656],[116.47731018,-2.51177502],[116.51228333,-2.56350923],[116.55434418,-2.40862393],[116.492836,-2.38097358],[116.25136566,-2.31676936],[115.98435974,-2.31237769],[115.89030457,-2.33562613],[115.85021973,-2.3878386],[115.8025589,-2.43289042],[115.80303955,-2.50299168],[115.87789917,-2.52720308],[115.88710785,-2.61265683],[115.82363129,-2.61119676],[115.72235107,-2.70346475],[115.59934998,-2.722296],[115.56109619,-2.82241178],[115.60839844,-2.87163591],[115.53837585,-2.93941665],[115.50676727,-3.02612758]]]]},"properties":{"GID_0":"IDN","NAME_0":"Indonesia","GID_1":"IDN.13_1","NAME_1":"Kalimantan Selatan","NL_NAME_1":"","GID_2":"IDN.13.9_1","NAME_2":"Kota Baru","VARNAME_2":"","NL_NAME_2":"","TYPE_2":"Kabupaten","ENGTYPE_2":"Regency","CC_2":"6302","HASC_2":"ID.KS.KB"}},
  {"type":"Feature","geometry":{"type":"Polygon","coordinates":[[[115.13198853,-2.29195666],[115.21274567,-2.33975577],[115.34158325,-2.35504484],[115.40063477,-2.30147815],[115.58117676,-2.17971826],[115.68425751,-2.07719135],[115.71772003,-1.99550462],[115.69619751,-1.97442317],[115.73075104,-1.86523259],[115.63619232,-1.60401106],[115.65396881,-1.51335335],[115.74925995,-1.31503952],[115.67040253,-1.33279967],[115.5567627,-1.39558446],[115.47570801,-1.41608453],[115.41359711,-1.42459834],[115.35025024,-1.63681376],[115.30986023,-1.8009938],[115.31950378,-1.89225054],[115.41971588,-1.90006757],[115.37072754,-2.01579571],[115.32289124,-2.07213807],[115.29113007,-2.22389984],[115.2478714,-2.21185493],[115.13198853,-2.29195666]]]},"properties":{"GID_0":"IDN","NAME_0":"Indonesia","GID_1":"IDN.13_1","NAME_1":"Kalimantan Selatan","NL_NAME_1":"","GID_2":"IDN.13.10_1","NAME_2":"Tabalong","VARNAME_2":"","NL_NAME_2":"","TYPE_2":"Kabupaten","ENGTYPE_2":"Regency","CC_2":"6309","HASC_2":"ID.KS.TB"}},
  {"type":"Feature","geometry":{"type":"Polygon","coordinates":[[[115.3744812,-3.86377525],[115.65457153,-3.74526238],[115.71664429,-3.73283958],[115.85173798,-3.62578869],[115.96451569,-3.61170912],[115.99417114,-3.57275558],[116.0069046,-3.44521332],[116.08374023,-3.26370168],[115.97341919,-3.22450113],[115.93445587,-3.15275288],[115.7538681,-3.17566299],[115.7035675,-3.0806272],[115.5684433,-3.06880569],[115.50676727,-3.02612758],[115.48675537,-3.09141493],[115.41539764,-3.15522695],[115.42758179,-3.29362226],[115.38032532,-3.47717214],[115.2473526,-3.596241],[115.3744812,-3.86377525]]]},"properties":{"GID_0":"IDN","NAME_0":"Indonesia","GID_1":"IDN.13_1","NAME_1":"Kalimantan Selatan","NL_NAME_1":"","GID_2":"IDN.13.11_1","NAME_2":"Tanah Bumbu","VARNAME_2":"","NL_NAME_2":"","TYPE_2":"Kabupaten","ENGTYPE_2":"Regency","CC_2":"6310","HASC_2":"ID.KS.TN"}},
  {"type":"Feature","geometry":{"type":"Polygon","coordinates":[[[115.3744812,-3.86377525],[115.2473526,-3.596241],[115.12210846,-3.63427401],[114.98337555,-3.70011592],[114.96817017,-3.63890409],[114.91458893,-3.57437468],[114.75732422,-3.50948691],[114.70435333,-3.51342773],[114.51690674,-3.54356766],[114.55566406,-3.55780411],[114.61171722,-3.64089298],[114.62244415,-3.71255398],[114.60360718,-3.82164907],[114.63801575,-4.02898502],[114.62927246,-4.15284491],[114.6830368,-4.1791749],[115.02378845,-4.00607491],[115.3744812,-3.86377525]]]},"properties":{"GID_0":"IDN","NAME_0":"Indonesia","GID_1":"IDN.13_1","NAME_1":"Kalimantan Selatan","NL_NAME_1":"","GID_2":"IDN.13.12_1","NAME_2":"Tanah Laut","VARNAME_2":"","NL_NAME_2":"","TYPE_2":"Kabupaten","ENGTYPE_2":"Regency","CC_2":"6301","HASC_2":"ID.KS.TL"}},
  {"type":"Feature","geometry":{"type":"Polygon","coordinates":[[[114.82751465,-3.01507664],[115.08900452,-3.18352914],[115.2102356,-3.19049835],[115.24196625,-3.13552332],[115.16891479,-3.11570621],[115.2789917,-2.99668646],[115.41172028,-2.98289895],[115.50757599,-2.8863771],[115.45778656,-2.87372184],[115.35397339,-2.93520093],[115.28255463,-2.92987132],[115.23174286,-2.87283707],[115.08968353,-2.83028316],[114.98027802,-2.73455477],[114.86668396,-2.53170681],[114.86064911,-2.52144051],[114.86039734,-2.52164745],[114.80419922,-2.74230218],[114.83963013,-2.87463188],[114.80260468,-2.9405663],[114.82751465,-3.01507664]]]},"properties":{"GID_0":"IDN","NAME_0":"Indonesia","GID_1":"IDN.13_1","NAME_1":"Kalimantan Selatan","NL_NAME_1":"","GID_2":"IDN.13.13_1","NAME_2":"Tapin","VARNAME_2":"","NL_NAME_2":"","TYPE_2":"Kabupaten","ENGTYPE_2":"Regency","CC_2":"6305","HASC_2":"ID.KS.TP"}},
  {"type":"Feature","geometry":{"type":"Polygon","coordinates":[[[114.86064911,-2.52144051],[114.91290283,-2.46037436],[115.00288391,-2.40013719],[114.91773224,-2.21767044],[114.96277618,-1.95096827],[114.97111511,-1.79640186],[115.03350067,-1.69190073],[115.13124847,-1.64859033],[115.24568176,-1.63031256],[115.35025024,-1.63681376],[115.41359711,-1.42459834],[115.47570801,-1.41608453],[115.41213226,-1.32932615],[115.23698425,-1.33302212],[115.16223907,-1.30665648],[114.98976898,-1.31964159],[114.876091,-1.3581959],[114.66780853,-1.31692636],[114.67456055,-1.52145195],[114.59932709,-1.67829823],[114.6373291,-1.78836048],[114.62085724,-1.94968629],[114.70572662,-2.03980231],[114.71567535,-2.14442301],[114.55412292,-2.54634833],[114.70139313,-2.56814718],[114.79203796,-2.62443852],[114.86039734,-2.52164745],[114.86064911,-2.52144051]]]},"properties":{"GID_0":"IDN","NAME_0":"Indonesia","GID_1":"IDN.14_1","NAME_1":"Kalimantan Tengah","NL_NAME_1":"","GID_2":"IDN.14.1_1","NAME_2":"Barito Selatan","VARNAME_2":"","NL_NAME_2":"","TYPE_2":"Kabupaten","ENGTYPE_2":"Regency","CC_2":"6204","HASC_2":"ID.KT.BS"}},
  {"type":"Feature","geometry":{"type":"Polygon","coordinates":[[[115.13198853,-2.29195666],[115.2478714,-2.21185493],[115.29113007,-2.22389984],[115.32289124,-2.07213807],[115.37072754,-2.01579571],[115.41971588,-1.90006757],[115.31950378,-1.89225054],[115.30986023,-1.8009938],[115.35025024,-1.63681376],[115.24568176,-1.63031256],[115.13124847,-1.64859033],[115.03350067,-1.69190073],[114.97111511,-1.79640186],[114.96277618,-1.95096827],[114.91773224,-2.21767044],[115.00288391,-2.40013719],[115.13198853,-2.29195666]]]},"properties":{"GID_0":"IDN","NAME_0":"Indonesia","GID_1":"IDN.14_1","NAME_1":"Kalimantan Tengah","NL_NAME_1":"","GID_2":"IDN.14.2_1","NAME_2":"Barito Timur","VARNAME_2":"","NL_NAME_2":"","TYPE_2":"Kabupaten","ENGTYPE_2":"Regency","CC_2":"6212","HASC_2":"ID.KT.BT"}},
  {"type":"Feature","geometry":{"type":"Polygon","coordinates":[[[115.47570801,-1.41608453],[115.5567627,-1.39558446],[115.67040253,-1.33279967],[115.74925995,-1.31503952],[115.77049255,-1.23123062],[115.84696198,-1.1572597],[115.80315399,-1.11628926],[115.67527008,-1.05979276],[115.6593399,-1.00035548],[115.58512878,-0.94967532],[115.49765778,-0.84999466],[115.39253235,-0.82227516],[115.36705017,-0.74947202],[115.35384369,-0.5823068],[115.24571228,-0.44193766],[115.2271347,-0.30602092],[115.26482391,-0.15810053],[115.32001495,-0.09356685],[115.29689026,-0.0335702],[115.15496826,-0.10390871],[115.06708527,-0.16587514],[115.05209351,-0.36650553],[115.03058624,-0.40514433],[115.04283905,-0.51180321],[114.90765381,-0.70650905],[114.87386322,-0.73586005],[114.7233963,-0.75124162],[114.56938171,-0.85761875],[114.50163269,-0.91640413],[114.45696259,-1.03480637],[114.54060364,-1.1376766],[114.6785965,-1.13876092],[114.71070862,-1.16532576],[114.66780853,-1.31692636],[114.876091,-1.3581959],[114.98976898,-1.31964159],[115.16223907,-1.30665648],[115.23698425,-1.33302212],[115.41213226,-1.32932615],[115.47570801,-1.41608453]]]},"properties":{"GID_0":"IDN","NAME_0":"Indonesia","GID_1":"IDN.14_1","NAME_1":"Kalimantan Tengah","NL_NAME_1":"","GID_2":"IDN.14.3_1","NAME_2":"Barito Utara","VARNAME_2":"","NL_NAME_2":"","TYPE_2":"Kabupaten","ENGTYPE_2":"Regency","CC_2":"6205","HASC_2":"ID.KT.BU"}},
  {"type":"Feature","geometry":{"type":"Polygon","coordinates":[[[113.4920578,-1.6575011],[113.60016632,-1.65525591],[113.75774384,-1.62350762],[113.82718658,-1.63107455],[113.88754272,-1.61699605],[113.96932983,-1.54158151],[114.00826263,-1.47495973],[113.99732208,-1.22990704],[113.96898651,-1.1118381],[113.97280884,-1.04480624],[113.93440247,-1.00303209],[113.76311493,-0.93774372],[113.72280121,-0.88797671],[113.65037537,-0.73796427],[113.67098236,-0.67923361],[113.73721313,-0.60130662],[113.76100159,-0.48357922],[113.71353149,-0.41142467],[113.62367249,-0.39295298],[113.44206238,-0.30270913],[113.36466217,-0.3194572],[113.26694489,-0.41800284],[113.21993256,-0.50264055],[113.20595551,-0.56225115],[113.13092041,-0.69152194],[113.01793671,-0.84358495],[113.04936981,-0.92501628],[113.09149933,-0.9350639],[113.22905731,-1.07247174],[113.19830322,-1.18396342],[113.19916534,-1.28352869],[113.36116791,-1.52586401],[113.48291016,-1.60253382],[113.4920578,-1.6575011]]]},"properties":{"GID_0":"IDN","NAME_0":"Indonesia","GID_1":"IDN.14_1","NAME_1":"Kalimantan Tengah","NL_NAME_1":"","GID_2":"IDN.14.4_1","NAME_2":"Gunung Mas","VARNAME_2":"","NL_NAME_2":"","TYPE_2":"Kabupaten","ENGTYPE_2":"Regency","CC_2":"6211","HASC_2":"ID.KT.GM"}},
  {"type":"Feature","geometry":{"type":"Polygon","coordinates":[[[114.34889984,-3.46184993],[114.34688568,-3.35017538],[114.38352966,-3.26754093],[114.45023346,-3.21003437],[114.42943573,-3.17425084],[114.54584503,-3.06778073],[114.49620056,-3.0150094],[114.54619598,-2.94744873],[114.59888458,-2.81519508],[114.66146851,-2.80222464],[114.67116547,-2.75211048],[114.76038361,-2.72132349],[114.79203796,-2.62443852],[114.70139313,-2.56814718],[114.55412292,-2.54634833],[114.71567535,-2.14442301],[114.70572662,-2.03980231],[114.62085724,-1.94968629],[114.6373291,-1.78836048],[114.59932709,-1.67829823],[114.67456055,-1.52145195],[114.66780853,-1.31692636],[114.71070862,-1.16532576],[114.6785965,-1.13876092],[114.54060364,-1.1376766],[114.45696259,-1.03480637],[114.50163269,-0.91640413],[114.56938171,-0.85761875],[114.40594482,-0.83314466],[114.228302,-0.85916603],[114.13395691,-0.78266293],[114.0608902,-0.54092443],[113.99146271,-0.38101751],[113.92757416,-0.40545818],[113.92887878,-0.45835152],[113.82634735,-0.4525871],[113.76100159,-0.48357922],[113.73721313,-0.60130662],[113.67098236,-0.67923361],[113.65037537,-0.73796427],[113.72280121,-0.88797671],[113.76311493,-0.93774372],[113.93440247,-1.00303209],[113.97280884,-1.04480624],[113.96898651,-1.1118381],[113.99732208,-1.22990704],[114.00826263,-1.47495973],[113.96932983,-1.54158151],[113.99178314,-1.57937181],[113.97131348,-1.67256737],[113.98918152,-1.79720592],[114.03256226,-1.92427504],[114.11664581,-2.00016046],[114.13622284,-2.0701859],[114.13381195,-2.21877074],[114.25198364,-2.29394102],[114.27596283,-2.33159828],[114.31784058,-2.52357721],[114.3339386,-2.69270587],[114.2652359,-2.91123652],[114.22325134,-2.9531219],[114.28368378,-3.04330587],[114.22662354,-3.19412327],[114.20380402,-3.18750286],[114.13288879,-3.38028049],[114.25050354,-3.39609623],[114.34889984,-3.46184993]]]},"properties":{"GID_0":"IDN","NAME_0":"Indonesia","GID_1":"IDN.14_1","NAME_1":"Kalimantan Tengah","NL_NAME_1":"","GID_2":"IDN.14.5_1","NAME_2":"Kapuas","VARNAME_2":"","NL_NAME_2":"","TYPE_2":"Kabupaten","ENGTYPE_2":"Regency","CC_2":"6203","HASC_2":"ID.KT.KA"}},
  {"type":"Feature","geometry":{"type":"Polygon","coordinates":[[[113.15702057,-3.06387234],[113.28980255,-3.20972204],[113.36436462,-3.27122664],[113.44971466,-3.19060826],[113.59391022,-3.16608977],[113.62895966,-3.13294959],[113.64696503,-3.00197053],[113.6385498,-2.92903447],[113.57761383,-2.82045317],[113.58314514,-2.74147916],[113.76318359,-2.39883208],[113.75294495,-2.33323431],[113.70618439,-2.28493857],[113.69460297,-2.08677459],[113.6140213,-1.9504261],[113.48947906,-1.78617835],[113.4920578,-1.6575011],[113.48291016,-1.60253382],[113.36116791,-1.52586401],[113.19916534,-1.28352869],[113.19830322,-1.18396342],[113.22905731,-1.07247174],[113.09149933,-0.9350639],[113.04936981,-0.92501628],[113.01793671,-0.84358495],[113.13092041,-0.69152194],[113.20595551,-0.56225115],[113.21993256,-0.50264055],[113.14214325,-0.44305602],[113.06664276,-0.49773121],[112.98675537,-0.49022269],[112.85559082,-0.56572074],[112.75645447,-0.56614876],[112.73945618,-0.62334961],[112.54148865,-0.69720697],[112.45106506,-0.68580949],[112.28842926,-0.71215028],[112.22723389,-0.61998415],[112.14603424,-0.68229753],[112.15480804,-0.7288599],[112.18096924,-0.79621351],[112.09903717,-0.99010861],[112.12754059,-1.31312776],[112.28948975,-1.28587317],[112.39317322,-1.21455145],[112.52314758,-1.19450045],[112.59698486,-1.20705235],[112.7442627,-1.30272222],[112.84119415,-1.43245327],[112.86378479,-1.59345746],[112.98126221,-1.70524728],[113.02669525,-1.7684449],[113.20106506,-1.86275017],[113.19628906,-1.92633271],[113.27993774,-1.96681106],[113.28199768,-2.04554081],[113.23130035,-2.10272837],[113.23931885,-2.20319653],[113.17227173,-2.32187486],[113.21278381,-2.44947219],[113.20272827,-2.49940515],[113.09114075,-2.67333388],[113.09804535,-2.80027342],[113.16707611,-3.01823688],[113.15702057,-3.06387234]]]},"properties":{"GID_0":"IDN","NAME_0":"Indonesia","GID_1":"IDN.14_1","NAME_1":"Kalimantan Tengah","NL_NAME_1":"","GID_2":"IDN.14.6_1","NAME_2":"Katingan","VARNAME_2":"","NL_NAME_2":"","TYPE_2":"Kabupaten","ENGTYPE_2":"Regency","CC_2":"6209","HASC_2":"ID.KT.KG"}},
  {"type":"Feature","geometry":{"type":"Polygon","coordinates":[[[111.8187027,-3.53397012],[111.93293762,-3.31213903],[112.04679108,-3.00716066],[112.05269623,-2.8894074],[111.98938751,-2.80939984],[111.97059631,-2.73759246],[112.0149231,-2.52915287],[112.05931091,-2.40902209],[112.0246582,-2.30052447],[111.99061584,-2.28932691],[111.99181366,-2.1799264],[112.02070618,-2.09524131],[112.09050751,-2.00146914],[111.99081421,-1.89817679],[111.9533844,-1.80901325],[111.95466614,-1.73342192],[111.90553284,-1.71746707],[111.87812042,-1.62281156],[111.796875,-1.56283224],[111.82437134,-1.77629876],[111.81993103,-1.87360525],[111.79116058,-1.97156799],[111.69132233,-2.15784955],[111.62943268,-2.1932013],[111.60254669,-2.30568337],[111.43833923,-2.31325507],[111.38188171,-2.2808187],[111.28372192,-2.37269521],[111.2790451,-2.54232788],[111.30165863,-2.61756325],[111.40016174,-2.65302014],[111.38014221,-2.87702155],[111.36190033,-2.90856099],[111.45543671,-2.92529178],[111.54424286,-3.00746632],[111.6978302,-2.92568684],[111.71307373,-2.84941769],[111.81227112,-2.99652648],[111.8242569,-3.04999375],[111.7973938,-3.20082998],[111.81898499,-3.38532948],[111.772789,-3.50764132],[111.8187027,-3.53397012]]]},"properties":{"GID_0":"IDN","NAME_0":"Indonesia","GID_1":"IDN.14_1","NAME_1":"Kalimantan Tengah","NL_NAME_1":"","GID_2":"IDN.14.7_1","NAME_2":"Kotawaringin Barat","VARNAME_2":"","NL_NAME_2":"","TYPE_2":"Kabupaten","ENGTYPE_2":"Regency","CC_2":"6201","HASC_2":"ID.KT.KB"}},
  {"type":"Feature","geometry":{"type":"Polygon","coordinates":[[[112.87368774,-3.26488423],[112.92189789,-3.2387135],[112.9841156,-3.15472913],[112.94508362,-3.10333395],[113.01953888,-3.0171597],[113.15702057,-3.06387234],[113.16707611,-3.01823688],[113.09804535,-2.80027342],[113.09114075,-2.67333388],[113.20272827,-2.49940515],[113.21278381,-2.44947219],[113.17227173,-2.32187486],[113.23931885,-2.20319653],[113.23130035,-2.10272837],[113.28199768,-2.04554081],[113.27993774,-1.96681106],[113.19628906,-1.92633271],[113.20106506,-1.86275017],[113.02669525,-1.7684449],[112.98126221,-1.70524728],[112.86378479,-1.59345746],[112.84119415,-1.43245327],[112.7442627,-1.30272222],[112.59698486,-1.20705235],[112.52314758,-1.19450045],[112.39317322,-1.21455145],[112.28948975,-1.28587317],[112.12754059,-1.31312776],[112.1325531,-1.41189671],[112.07868958,-1.54384708],[112.08953094,-1.64394748],[112.25119019,-1.83123052],[112.28495026,-1.97456801],[112.28394318,-2.09534168],[112.40818787,-2.26735473],[112.43475342,-2.39085388],[112.45915985,-2.4046576],[112.48069763,-2.58109021],[112.60747528,-2.68299723],[112.87062836,-2.83059883],[112.81008911,-3.04284835],[112.87368774,-3.26488423]]]},"properties":{"GID_0":"IDN","NAME_0":"Indonesia","GID_1":"IDN.14_1","NAME_1":"Kalimantan Tengah","NL_NAME_1":"","GID_2":"IDN.14.8_1","NAME_2":"Kotawaringin Timur","VARNAME_2":"","NL_NAME_2":"","TYPE_2":"Kabupaten","ENGTYPE_2":"Regency","CC_2":"6202","HASC_2":"ID.KT.KT"}},
  {"type":"Feature","geometry":{"type":"Polygon","coordinates":[[[111.38188171,-2.2808187],[111.43833923,-2.31325507],[111.60254669,-2.30568337],[111.62943268,-2.1932013],[111.69132233,-2.15784955],[111.79116058,-1.97156799],[111.81993103,-1.87360525],[111.82437134,-1.77629876],[111.796875,-1.56283224],[111.735672,-1.50103438],[111.60677338,-1.41390777],[111.51821136,-1.41979957],[111.44697571,-1.39292955],[111.36891937,-1.29488337],[111.35887146,-1.3191489],[111.2596283,-1.41625881],[111.13837433,-1.45103526],[111.12322998,-1.54430008],[111.07539368,-1.55953312],[110.97925568,-1.53923547],[110.95218658,-1.57906687],[110.85890198,-1.63049698],[110.90060425,-1.71309197],[110.97449493,-1.66912055],[111.01615143,-1.74427998],[110.98296356,-1.82359934],[110.98458862,-1.95577955],[111.08951569,-2.01419139],[111.06620026,-2.11795592],[111.15657806,-2.05595279],[111.29256439,-2.14881086],[111.35536194,-2.15242863],[111.38614655,-2.19795179],[111.38188171,-2.2808187]]]},"properties":{"GID_0":"IDN","NAME_0":"Indonesia","GID_1":"IDN.14_1","NAME_1":"Kalimantan Tengah","NL_NAME_1":"","GID_2":"IDN.14.9_1","NAME_2":"Lamandau","VARNAME_2":"","NL_NAME_2":"","TYPE_2":"Kabupaten","ENGTYPE_2":"Regency","CC_2":"6207","HASC_2":"ID.KT.LA"}},
  {"type":"Feature","geometry":{"type":"Polygon","coordinates":[[[114.56938171,-0.85761875],[114.7233963,-0.75124162],[114.87386322,-0.73586005],[114.90765381,-0.70650905],[115.04283905,-0.51180321],[115.03058624,-0.40514433],[115.05209351,-0.36650553],[115.06708527,-0.16587514],[114.94773865,-0.19044012],[114.89751434,-0.03535503],[114.89482117,0.03863727],[114.79125977,0.09346341],[114.82641602,0.19642322],[114.89001465,0.29995826],[114.94358063,0.33075574],[115.03990936,0.30326968],[115.12467194,0.36941886],[115.13527679,0.42981982],[115.09234619,0.47220317],[115.01112366,0.61106569],[114.99137115,0.71688229],[114.91077423,0.78417599],[114.76502228,0.74241734],[114.65184021,0.68516254],[114.58872223,0.62611735],[114.54152679,0.63152611],[114.51840973,0.56471926],[114.35218048,0.5310877],[114.21014404,0.5326708],[114.14870453,0.58461058],[114.17146301,0.62844437],[114.10447693,0.69832742],[113.96170044,0.6569674],[113.84304047,0.66199541],[113.73544312,0.53007931],[113.67294312,0.50230509],[113.66305542,0.44537506],[113.45204163,0.27141628],[113.35204315,0.27844468],[113.27297211,0.24043688],[113.32535553,0.18018106],[113.41374207,0.13046937],[113.41054535,0.05250245],[113.43994141,-0.07093856],[113.42114258,-0.13897245],[113.3523407,-0.22131777],[113.29203796,-0.23756871],[113.22174072,-0.34704101],[113.26694489,-0.41800284],[113.36466217,-0.3194572],[113.44206238,-0.30270913],[113.62367249,-0.39295298],[113.71353149,-0.41142467],[113.76100159,-0.48357922],[113.82634735,-0.4525871],[113.92887878,-0.45835152],[113.92757416,-0.40545818],[113.99146271,-0.38101751],[114.0608902,-0.54092443],[114.13395691,-0.78266293],[114.228302,-0.85916603],[114.40594482,-0.83314466],[114.56938171,-0.85761875]]]},"properties":{"GID_0":"IDN","NAME_0":"Indonesia","GID_1":"IDN.14_1","NAME_1":"Kalimantan Tengah","NL_NAME_1":"","GID_2":"IDN.14.10_1","NAME_2":"Murung Raya","VARNAME_2":"","NL_NAME_2":"","TYPE_2":"Kabupaten","ENGTYPE_2":"Regency","CC_2":"6213","HASC_2":"ID.KT.MR"}},
  {"type":"Feature","geometry":{"type":"Polygon","coordinates":[[[113.76318359,-2.39883208],[114.02706146,-2.39672732],[114.030159,-2.29222345],[114.10677338,-2.19811726],[113.93779755,-2.16367698],[113.83103943,-2.00425959],[113.80475616,-1.74081457],[113.82718658,-1.63107455],[113.75774384,-1.62350762],[113.60016632,-1.65525591],[113.4920578,-1.6575011],[113.48947906,-1.78617835],[113.6140213,-1.9504261],[113.69460297,-2.08677459],[113.70618439,-2.28493857],[113.75294495,-2.33323431],[113.76318359,-2.39883208]]]},"properties":{"GID_0":"IDN","NAME_0":"Indonesia","GID_1":"IDN.14_1","NAME_1":"Kalimantan Tengah","NL_NAME_1":"","GID_2":"IDN.14.11_1","NAME_2":"Palangka Raya","VARNAME_2":"","NL_NAME_2":"","TYPE_2":"Kota","ENGTYPE_2":"City","CC_2":"6271","HASC_2":"ID.KT.PR"}},
  {"type":"Feature","geometry":{"type":"Polygon","coordinates":[[[114.13288879,-3.38028049],[114.20380402,-3.18750286],[114.22662354,-3.19412327],[114.28368378,-3.04330587],[114.22325134,-2.9531219],[114.2652359,-2.91123652],[114.3339386,-2.69270587],[114.31784058,-2.52357721],[114.27596283,-2.33159828],[114.25198364,-2.29394102],[114.13381195,-2.21877074],[114.13622284,-2.0701859],[114.11664581,-2.00016046],[114.03256226,-1.92427504],[113.98918152,-1.79720592],[113.97131348,-1.67256737],[113.99178314,-1.57937181],[113.96932983,-1.54158151],[113.88754272,-1.61699605],[113.82718658,-1.63107455],[113.80475616,-1.74081457],[113.83103943,-2.00425959],[113.93779755,-2.16367698],[114.10677338,-2.19811726],[114.030159,-2.29222345],[114.02706146,-2.39672732],[113.76318359,-2.39883208],[113.58314514,-2.74147916],[113.57761383,-2.82045317],[113.6385498,-2.92903447],[113.64696503,-3.00197053],[113.62895966,-3.13294959],[113.59391022,-3.16608977],[113.63254547,-3.29820251],[113.58581543,-3.44644618],[113.68543243,-3.4692874],[113.79016876,-3.45988917],[113.94974518,-3.37130046],[114.07778931,-3.34586525],[114.13288879,-3.38028049]]]},"properties":{"GID_0":"IDN","NAME_0":"Indonesia","GID_1":"IDN.14_1","NAME_1":"Kalimantan Tengah","NL_NAME_1":"","GID_2":"IDN.14.12_1","NAME_2":"Pulang Pisau","VARNAME_2":"","NL_NAME_2":"","TYPE_2":"Kabupaten","ENGTYPE_2":"Regency","CC_2":"6210","HASC_2":"ID.KT.PP"}},
  {"type":"Feature","geometry":{"type":"Polygon","coordinates":[[[111.8187027,-3.53397012],[111.89741516,-3.54206252],[112.02962494,-3.43851757],[112.17518616,-3.3462882],[112.25934601,-3.31281281],[112.33740234,-3.31594133],[112.42829132,-3.35770726],[112.53512573,-3.44186473],[112.63633728,-3.40760732],[112.68013763,-3.36505938],[112.87368774,-3.26488423],[112.81008911,-3.04284835],[112.87062836,-2.83059883],[112.60747528,-2.68299723],[112.48069763,-2.58109021],[112.45915985,-2.4046576],[112.43475342,-2.39085388],[112.40818787,-2.26735473],[112.28394318,-2.09534168],[112.28495026,-1.97456801],[112.25119019,-1.83123052],[112.08953094,-1.64394748],[112.07868958,-1.54384708],[112.1325531,-1.41189671],[112.12754059,-1.31312776],[112.09903717,-0.99010861],[112.18096924,-0.79621351],[112.15480804,-0.7288599],[112.05083466,-0.70019978],[112.03233337,-0.79284275],[111.90293884,-0.83677578],[111.85543823,-0.90263766],[111.72853851,-0.92420077],[111.62723541,-0.98309362],[111.62353516,-1.0408746],[111.57004547,-1.07537758],[111.5593338,-1.20968115],[111.40653992,-1.24157035],[111.36891937,-1.29488337],[111.44697571,-1.39292955],[111.51821136,-1.41979957],[111.60677338,-1.41390777],[111.735672,-1.50103438],[111.796875,-1.56283224],[111.87812042,-1.62281156],[111.90553284,-1.71746707],[111.95466614,-1.73342192],[111.9533844,-1.80901325],[111.99081421,-1.89817679],[112.09050751,-2.00146914],[112.02070618,-2.09524131],[111.99181366,-2.1799264],[111.99061584,-2.28932691],[112.0246582,-2.30052447],[112.05931091,-2.40902209],[112.0149231,-2.52915287],[111.97059631,-2.73759246],[111.98938751,-2.80939984],[112.05269623,-2.8894074],[112.04679108,-3.00716066],[111.93293762,-3.31213903],[111.8187027,-3.53397012]]]},"properties":{"GID_0":"IDN","NAME_0":"Indonesia","GID_1":"IDN.14_1","NAME_1":"Kalimantan Tengah","NL_NAME_1":"","GID_2":"IDN.14.13_1","NAME_2":"Seruyan","VARNAME_2":"","NL_NAME_2":"","TYPE_2":"Kabupaten","ENGTYPE_2":"Regency","CC_2":"6208","HASC_2":"ID.KT.SE"}},
  {"type":"Feature","geometry":{"type":"Polygon","coordinates":[[[110.73222351,-2.98729944],[110.83065033,-2.98617697],[110.95905304,-3.06536293],[111.03882599,-3.05457163],[111.36190033,-2.90856099],[111.38014221,-2.87702155],[111.40016174,-2.65302014],[111.30165863,-2.61756325],[111.2790451,-2.54232788],[111.28372192,-2.37269521],[111.38188171,-2.2808187],[111.38614655,-2.19795179],[111.35536194,-2.15242863],[111.29256439,-2.14881086],[111.15657806,-2.05595279],[111.06620026,-2.11795592],[111.07878113,-2.16119599],[111.03259277,-2.2470305],[111.07019043,-2.30083823],[111.13629913,-2.61128378],[111.16477966,-2.67220998],[111.14681244,-2.74103379],[111.01078796,-2.79538798],[110.96660614,-2.85793591],[110.79946136,-2.9071312],[110.73222351,-2.98729944]]]},"properties":{"GID_0":"IDN","NAME_0":"Indonesia","GID_1":"IDN.14_1","NAME_1":"Kalimantan Tengah","NL_NAME_1":"","GID_2":"IDN.14.14_1","NAME_2":"Sukamara","VARNAME_2":"","NL_NAME_2":"","TYPE_2":"Kabupaten","ENGTYPE_2":"Regency","CC_2":"6206","HASC_2":"ID.KT.SU"}},
  {"type":"Feature","geometry":{"type":"Polygon","coordinates":[[[116.7919693,-1.2357769],[116.81088257,-1.28282416],[116.88339233,-1.27702665],[117.0072937,-1.1949333],[117.02193451,-1.14033306],[116.90353394,-1.06495225],[116.83709717,-1.0459621],[116.78192139,-1.03961182],[116.71616364,-1.1097995],[116.75691223,-1.13851988],[116.7919693,-1.2357769]]]},"properties":{"GID_0":"IDN","NAME_0":"Indonesia","GID_1":"IDN.15_1","NAME_1":"Kalimantan Timur","NL_NAME_1":"","GID_2":"IDN.15.1_1","NAME_2":"Balikpapan","VARNAME_2":"","NL_NAME_2":"","TYPE_2":"Kota","ENGTYPE_2":"City","CC_2":"6471","HASC_2":"ID.KM.BA"}},
  {"type":"Feature","geometry":{"type":"MultiPolygon","coordinates":[[[[118.98471832,1.0300523],[118.87341309,1.06776702],[118.77706909,1.13362074],[118.76755524,1.19511867],[118.56052399,1.36352468],[118.4342804,1.37999213],[118.4109726,1.48201001],[118.24634552,1.56157064],[118.13699341,1.63271213],[118.05285645,1.72956538],[118.04808044,1.78335381],[117.92916107,1.80483902],[117.83313751,1.91000342],[117.82415771,2.00986958],[117.70129395,2.03601742],[117.74134064,2.19183302],[118.01888275,2.19602013],[118.09770203,2.28510737],[118.0852356,2.32424808],[117.98799133,2.43411922],[117.8637619,2.39289403],[117.81159973,2.32637739],[117.72123718,2.34625983],[117.70864868,2.39157081],[117.60876465,2.52270198],[117.49860382,2.52295065],[117.4008255,2.6065557],[117.30316925,2.60463071],[117.24347687,2.576648],[117.09393311,2.59797692],[117.02367401,2.5212009],[116.9418335,2.50743914],[116.84578705,2.46057653],[116.78552246,2.38698745],[116.73975372,2.52721238],[116.60705566,2.41769767],[116.55071259,2.45509243],[116.49112701,2.44453144],[116.50579834,2.34790039],[116.46131134,2.27947927],[116.4201355,2.3016324],[116.3345108,2.28931642],[116.28957367,2.23518753],[116.35018921,2.16622257],[116.25849152,2.10840631],[116.22981262,2.01336813],[116.19535065,1.98581934],[116.18445587,1.84062529],[116.30893707,1.83158505],[116.39861298,1.72077656],[116.47668457,1.72444201],[116.60314941,1.6114397],[116.75650787,1.62183511],[116.79703522,1.58002675],[116.92385864,1.57966018],[116.98912048,1.53355384],[116.96307373,1.41765118],[116.99020386,1.35314083],[117.12857056,1.34443963],[117.16300964,1.30548108],[117.31884766,1.38756013],[117.34345245,1.47614348],[117.33547974,1.54887116],[117.39559174,1.60751688],[117.5033493,1.51111794],[117.57446289,1.62547719],[117.64703369,1.59835351],[117.71376801,1.60811043],[117.84133911,1.56881046],[117.90530396,1.5097723],[117.89444733,1.38329554],[117.854599,1.34503937],[117.95943451,1.28011191],[118.03325653,1.1882478],[118.12512207,1.16528177],[118.20687103,1.20157897],[118.35723877,1.19234896],[118.38020325,1.27437043],[118.46058655,1.27765131],[118.53310394,1.21380174],[118.59011078,1.21148336],[118.58462524,1.1131959],[118.63291168,1.09066129],[118.76898956,1.10376596],[118.80563354,1.00385714],[118.98471832,1.0300523]]],[[[117.78160095,2.18220544],[117.7236557,2.1505177],[117.73390961,2.08602953],[117.80236816,2.12071562],[117.78160095,2.18220544]]]]},"properties":{"GID_0":"IDN","NAME_0":"Indonesia","GID_1":"IDN.15_1","NAME_1":"Kalimantan Timur","NL_NAME_1":"","GID_2":"IDN.15.2_1","NAME_2":"Berau","VARNAME_2":"","NL_NAME_2":"","TYPE_2":"Kabupaten","ENGTYPE_2":"Regency","CC_2":"6403","HASC_2":"ID.KM.BE"}},
  {"type":"Feature","geometry":{"type":"Polygon","coordinates":[[[117.38920593,0.02250484],[117.50635529,0.01757008],[117.47159576,0.0669805],[117.50505066,0.20694838],[117.46820068,0.19934142],[117.38920593,0.02250484]]]},"properties":{"GID_0":"IDN","NAME_0":"Indonesia","GID_1":"IDN.15_1","NAME_1":"Kalimantan Timur","NL_NAME_1":"","GID_2":"IDN.15.3_1","NAME_2":"Bontang","VARNAME_2":"","NL_NAME_2":"","TYPE_2":"Kota","ENGTYPE_2":"City","CC_2":"6474","HASC_2":"ID.KM.BO"}},
  {"type":"Feature","geometry":{"type":"MultiPolygon","coordinates":[[[[117.87388611,3.47134805],[117.80054474,3.58750343],[117.75926971,3.5144186],[117.84520721,3.45175529],[117.87388611,3.47134805]]],[[[117.5055542,3.32074881],[117.44713593,3.34045386],[117.39608002,3.27627063],[117.5165329,3.27568173],[117.5055542,3.32074881]]],[[[116.25849152,2.10840631],[116.35018921,2.16622257],[116.28957367,2.23518753],[116.3345108,2.28931642],[116.4201355,2.3016324],[116.46131134,2.27947927],[116.50579834,2.34790039],[116.49112701,2.44453144],[116.55071259,2.45509243],[116.60705566,2.41769767],[116.73975372,2.52721238],[116.78552246,2.38698745],[116.84578705,2.46057653],[116.9418335,2.50743914],[117.02367401,2.5212009],[117.09393311,2.59797692],[117.24347687,2.576648],[117.30316925,2.60463071],[117.4008255,2.6065557],[117.49860382,2.52295065],[117.60876465,2.52270198],[117.70864868,2.39157081],[117.72123718,2.34625983],[117.81159973,2.32637739],[117.8637619,2.39289403],[117.98799133,2.43411922],[117.96628571,2.44404793],[117.79374695,2.63591528],[117.78482056,2.74339962],[117.61522675,2.79519153],[117.58072662,2.83882284],[117.4103775,2.85358834],[117.35378265,2.84464169],[117.32351685,2.89675212],[117.38526154,3.01388955],[117.34501648,3.07395625],[117.42427826,3.11263895],[117.42608643,3.17269993],[117.31863403,3.17344427],[117.39632416,3.25777888],[117.37518311,3.35457397],[117.33116913,3.37955165],[117.27548981,3.38119912],[117.23092651,3.33219194],[117.12593842,3.34572554],[117.07839966,3.40078187],[116.9310379,3.39790058],[116.75331116,3.37666965],[116.80615997,3.28037691],[116.80527496,3.19963956],[116.72446442,3.1045773],[116.74219513,3.03556681],[116.6791153,3.01786494],[116.58116913,2.89002085],[116.33276367,2.69922209],[116.32347107,2.59700847],[116.26647186,2.47932673],[116.18228912,2.40846109],[116.10571289,2.38379836],[116.02893829,2.2533648],[116.01738739,2.1924932],[116.05214691,2.15063763],[116.13002777,2.16763353],[116.25849152,2.10840631]]],[[[117.52139282,3.06808567],[117.44506836,3.05346441],[117.37886047,3.00427508],[117.45103455,2.96566296],[117.52139282,3.06808567]]]]},"properties":{"GID_0":"IDN","NAME_0":"Indonesia","GID_1":"IDN.15_1","NAME_1":"Kalimantan Utara","NL_NAME_1":"","GID_2":"IDN.15.4_1","NAME_2":"Bulungan","VARNAME_2":"","NL_NAME_2":"","TYPE_2":"Kabupaten","ENGTYPE_2":"Regency","CC_2":"6407","HASC_2":"ID.KU.BL"}},
  {"type":"Feature","geometry":{"type":"Polygon","coordinates":[[[115.80315399,-1.11628926],[115.97806549,-1.09926999],[116.06669617,-1.10983479],[116.13903046,-1.15324843],[116.21912384,-1.1178515],[116.25406647,-1.05236721],[116.31204987,-1.04837728],[116.37619019,-0.98511314],[116.43860626,-0.97083366],[116.51600647,-0.8421064],[116.5218811,-0.77498758],[116.44445801,-0.72679198],[116.35028839,-0.57162899],[116.33273315,-0.48855799],[116.27583313,-0.42516142],[116.32000732,-0.299761],[116.25484467,-0.28985101],[116.07173157,-0.16537978],[115.98247528,-0.06538467],[115.9730072,-0.028265],[116.0283432,0.059425],[115.92327118,0.13829941],[115.91651917,0.20578367],[115.82051849,0.19547854],[115.76087952,0.31848401],[115.78179932,0.425863],[115.66995239,0.53599298],[115.65333557,0.603939],[115.60009003,0.626037],[115.46609497,0.771424],[115.46542358,0.83440101],[115.51662445,0.93569082],[115.51743317,1.12138379],[115.47592163,1.21380281],[115.50434113,1.25707686],[115.43637085,1.228549],[115.41815186,1.1439774],[115.37147522,1.07197654],[115.25240326,1.0466249],[115.18553162,1.06765318],[115.17353821,1.11603487],[115.00679779,1.12734222],[114.99028015,1.18288958],[114.88508606,1.212237],[114.84828186,1.1680212],[114.75775909,1.25481427],[114.69986725,1.35395145],[114.60701752,1.36865854],[114.56666565,1.42788112],[114.41082764,1.51201248],[114.20114136,1.41276097],[114.1540451,1.38788092],[114.1615448,1.26835954],[114.11994171,1.15868819],[114.04473877,1.13240707],[113.98524475,1.14433813],[113.93764496,1.06267893],[113.87963867,0.88924819],[113.92694092,0.84585106],[113.84304047,0.66199541],[113.96170044,0.6569674],[114.10447693,0.69832742],[114.17146301,0.62844437],[114.14870453,0.58461058],[114.21014404,0.5326708],[114.35218048,0.5310877],[114.51840973,0.56471926],[114.54152679,0.63152611],[114.58872223,0.62611735],[114.65184021,0.68516254],[114.76502228,0.74241734],[114.91077423,0.78417599],[114.99137115,0.71688229],[115.01112366,0.61106569],[115.09234619,0.47220317],[115.13527679,0.42981982],[115.12467194,0.36941886],[115.03990936,0.30326968],[114.94358063,0.33075574],[114.89001465,0.29995826],[114.82641602,0.19642322],[114.79125977,0.09346341],[114.89482117,0.03863727],[114.89751434,-0.03535503],[114.94773865,-0.19044012],[115.06708527,-0.16587514],[115.15496826,-0.10390871],[115.29689026,-0.0335702],[115.32001495,-0.09356685],[115.26482391,-0.15810053],[115.2271347,-0.30602092],[115.24571228,-0.44193766],[115.35384369,-0.5823068],[115.36705017,-0.74947202],[115.39253235,-0.82227516],[115.49765778,-0.84999466],[115.58512878,-0.94967532],[115.6593399,-1.00035548],[115.67527008,-1.05979276],[115.80315399,-1.11628926]]]},"properties":{"GID_0":"IDN","NAME_0":"Indonesia","GID_1":"IDN.15_1","NAME_1":"Kalimantan Timur","NL_NAME_1":"","GID_2":"IDN.15.5_1","NAME_2":"Kutai Barat","VARNAME_2":"","NL_NAME_2":"","TYPE_2":"Kabupaten","ENGTYPE_2":"Regency","CC_2":"6402","HASC_2":"ID.KM.KB"}},
  {"type":"Feature","geometry":{"type":"MultiPolygon","coordinates":[[[[117.32458496,-0.89335299],[117.39021301,-0.86708301],[117.32893372,-0.76654798],[117.2909317,-0.78289902],[117.32458496,-0.89335299]]],[[[117.50635529,0.01757008],[117.38920593,0.02250484],[117.37017059,0.02195897],[117.46726227,-0.052572],[117.50635529,0.01757008]]],[[[117.02193451,-1.14033306],[117.05158997,-1.11846304],[117.17713165,-0.94490498],[117.24897003,-0.90630502],[117.26850891,-0.76708752],[117.22459412,-0.73815578],[117.30397797,-0.66864997],[117.28556061,-0.59767443],[117.16101837,-0.70448309],[117.14209747,-0.61938298],[117.06671143,-0.57137704],[117.04712677,-0.51646602],[117.06872559,-0.433981],[117.12304688,-0.40943572],[117.14366913,-0.35178599],[117.20123291,-0.31230199],[117.27933502,-0.35921001],[117.26734924,-0.54347396],[117.23918152,-0.56666642],[117.33116913,-0.579],[117.41095734,-0.53979403],[117.44882202,-0.443775],[117.42808533,-0.39876699],[117.45172882,-0.30325201],[117.41506195,-0.22949401],[117.48106384,-0.070149],[117.36982727,0.022165],[117.28635406,0.03222344],[117.15283966,0.12199756],[117.18037415,0.3232086],[117.04080963,0.50116581],[116.99217224,0.61368352],[116.950737,0.59664947],[116.92990875,0.48365301],[116.9441452,0.37524599],[116.85956573,0.236922],[116.73919678,0.094606],[116.71922302,0.016355],[116.47485352,0.027249],[116.49302673,0.26880601],[116.45317078,0.35417801],[116.38866425,0.37230101],[116.28451538,0.448796],[116.2738266,0.557531],[116.29978943,0.58702099],[116.22497559,0.70889801],[116.14680481,0.72122598],[116.06572723,0.80055898],[116.00637054,0.828641],[116.03907776,0.88677317],[116.065979,1.09310997],[116.13198853,1.11110997],[116.14763641,1.21730101],[116.12776184,1.27782583],[116.15833282,1.38653374],[116.14112091,1.47751117],[116.00983429,1.52817118],[115.85131073,1.43179166],[115.83574677,1.37582242],[115.77230072,1.35924125],[115.71264648,1.26574337],[115.64613342,1.28408861],[115.50434113,1.25707686],[115.47592163,1.21380281],[115.51743317,1.12138379],[115.51662445,0.93569082],[115.46542358,0.83440101],[115.46609497,0.771424],[115.60009003,0.626037],[115.65333557,0.603939],[115.66995239,0.53599298],[115.78179932,0.425863],[115.76087952,0.31848401],[115.82051849,0.19547854],[115.91651917,0.20578367],[115.92327118,0.13829941],[116.0283432,0.059425],[115.9730072,-0.028265],[115.98247528,-0.06538467],[116.07173157,-0.16537978],[116.25484467,-0.28985101],[116.32000732,-0.299761],[116.27583313,-0.42516142],[116.33273315,-0.48855799],[116.35028839,-0.57162899],[116.44445801,-0.72679198],[116.5218811,-0.77498758],[116.51600647,-0.8421064],[116.63012695,-0.88238525],[116.66729736,-0.81152344],[116.85968018,-0.81829834],[116.95504761,-0.92573798],[116.83709717,-1.0459621],[116.90353394,-1.06495225],[117.02193451,-1.14033306]]]]},"properties":{"GID_0":"IDN","NAME_0":"Indonesia","GID_1":"IDN.15_1","NAME_1":"Kalimantan Timur","NL_NAME_1":"","GID_2":"IDN.15.6_1","NAME_2":"Kutai Kartanegara","VARNAME_2":"","NL_NAME_2":"","TYPE_2":"Kabupaten","ENGTYPE_2":"Regency","CC_2":"6403","HASC_2":"ID.KM.KU"}},
  {"type":"Feature","geometry":{"type":"Polygon","coordinates":[[[117.50505066,0.20694838],[117.56710052,0.39302835],[117.61309814,0.43428397],[117.67533112,0.6188944],[117.75109863,0.75631756],[117.91616821,0.83546621],[117.97576141,0.77245694],[118.02445984,0.77821779],[118.01313019,0.95361781],[118.06378937,0.90297616],[118.30944061,0.85103852],[118.34121704,0.81485319],[118.42357635,0.83609635],[118.5867691,0.81044257],[118.67030334,0.85958976],[118.7631073,0.80585188],[118.9640274,0.94310051],[118.98471832,1.0300523],[118.80563354,1.00385714],[118.76898956,1.10376596],[118.63291168,1.09066129],[118.58462524,1.1131959],[118.59011078,1.21148336],[118.53310394,1.21380174],[118.46058655,1.27765131],[118.38020325,1.27437043],[118.35723877,1.19234896],[118.20687103,1.20157897],[118.12512207,1.16528177],[118.03325653,1.1882478],[117.95943451,1.28011191],[117.854599,1.34503937],[117.89444733,1.38329554],[117.90530396,1.5097723],[117.84133911,1.56881046],[117.71376801,1.60811043],[117.64703369,1.59835351],[117.57446289,1.62547719],[117.5033493,1.51111794],[117.39559174,1.60751688],[117.33547974,1.54887116],[117.34345245,1.47614348],[117.31884766,1.38756013],[117.16300964,1.30548108],[117.12857056,1.34443963],[116.99020386,1.35314083],[116.96307373,1.41765118],[116.98912048,1.53355384],[116.92385864,1.57966018],[116.79703522,1.58002675],[116.75650787,1.62183511],[116.60314941,1.6114397],[116.47668457,1.72444201],[116.39861298,1.72077656],[116.30893707,1.83158505],[116.18445587,1.84062529],[116.12821198,1.66253936],[116.070961,1.65315878],[116.00983429,1.52817118],[116.14112091,1.47751117],[116.15833282,1.38653374],[116.12776184,1.27782583],[116.14763641,1.21730101],[116.13198853,1.11110997],[116.065979,1.09310997],[116.03907776,0.88677317],[116.00637054,0.828641],[116.06572723,0.80055898],[116.14680481,0.72122598],[116.22497559,0.70889801],[116.29978943,0.58702099],[116.2738266,0.557531],[116.28451538,0.448796],[116.38866425,0.37230101],[116.45317078,0.35417801],[116.49302673,0.26880601],[116.47485352,0.027249],[116.71922302,0.016355],[116.73919678,0.094606],[116.85956573,0.236922],[116.9441452,0.37524599],[116.92990875,0.48365301],[116.950737,0.59664947],[116.99217224,0.61368352],[117.04080963,0.50116581],[117.18037415,0.3232086],[117.15283966,0.12199756],[117.28635406,0.03222344],[117.36982727,0.022165],[117.37017059,0.02195897],[117.38920593,0.02250484],[117.46820068,0.19934142],[117.50505066,0.20694838]]]},"properties":{"GID_0":"IDN","NAME_0":"Indonesia","GID_1":"IDN.15_1","NAME_1":"Kalimantan Timur","NL_NAME_1":"","GID_2":"IDN.15.7_1","NAME_2":"Kutai Timur","VARNAME_2":"","NL_NAME_2":"","TYPE_2":"Kabupaten","ENGTYPE_2":"Regency","CC_2":"6408","HASC_2":"ID.KM.KT"}},
  {"type":"Feature","geometry":{"type":"Polygon","coordinates":[[[115.50434113,1.25707686],[115.64613342,1.28408861],[115.71264648,1.26574337],[115.77230072,1.35924125],[115.83574677,1.37582242],[115.85131073,1.43179166],[116.00983429,1.52817118],[116.070961,1.65315878],[116.12821198,1.66253936],[116.18445587,1.84062529],[116.19535065,1.98581934],[116.22981262,2.01336813],[116.25849152,2.10840631],[116.13002777,2.16763353],[116.05214691,2.15063763],[116.01738739,2.1924932],[116.02893829,2.2533648],[116.10571289,2.38379836],[116.18228912,2.40846109],[116.26647186,2.47932673],[116.32347107,2.59700847],[116.33276367,2.69922209],[116.58116913,2.89002085],[116.6791153,3.01786494],[116.74219513,3.03556681],[116.72446442,3.1045773],[116.80527496,3.19963956],[116.80615997,3.28037691],[116.75331116,3.37666965],[116.70332336,3.42998791],[116.76140594,3.58787775],[116.76386261,3.59615469],[116.7612381,3.64186478],[116.71642303,3.69960737],[116.57987213,3.69290352],[116.51202393,3.74821949],[116.4208374,3.86743093],[116.35481262,4.03378773],[116.31900024,4.06285429],[116.23701477,4.04681444],[116.12598419,4.12087727],[116.0315094,4.07996321],[115.96038818,4.10783434],[115.95136261,3.96022439],[115.90913391,3.840765],[115.94883728,3.777246],[115.91202545,3.68990707],[115.97768402,3.5526402],[115.88381958,3.46961045],[115.65688324,3.43965435],[115.58733368,3.44925523],[115.54332733,3.3591609],[115.52139282,3.18925595],[115.521698,3.06508994],[115.39361572,2.97964501],[115.27929688,3.00551105],[115.17511749,2.93121147],[115.15457153,2.79317904],[115.1075058,2.72290111],[115.11431122,2.58949089],[115.17720795,2.61064434],[115.24214935,2.49855089],[115.14446259,2.47592664],[115.02646637,2.3662703],[114.95359802,2.34891558],[114.91716003,2.25529766],[114.79842377,2.24974561],[114.78385162,2.20010257],[114.80784607,2.02410626],[114.87689972,2.03267527],[114.85414886,1.94788098],[114.79181671,1.84652066],[114.7448349,1.86845887],[114.7151413,1.78412104],[114.70812988,1.63761246],[114.61153412,1.57501245],[114.61642456,1.51592767],[114.56666565,1.42788112],[114.60701752,1.36865854],[114.69986725,1.35395145],[114.75775909,1.25481427],[114.84828186,1.1680212],[114.88508606,1.212237],[114.99028015,1.18288958],[115.00679779,1.12734222],[115.17353821,1.11603487],[115.18553162,1.06765318],[115.25240326,1.0466249],[115.37147522,1.07197654],[115.41815186,1.1439774],[115.43637085,1.228549],[115.50434113,1.25707686]]]},"properties":{"GID_0":"IDN","NAME_0":"Indonesia","GID_1":"IDN.15_1","NAME_1":"Kalimantan Utara","NL_NAME_1":"","GID_2":"IDN.15.8_1","NAME_2":"Malinau","VARNAME_2":"","NL_NAME_2":"","TYPE_2":"Kabupaten","ENGTYPE_2":"Regency","CC_2":"6502","HASC_2":"ID.KU.MA"}},
  {"type":"Feature","geometry":{"type":"MultiPolygon","coordinates":[[[[117.74835968,4.04968929],[117.66925049,4.14393759],[117.5900116,4.0793829],[117.60211945,4.01175213],[117.66851807,3.96646929],[117.72395325,3.98975253],[117.74835968,4.04968929]]],[[[115.65688324,3.43965435],[115.88381958,3.46961045],[115.97768402,3.5526402],[115.91202545,3.68990707],[115.94883728,3.777246],[115.90913391,3.840765],[115.95136261,3.96022439],[115.96038818,4.10783434],[116.0315094,4.07996321],[116.12598419,4.12087727],[116.23701477,4.04681444],[116.31900024,4.06285429],[116.35481262,4.03378773],[116.4208374,3.86743093],[116.51202393,3.74821949],[116.57987213,3.69290352],[116.71642303,3.69960737],[116.7612381,3.64186478],[116.82626343,3.68521404],[116.95614624,3.71486068],[117.19642639,3.66922593],[117.29685974,3.63646388],[117.48963165,3.67023015],[117.49313354,3.77457929],[117.67971802,3.79383922],[117.73442078,3.83549714],[117.67422485,3.87753987],[117.58255005,3.88490844],[117.559021,3.91482306],[117.45776367,3.929106],[117.43928528,4.00385284],[117.46672821,4.08347178],[117.54991913,4.14431047],[117.44342041,4.19089031],[117.372612,4.28443766],[117.30628204,4.3102684],[117.24378204,4.37108898],[117.20778656,4.338521],[116.96489716,4.33721018],[116.90046692,4.3612299],[116.8290863,4.32639122],[116.7645874,4.37004995],[116.70648956,4.33396673],[116.62120056,4.33195019],[116.5642395,4.39148808],[116.51066589,4.32077122],[116.43171692,4.32087088],[116.35501099,4.38426113],[116.26205444,4.36144352],[116.1678772,4.38317108],[116.08442688,4.27663994],[116.00008392,4.34764433],[115.93010712,4.35357237],[115.86981964,4.31968117],[115.81801605,4.22186995],[115.7738266,4.24304581],[115.6889801,4.15634918],[115.65619659,3.98761106],[115.61615753,3.93700552],[115.62269592,3.84023094],[115.58817291,3.77584863],[115.5809021,3.6622901],[115.61930084,3.510221],[115.65688324,3.43965435]]],[[[117.52281952,4.02796412],[117.4442749,4.00695038],[117.4921875,3.91764235],[117.59825134,3.93396521],[117.52281952,4.02796412]]],[[[117.91950989,4.08091259],[117.90096283,4.16450262],[117.69882965,4.16580629],[117.72885895,4.1231966],[117.85531616,4.03277493],[117.91950989,4.08091259]]]]},"properties":{"GID_0":"IDN","NAME_0":"Indonesia","GID_1":"IDN.15_1","NAME_1":"Kalimantan Utara","NL_NAME_1":"","GID_2":"IDN.15.9_1","NAME_2":"Nunukan","VARNAME_2":"","NL_NAME_2":"","TYPE_2":"Kabupaten","ENGTYPE_2":"Regency","CC_2":"6408","HASC_2":"ID.KU.NU"}},
  {"type":"Feature","geometry":{"type":"Polygon","coordinates":[[[115.85021973,-2.3878386],[115.89030457,-2.33562613],[115.98435974,-2.31237769],[116.25136566,-2.31676936],[116.492836,-2.38097358],[116.55434418,-2.40862393],[116.58045197,-2.31930161],[116.55815125,-2.20113301],[116.49769592,-2.10644174],[116.39713287,-2.12913632],[116.3928299,-2.08100796],[116.45973969,-2.05244398],[116.45778656,-1.9045378],[116.42687225,-1.8575834],[116.45250702,-1.76719618],[116.36915588,-1.76015306],[116.31887817,-1.70146],[116.54210663,-1.62202883],[116.55007935,-1.60300815],[116.3868103,-1.54438424],[116.33547974,-1.33377254],[116.37091064,-1.14440918],[116.45410156,-1.04351807],[116.43860626,-0.97083366],[116.37619019,-0.98511314],[116.31204987,-1.04837728],[116.25406647,-1.05236721],[116.21912384,-1.1178515],[116.13903046,-1.15324843],[116.06669617,-1.10983479],[115.97806549,-1.09926999],[115.80315399,-1.11628926],[115.84696198,-1.1572597],[115.77049255,-1.23123062],[115.74925995,-1.31503952],[115.65396881,-1.51335335],[115.63619232,-1.60401106],[115.73075104,-1.86523259],[115.69619751,-1.97442317],[115.71772003,-1.99550462],[115.75366974,-2.05046821],[115.80706787,-2.0439806],[115.80369568,-2.20862484],[115.8276062,-2.24594259],[115.85021973,-2.3878386]]]},"properties":{"GID_0":"IDN","NAME_0":"Indonesia","GID_1":"IDN.15_1","NAME_1":"Kalimantan Timur","NL_NAME_1":"","GID_2":"IDN.15.10_1","NAME_2":"Paser","VARNAME_2":"","NL_NAME_2":"","TYPE_2":"Kabupaten","ENGTYPE_2":"Regency","CC_2":"6401","HASC_2":"ID.KM.PA"}},
  {"type":"Feature","geometry":{"type":"Polygon","coordinates":[[[116.55007935,-1.60300815],[116.53128815,-1.51428485],[116.5925293,-1.42327881],[116.76531982,-1.3560791],[116.7919693,-1.2357769],[116.75691223,-1.13851988],[116.71616364,-1.1097995],[116.78192139,-1.03961182],[116.83709717,-1.0459621],[116.95504761,-0.92573798],[116.85968018,-0.81829834],[116.66729736,-0.81152344],[116.63012695,-0.88238525],[116.51600647,-0.8421064],[116.43860626,-0.97083366],[116.45410156,-1.04351807],[116.37091064,-1.14440918],[116.33547974,-1.33377254],[116.3868103,-1.54438424],[116.55007935,-1.60300815]]]},"properties":{"GID_0":"IDN","NAME_0":"Indonesia","GID_1":"IDN.15_1","NAME_1":"Kalimantan Timur","NL_NAME_1":"","GID_2":"IDN.15.11_1","NAME_2":"Penajam Paser Utara","VARNAME_2":"","NL_NAME_2":"","TYPE_2":"Kabupaten","ENGTYPE_2":"Regency","CC_2":"6409","HASC_2":"ID.KM.PP"}},
  {"type":"Feature","geometry":{"type":"Polygon","coordinates":[[[117.23918152,-0.56666642],[117.26734924,-0.54347396],[117.27933502,-0.35921001],[117.20123291,-0.31230199],[117.14366913,-0.35178599],[117.12304688,-0.40943572],[117.06872559,-0.433981],[117.04712677,-0.51646602],[117.06671143,-0.57137704],[117.14209747,-0.61938298],[117.16101837,-0.70448309],[117.28556061,-0.59767443],[117.23918152,-0.56666642]]]},"properties":{"GID_0":"IDN","NAME_0":"Indonesia","GID_1":"IDN.15_1","NAME_1":"Kalimantan Timur","NL_NAME_1":"","GID_2":"IDN.15.12_1","NAME_2":"Samarinda","VARNAME_2":"","NL_NAME_2":"","TYPE_2":"Kota","ENGTYPE_2":"City","CC_2":"6472","HASC_2":"ID.KM.SA"}},
  {"type":"Feature","geometry":{"type":"MultiPolygon","coordinates":[[[[117.27548981,3.38119912],[117.31323242,3.465868],[117.21766663,3.4917872],[117.19333649,3.5391171],[117.2204361,3.60909772],[117.12776184,3.62071371],[117.02748108,3.58722138],[116.92112732,3.61372733],[116.81046295,3.57297134],[116.76140594,3.58787775],[116.70332336,3.42998791],[116.75331116,3.37666965],[116.9310379,3.39790058],[117.07839966,3.40078187],[117.12593842,3.34572554],[117.23092651,3.33219194],[117.27548981,3.38119912]]],[[[117.27892303,3.5874958],[117.2011261,3.53892541],[117.23184967,3.49590015],[117.32315826,3.49144912],[117.48706818,3.45115685],[117.51792908,3.48189902],[117.36896515,3.56340837],[117.27892303,3.5874958]]],[[[116.76386261,3.59615469],[116.81609344,3.62608695],[116.8941803,3.6129725],[116.90829468,3.6723218],[116.97311401,3.69005823],[116.96605682,3.60308051],[117.1701889,3.64409304],[117.25596619,3.61823487],[117.48963165,3.67023015],[117.29685974,3.63646388],[117.19642639,3.66922593],[116.95614624,3.71486068],[116.82626343,3.68521404],[116.7612381,3.64186478],[116.76386261,3.59615469]]],[[[117.70802307,3.66829729],[117.72931671,3.74040818],[117.55942535,3.78284383],[117.48381805,3.76505852],[117.51058197,3.68473673],[117.58821106,3.62927914],[117.66640472,3.61541104],[117.70802307,3.66829729]]]]},"properties":{"GID_0":"IDN","NAME_0":"Indonesia","GID_1":"IDN.15_1","NAME_1":"Kalimantan Utara","NL_NAME_1":"","GID_2":"IDN.15.13_1","NAME_2":"Tana Tidung","VARNAME_2":"","NL_NAME_2":"","TYPE_2":"Kabupaten","ENGTYPE_2":"Regency","CC_2":"6504","HASC_2":"ID.KU.TT"}},
  {"type":"Feature","geometry":{"type":"Polygon","coordinates":[[[117.65695953,3.25460577],[117.66484833,3.41054296],[117.55058289,3.43574238],[117.52134705,3.40938878],[117.5408783,3.3273108],[117.62865448,3.24172831],[117.65695953,3.25460577]]]},"properties":{"GID_0":"IDN","NAME_0":"Indonesia","GID_1":"IDN.15_1","NAME_1":"Kalimantan Utara","NL_NAME_1":"","GID_2":"IDN.15.14_1","NAME_2":"Tarakan","VARNAME_2":"","NL_NAME_2":"","TYPE_2":"Kota","ENGTYPE_2":"City","CC_2":"6571","HASC_2":"ID.KU.TA"}},
  {"type":"Feature","geometry":{"type":"MultiPolygon","coordinates":[[[[104.2379303,0.86736828],[104.18850708,0.8730104],[104.13889313,0.9415164],[104.10041809,0.87983388],[104.14775848,0.85387611],[104.1809845,0.78303808],[104.2454834,0.82076031],[104.2379303,0.86736828]]],[[[103.94766998,0.92917216],[103.96781921,0.96584231],[103.86831665,1.0376873],[103.83287048,0.97745508],[103.94766998,0.92917216]]],[[[103.93603516,1.08650291],[103.94114685,1.00922644],[104.09710693,0.98270655],[104.13183594,1.03282917],[104.15437317,1.13770008],[104.10926819,1.19972968],[103.93603516,1.08650291]]]]},"properties":{"GID_0":"IDN","NAME_0":"Indonesia","GID_1":"IDN.16_1","NAME_1":"Kepulauan Riau","NL_NAME_1":"","GID_2":"IDN.16.1_1","NAME_2":"Batam","VARNAME_2":"","NL_NAME_2":"","TYPE_2":"Kota","ENGTYPE_2":"City","CC_2":"2171","HASC_2":"ID.KR.BA"}},
  {"type":"Feature","geometry":{"type":"Polygon","coordinates":[[[104.51369476,0.84364551],[104.59310913,0.81028318],[104.65513611,0.90921038],[104.63528442,0.98914939],[104.65763092,1.03225541],[104.6349411,1.10520041],[104.52906799,1.1770581],[104.39350128,1.20454299],[104.33021545,1.13829172],[104.24029541,1.11962724],[104.22780609,1.01819062],[104.33330536,0.99225157],[104.42605591,1.05158329],[104.47383881,0.97866768],[104.55303955,0.92220354],[104.51369476,0.84364551]]]},"properties":{"GID_0":"IDN","NAME_0":"Indonesia","GID_1":"IDN.16_1","NAME_1":"Kepulauan Riau","NL_NAME_1":"","GID_2":"IDN.16.2_1","NAME_2":"Bintan","VARNAME_2":"","NL_NAME_2":"","TYPE_2":"Kabupaten","ENGTYPE_2":"Regency","CC_2":"2102","HASC_2":"ID.KR.KR"}},
  {"type":"Feature","geometry":{"type":"MultiPolygon","coordinates":[[[[103.44174194,1.00254011],[103.35109711,1.13472819],[103.31011963,1.07651567],[103.33114624,1.01752138],[103.44174194,1.00254011]]],[[[103.48077393,0.67992336],[103.51287842,0.75512624],[103.47248077,0.80922979],[103.36855316,0.86395937],[103.35140991,0.74301767],[103.40132904,0.67066133],[103.48077393,0.67992336]]],[[[103.82065582,0.75129026],[103.8348999,0.81166083],[103.78516388,0.86965555],[103.72283936,0.8503902],[103.82065582,0.75129026]]]]},"properties":{"GID_0":"IDN","NAME_0":"Indonesia","GID_1":"IDN.16_1","NAME_1":"Kepulauan Riau","NL_NAME_1":"","GID_2":"IDN.16.3_1","NAME_2":"Karimun","VARNAME_2":"","NL_NAME_2":"","TYPE_2":"Kabupaten","ENGTYPE_2":"Regency","CC_2":"2101","HASC_2":"ID.KR.KA"}},
  {"type":"Feature","geometry":{"type":"MultiPolygon","coordinates":[[[[105.7407074,2.86973548],[105.81355286,2.94443059],[105.78929901,2.98880029],[105.71483612,2.96393585],[105.7407074,2.86973548]]],[[[106.28624725,3.1000452],[106.29150391,3.16101909],[106.23773193,3.22955632],[106.20404816,3.13866949],[106.28624725,3.1000452]]]]},"properties":{"GID_0":"IDN","NAME_0":"Indonesia","GID_1":"IDN.16_1","NAME_1":"Kepulauan Riau","NL_NAME_1":"","GID_2":"IDN.16.4_1","NAME_2":"Kepulauan Anambas","VARNAME_2":"","NL_NAME_2":"","TYPE_2":"Kabupaten","ENGTYPE_2":"Regency","CC_2":"2105","HASC_2":"ID.KR.KM"}},
  {"type":"Feature","geometry":{"type":"MultiPolygon","coordinates":[[[[104.38354492,-0.65390867],[104.44017029,-0.58682251],[104.49217224,-0.64492035],[104.5351181,-0.53920746],[104.60017395,-0.46934491],[104.48258209,-0.33541393],[104.41447449,-0.40041962],[104.33776855,-0.4155477],[104.27726746,-0.39619568],[104.25933838,-0.47617966],[104.31962585,-0.54020542],[104.34236908,-0.65646148],[104.38354492,-0.65390867]]],[[[104.59915924,-0.25122112],[104.6995163,-0.20468834],[104.8501358,-0.32287028],[104.94446564,-0.26955],[104.82689667,-0.13374965],[104.8108139,-0.20616154],[104.75733948,-0.19561554],[104.6865921,-0.08696711],[104.56482697,0.01830921],[104.50922394,-0.05550314],[104.50331879,-0.13200656],[104.42722321,-0.18338934],[104.42948914,-0.23691924],[104.52406311,-0.27447703],[104.59915924,-0.25122112]]]]},"properties":{"GID_0":"IDN","NAME_0":"Indonesia","GID_1":"IDN.16_1","NAME_1":"Kepulauan Riau","NL_NAME_1":"","GID_2":"IDN.16.5_1","NAME_2":"Lingga","VARNAME_2":"","NL_NAME_2":"","TYPE_2":"Kabupaten","ENGTYPE_2":"Regency","CC_2":"2104","HASC_2":"ID.KR.LI"}},
  {"type":"Feature","geometry":{"type":"MultiPolygon","coordinates":[[[[109.11712646,2.51526475],[109.00744629,2.53178811],[109.01937103,2.48107743],[109.11712646,2.51526475]]],[[[108.83193207,2.84642196],[108.87722778,2.88987446],[108.88868713,3.00364304],[108.77439117,2.89240122],[108.83193207,2.84642196]]],[[[108.15497589,3.63036084],[108.2250061,3.66386127],[108.29544067,3.65731025],[108.33207703,3.76062155],[108.38642883,3.79305387],[108.37867737,3.87889862],[108.40267181,3.96578598],[108.26225281,4.09371185],[108.22723389,4.21704197],[108.05900574,4.05567646],[107.97373199,4.01432323],[108.01777649,3.88359666],[108.06291199,3.83432603],[108.1884079,3.78339887],[108.11534119,3.73909831],[108.09809113,3.67867637],[108.15497589,3.63036084]]]]},"properties":{"GID_0":"IDN","NAME_0":"Indonesia","GID_1":"IDN.16_1","NAME_1":"Kepulauan Riau","NL_NAME_1":"","GID_2":"IDN.16.6_1","NAME_2":"Natuna","VARNAME_2":"","NL_NAME_2":"","TYPE_2":"Kabupaten","ENGTYPE_2":"Regency","CC_2":"2103","HASC_2":"ID.KR.NT"}},
  {"type":"Feature","geometry":{"type":"Polygon","coordinates":[[[104.51369476,0.84364551],[104.55303955,0.92220354],[104.47383881,0.97866768],[104.43901825,0.90610552],[104.51369476,0.84364551]]]},"properties":{"GID_0":"IDN","NAME_0":"Indonesia","GID_1":"IDN.16_1","NAME_1":"Kepulauan Riau","NL_NAME_1":"","GID_2":"IDN.16.7_1","NAME_2":"Tanjungpinang","VARNAME_2":"","NL_NAME_2":"","TYPE_2":"Kota","ENGTYPE_2":"City","CC_2":"2172","HASC_2":"ID.KR.TP"}},
  {"type":"Feature","geometry":{"type":"Polygon","coordinates":[[[105.25289154,-5.4889679],[105.30566406,-5.45212317],[105.34707642,-5.52193975],[105.30568695,-5.35845232],[105.21945953,-5.36551809],[105.20427704,-5.4210062],[105.25289154,-5.4889679]]]},"properties":{"GID_0":"IDN","NAME_0":"Indonesia","GID_1":"IDN.17_1","NAME_1":"Lampung","NL_NAME_1":"","GID_2":"IDN.17.1_1","NAME_2":"Bandar Lampung","VARNAME_2":"","NL_NAME_2":"","TYPE_2":"Kota","ENGTYPE_2":"City","CC_2":"1871","HASC_2":"ID.LA.BL"}},
  {"type":"Feature","geometry":{"type":"Polygon","coordinates":[[[103.57125092,-4.92614222],[103.70973206,-4.96115208],[103.93045807,-5.14971113],[103.90338898,-5.211514],[103.98698425,-5.25704336],[104.03064728,-5.36390972],[104.3026886,-5.5799613],[104.30046082,-5.64012194],[104.38005066,-5.67984247],[104.5708313,-5.87506771],[104.59197998,-5.93788671],[104.65903473,-5.93681574],[104.61888885,-5.80236673],[104.62919617,-5.69449711],[104.5369339,-5.62318325],[104.34942627,-5.38103628],[104.37924957,-5.33725119],[104.43312836,-5.17144537],[104.54634094,-5.10721016],[104.58043671,-5.05781078],[104.4994812,-5.0165844],[104.50089264,-4.95498848],[104.44338989,-4.94493341],[104.41741943,-4.87480164],[104.34049988,-4.86473227],[104.24307251,-4.88161707],[104.16268921,-4.92202568],[104.04416656,-4.90392923],[103.92865753,-4.92129421],[103.84405518,-4.90700531],[103.8662796,-4.8481822],[103.76748657,-4.77258396],[103.60196686,-4.86775637],[103.57125092,-4.92614222]]]},"properties":{"GID_0":"IDN","NAME_0":"Indonesia","GID_1":"IDN.17_1","NAME_1":"Lampung","NL_NAME_1":"","GID_2":"IDN.17.2_1","NAME_2":"Lampung Barat","VARNAME_2":"","NL_NAME_2":"","TYPE_2":"Kabupaten","ENGTYPE_2":"Regency","CC_2":"1801","HASC_2":"ID.LA.LB"}},
  {"type":"Feature","geometry":{"type":"Polygon","coordinates":[[[105.34707642,-5.52193975],[105.42006683,-5.62714767],[105.58596039,-5.73034],[105.60412598,-5.83117771],[105.71495056,-5.85899115],[105.77780914,-5.83790541],[105.8289566,-5.58991575],[105.81674957,-5.57598305],[105.78443146,-5.61662292],[105.68572235,-5.61241102],[105.6337204,-5.55258036],[105.63194275,-5.50170517],[105.54124451,-5.45155621],[105.53077698,-5.34062719],[105.46588135,-5.30738354],[105.42014313,-5.21190405],[105.3319931,-5.23507023],[105.27606201,-5.17996454],[105.24016571,-5.17116356],[105.17369843,-5.19762278],[105.10894775,-5.31133652],[105.21945953,-5.36551809],[105.30568695,-5.35845232],[105.34707642,-5.52193975]]]},"properties":{"GID_0":"IDN","NAME_0":"Indonesia","GID_1":"IDN.17_1","NAME_1":"Lampung","NL_NAME_1":"","GID_2":"IDN.17.3_1","NAME_2":"Lampung Selatan","VARNAME_2":"","NL_NAME_2":"","TYPE_2":"Kabupaten","ENGTYPE_2":"Regency","CC_2":"1803","HASC_2":"ID.LA.LP"}},
  {"type":"Feature","geometry":{"type":"Polygon","coordinates":[[[105.24016571,-5.17116356],[105.27606201,-5.17996454],[105.26950073,-5.09682751],[105.32032776,-5.05320644],[105.34537506,-4.96423388],[105.40233612,-4.92162323],[105.60124969,-4.85493946],[105.74823761,-4.73126411],[105.79640961,-4.754282],[105.81661224,-4.64959192],[105.80361176,-4.58070469],[105.75411224,-4.52235413],[105.6726532,-4.49755144],[105.53595734,-4.52137232],[105.4586792,-4.49249792],[105.3822403,-4.51617146],[105.24434662,-4.64046478],[105.20040131,-4.6130209],[105.12699127,-4.72734451],[105.04233551,-4.94514608],[104.92462921,-4.92456198],[104.68786621,-5.0817914],[104.58043671,-5.05781078],[104.54634094,-5.10721016],[104.58292389,-5.14649534],[104.6993866,-5.16720533],[104.75110626,-5.13210058],[104.79454041,-5.17099142],[104.91345978,-5.26711273],[105.03785706,-5.20915985],[105.07469177,-5.15973616],[105.17701721,-5.13567972],[105.24016571,-5.17116356]]]},"properties":{"GID_0":"IDN","NAME_0":"Indonesia","GID_1":"IDN.17_1","NAME_1":"Lampung","NL_NAME_1":"","GID_2":"IDN.17.4_1","NAME_2":"Lampung Tengah","VARNAME_2":"","NL_NAME_2":"","TYPE_2":"Kabupaten","ENGTYPE_2":"Regency","CC_2":"1805","HASC_2":"ID.LA.LT"}},
  {"type":"Feature","geometry":{"type":"Polygon","coordinates":[[[105.27606201,-5.17996454],[105.3319931,-5.23507023],[105.42014313,-5.21190405],[105.46588135,-5.30738354],[105.53077698,-5.34062719],[105.54124451,-5.45155621],[105.63194275,-5.50170517],[105.6337204,-5.55258036],[105.68572235,-5.61241102],[105.78443146,-5.61662292],[105.81674957,-5.57598305],[105.82193756,-5.31678343],[105.86229706,-5.26054239],[105.85691071,-5.07359648],[105.90105438,-4.92514229],[105.86660767,-4.85781097],[105.87580109,-4.6830039],[105.81661224,-4.64959192],[105.79640961,-4.754282],[105.74823761,-4.73126411],[105.60124969,-4.85493946],[105.40233612,-4.92162323],[105.34537506,-4.96423388],[105.32032776,-5.05320644],[105.33078003,-5.16783285],[105.27606201,-5.17996454]]]},"properties":{"GID_0":"IDN","NAME_0":"Indonesia","GID_1":"IDN.17_1","NAME_1":"Lampung","NL_NAME_1":"","GID_2":"IDN.17.5_1","NAME_2":"Lampung Timur","VARNAME_2":"","NL_NAME_2":"","TYPE_2":"Kabupaten","ENGTYPE_2":"Regency","CC_2":"1804","HASC_2":"ID.LA.LI"}},
  {"type":"Feature","geometry":{"type":"Polygon","coordinates":[[[104.58043671,-5.05781078],[104.68786621,-5.0817914],[104.92462921,-4.92456198],[105.04233551,-4.94514608],[105.12699127,-4.72734451],[104.99946594,-4.65991211],[104.99768829,-4.60684538],[104.9436264,-4.53060532],[104.82234955,-4.58330297],[104.69864655,-4.55554295],[104.69102478,-4.60426283],[104.60532379,-4.68498468],[104.64094543,-4.75103331],[104.62015533,-4.82426214],[104.55593109,-4.84481096],[104.50089264,-4.95498848],[104.4994812,-5.0165844],[104.58043671,-5.05781078]]]},"properties":{"GID_0":"IDN","NAME_0":"Indonesia","GID_1":"IDN.17_1","NAME_1":"Lampung","NL_NAME_1":"","GID_2":"IDN.17.6_1","NAME_2":"Lampung Utara","VARNAME_2":"","NL_NAME_2":"","TYPE_2":"Kabupaten","ENGTYPE_2":"Regency","CC_2":"1806","HASC_2":"ID.LA.LU"}},
  {"type":"Feature","geometry":{"type":"Polygon","coordinates":[[[105.0499649,-4.14127111],[105.06687927,-4.21622181],[105.22690582,-4.18341875],[105.2779007,-4.18933678],[105.36591339,-4.12965488],[105.42382813,-4.16148853],[105.52675629,-4.16111422],[105.65499115,-4.19588184],[105.75759125,-4.19404936],[105.75299072,-4.14712477],[105.65431976,-4.09104872],[105.61167908,-3.94530272],[105.52216339,-3.83938241],[105.43675995,-3.82808757],[105.41278839,-3.77735448],[105.35152435,-3.78308821],[105.31874847,-3.73193359],[105.27481842,-3.88019228],[105.18023682,-3.90380549],[105.0499649,-4.14127111]]]},"properties":{"GID_0":"IDN","NAME_0":"Indonesia","GID_1":"IDN.17_1","NAME_1":"Lampung","NL_NAME_1":"","GID_2":"IDN.17.7_1","NAME_2":"Mesuji","VARNAME_2":"","NL_NAME_2":"","TYPE_2":"Kabupaten","ENGTYPE_2":"Regency","CC_2":"1811","HASC_2":"ID.LA.MJ"}},
  {"type":"Feature","geometry":{"type":"Polygon","coordinates":[[[105.27606201,-5.17996454],[105.33078003,-5.16783285],[105.32032776,-5.05320644],[105.26950073,-5.09682751],[105.27606201,-5.17996454]]]},"properties":{"GID_0":"IDN","NAME_0":"Indonesia","GID_1":"IDN.17_1","NAME_1":"Lampung","NL_NAME_1":"","GID_2":"IDN.17.8_1","NAME_2":"Metro","VARNAME_2":"","NL_NAME_2":"","TYPE_2":"Kota","ENGTYPE_2":"City","CC_2":"1872","HASC_2":"ID.LA.ME"}},
  {"type":"Feature","geometry":{"type":"Polygon","coordinates":[[[105.17211151,-5.80040646],[105.18795776,-5.62819386],[105.23574829,-5.59156466],[105.25289154,-5.4889679],[105.20427704,-5.4210062],[105.21945953,-5.36551809],[105.10894775,-5.31133652],[105.17369843,-5.19762278],[105.24016571,-5.17116356],[105.17701721,-5.13567972],[105.07469177,-5.15973616],[105.03785706,-5.20915985],[105.03265381,-5.28238964],[105.07116699,-5.36037493],[104.9522171,-5.4271884],[104.92644501,-5.50410938],[104.94437408,-5.5690093],[105.02683258,-5.61692524],[105.09435272,-5.68876696],[105.11837769,-5.77208948],[105.17211151,-5.80040646]]]},"properties":{"GID_0":"IDN","NAME_0":"Indonesia","GID_1":"IDN.17_1","NAME_1":"Lampung","NL_NAME_1":"","GID_2":"IDN.17.9_1","NAME_2":"Pesawaran","VARNAME_2":"","NL_NAME_2":"","TYPE_2":"Kabupaten","ENGTYPE_2":"Regency","CC_2":"1809","HASC_2":"ID.LA.PA"}},
  {"type":"Feature","geometry":{"type":"Polygon","coordinates":[[[104.94437408,-5.5690093],[104.92644501,-5.50410938],[104.9522171,-5.4271884],[105.07116699,-5.36037493],[105.03265381,-5.28238964],[105.03785706,-5.20915985],[104.91345978,-5.26711273],[104.79454041,-5.17099142],[104.76108551,-5.25273371],[104.89713287,-5.40847111],[104.88155365,-5.52388191],[104.94437408,-5.5690093]]]},"properties":{"GID_0":"IDN","NAME_0":"Indonesia","GID_1":"IDN.17_1","NAME_1":"Lampung","NL_NAME_1":"","GID_2":"IDN.17.10_1","NAME_2":"Pringsewu","VARNAME_2":"","NL_NAME_2":"","TYPE_2":"Kabupaten","ENGTYPE_2":"Regency","CC_2":"1810","HASC_2":"ID.LA.PG"}},
  {"type":"Feature","geometry":{"type":"Polygon","coordinates":[[[105.17211151,-5.80040646],[105.11837769,-5.77208948],[105.09435272,-5.68876696],[105.02683258,-5.61692524],[104.94437408,-5.5690093],[104.88155365,-5.52388191],[104.89713287,-5.40847111],[104.76108551,-5.25273371],[104.79454041,-5.17099142],[104.75110626,-5.13210058],[104.6993866,-5.16720533],[104.58292389,-5.14649534],[104.54634094,-5.10721016],[104.43312836,-5.17144537],[104.37924957,-5.33725119],[104.34942627,-5.38103628],[104.5369339,-5.62318325],[104.62919617,-5.69449711],[104.61888885,-5.80236673],[104.65903473,-5.93681574],[104.71047974,-5.831141],[104.6449585,-5.74239969],[104.64800262,-5.69936562],[104.56414032,-5.60184765],[104.53419495,-5.53616714],[104.61679077,-5.49787855],[104.71630859,-5.52967024],[104.77229309,-5.60062647],[104.91280365,-5.66965246],[105.02875519,-5.75261593],[105.0941925,-5.75785303],[105.17211151,-5.80040646]]]},"properties":{"GID_0":"IDN","NAME_0":"Indonesia","GID_1":"IDN.17_1","NAME_1":"Lampung","NL_NAME_1":"","GID_2":"IDN.17.11_1","NAME_2":"Tanggamus","VARNAME_2":"","NL_NAME_2":"","TYPE_2":"Kabupaten","ENGTYPE_2":"Regency","CC_2":"1802","HASC_2":"ID.LA.TG"}},
  {"type":"Feature","geometry":{"type":"Polygon","coordinates":[[[105.12699127,-4.72734451],[105.20040131,-4.6130209],[105.17402649,-4.51419115],[105.24360657,-4.389678],[105.20470428,-4.38045311],[105.19037628,-4.23432541],[105.22690582,-4.18341875],[105.06687927,-4.21622181],[105.0499649,-4.14127111],[104.92922974,-4.19247818],[104.995224,-4.27074909],[104.99671173,-4.39853191],[104.9436264,-4.53060532],[104.99768829,-4.60684538],[104.99946594,-4.65991211],[105.12699127,-4.72734451]]]},"properties":{"GID_0":"IDN","NAME_0":"Indonesia","GID_1":"IDN.17_1","NAME_1":"Lampung","NL_NAME_1":"","GID_2":"IDN.17.12_1","NAME_2":"Tulang Bawang Barat","VARNAME_2":"","NL_NAME_2":"","TYPE_2":"Kabupaten","ENGTYPE_2":"Regency","CC_2":"1812","HASC_2":"ID.LA.TR"}},
  {"type":"Feature","geometry":{"type":"Polygon","coordinates":[[[105.22690582,-4.18341875],[105.19037628,-4.23432541],[105.20470428,-4.38045311],[105.24360657,-4.389678],[105.17402649,-4.51419115],[105.20040131,-4.6130209],[105.24434662,-4.64046478],[105.3822403,-4.51617146],[105.4586792,-4.49249792],[105.53595734,-4.52137232],[105.6726532,-4.49755144],[105.75411224,-4.52235413],[105.80361176,-4.58070469],[105.81661224,-4.64959192],[105.87580109,-4.6830039],[105.90125275,-4.47229528],[105.82527924,-4.34307289],[105.81889343,-4.1444416],[105.75299072,-4.14712477],[105.75759125,-4.19404936],[105.65499115,-4.19588184],[105.52675629,-4.16111422],[105.42382813,-4.16148853],[105.36591339,-4.12965488],[105.2779007,-4.18933678],[105.22690582,-4.18341875]]]},"properties":{"GID_0":"IDN","NAME_0":"Indonesia","GID_1":"IDN.17_1","NAME_1":"Lampung","NL_NAME_1":"","GID_2":"IDN.17.13_1","NAME_2":"Tulangbawang","VARNAME_2":"","NL_NAME_2":"","TYPE_2":"Kabupaten","ENGTYPE_2":"Regency","CC_2":"1808","HASC_2":"ID.LA.TL"}},
  {"type":"Feature","geometry":{"type":"Polygon","coordinates":[[[104.50089264,-4.95498848],[104.55593109,-4.84481096],[104.62015533,-4.82426214],[104.64094543,-4.75103331],[104.60532379,-4.68498468],[104.69102478,-4.60426283],[104.69864655,-4.55554295],[104.82234955,-4.58330297],[104.9436264,-4.53060532],[104.99671173,-4.39853191],[104.995224,-4.27074909],[104.92922974,-4.19247818],[104.78666687,-4.2598691],[104.75578308,-4.24676991],[104.65895081,-4.25921345],[104.59414673,-4.24244118],[104.43603516,-4.30693865],[104.34893036,-4.3999691],[104.31562805,-4.51281881],[104.32562256,-4.56062317],[104.28794861,-4.69866467],[104.33296967,-4.71307611],[104.37169647,-4.81790113],[104.34049988,-4.86473227],[104.41741943,-4.87480164],[104.44338989,-4.94493341],[104.50089264,-4.95498848]]]},"properties":{"GID_0":"IDN","NAME_0":"Indonesia","GID_1":"IDN.17_1","NAME_1":"Lampung","NL_NAME_1":"","GID_2":"IDN.17.14_1","NAME_2":"Way Kanan","VARNAME_2":"","NL_NAME_2":"","TYPE_2":"Kabupaten","ENGTYPE_2":"Regency","CC_2":"1807","HASC_2":"ID.LA.WK"}},
  {"type":"Feature","geometry":{"type":"Polygon","coordinates":[[[128.08279419,-3.71271658],[128.15896606,-3.66592026],[128.15606689,-3.75216079],[128.24150085,-3.74302292],[128.29698181,-3.66679883],[128.2727356,-3.61807418],[128.25132751,-3.56849337],[128.18190002,-3.61238146],[128.04577637,-3.64974451],[128.08279419,-3.71271658]]]},"properties":{"GID_0":"IDN","NAME_0":"Indonesia","GID_1":"IDN.19_1","NAME_1":"Maluku","NL_NAME_1":"","GID_2":"IDN.19.1_1","NAME_2":"Ambon","VARNAME_2":"","NL_NAME_2":"","TYPE_2":"Kota","ENGTYPE_2":"City","CC_2":"8171","HASC_2":"ID.MA.AM"}},
  {"type":"Feature","geometry":{"type":"Polygon","coordinates":[[[126.12561798,-3.15215969],[126.13312531,-3.30201149],[126.32556152,-3.36117554],[126.509758,-3.4355123],[126.90194702,-3.51877189],[127.19585419,-3.60934806],[127.23872375,-3.63360143],[127.25152588,-3.59230494],[127.25855255,-3.37309718],[127.18222046,-3.35594749],[127.07576752,-3.37376881],[127.03304291,-3.27189541],[127.11130524,-3.23358965],[126.9906311,-3.14267182],[126.88755798,-3.12560773],[126.78098297,-3.05743742],[126.5980072,-3.06387401],[126.46380615,-3.0845871],[126.29962921,-3.09341621],[126.23406982,-3.1325314],[126.22232819,-3.1835022],[126.12561798,-3.15215969]]]},"properties":{"GID_0":"IDN","NAME_0":"Indonesia","GID_1":"IDN.19_1","NAME_1":"Maluku","NL_NAME_1":"","GID_2":"IDN.19.3_1","NAME_2":"Buru","VARNAME_2":"","NL_NAME_2":"","TYPE_2":"Kabupaten","ENGTYPE_2":"Regency","CC_2":"8104","HASC_2":"ID.MA.BR"}},
  {"type":"Feature","geometry":{"type":"MultiPolygon","coordinates":[[[[127.21234894,-4.01490831],[127.36911011,-3.95695615],[127.29960632,-3.88373566],[127.23300171,-3.90990615],[127.16761017,-4.00193691],[127.21234894,-4.01490831]]],[[[126.12561798,-3.15215969],[126.02243805,-3.17274284],[126.00682068,-3.35883927],[126.07360077,-3.47778463],[126.16093445,-3.54099536],[126.16690063,-3.59172678],[126.23538208,-3.62068868],[126.53157043,-3.79528594],[126.6339035,-3.82126117],[126.69443512,-3.86165833],[126.84796906,-3.78994036],[126.94413757,-3.76995611],[127.05034637,-3.68949389],[127.13631439,-3.66122651],[127.18989563,-3.67631316],[127.23872375,-3.63360143],[127.19585419,-3.60934806],[126.90194702,-3.51877189],[126.509758,-3.4355123],[126.32556152,-3.36117554],[126.13312531,-3.30201149],[126.12561798,-3.15215969]]]]},"properties":{"GID_0":"IDN","NAME_0":"Indonesia","GID_1":"IDN.19_1","NAME_1":"Maluku","NL_NAME_1":"","GID_2":"IDN.19.2_1","NAME_2":"Buru Selatan","VARNAME_2":"","NL_NAME_2":"","TYPE_2":"Kabupaten","ENGTYPE_2":"Regency","CC_2":"8109","HASC_2":"ID.MA.BS"}},
  {"type":"Feature","geometry":{"type":"MultiPolygon","coordinates":[[[[134.70658875,-6.71998835],[134.76107788,-6.62378931],[134.70947266,-6.57833052],[134.62457275,-6.75902653],[134.68493652,-6.77529097],[134.70658875,-6.71998835]]],[[[134.84439087,-6.32794189],[134.79956055,-6.37970924],[134.85296631,-6.43845844],[134.90855408,-6.32133913],[134.84439087,-6.32794189]]],[[[134.51222229,-6.31708622],[134.46098328,-6.2752161],[134.36531067,-6.33136749],[134.44869995,-6.44787931],[134.51721191,-6.39772606],[134.51222229,-6.31708622]]],[[[134.25091553,-6.88921118],[134.33256531,-6.8601203],[134.41038513,-6.72064972],[134.49389648,-6.65698862],[134.50431824,-6.52292776],[134.46858215,-6.45295668],[134.40487671,-6.39758778],[134.35093689,-6.39641142],[134.29367065,-6.34761238],[134.30987549,-6.30340958],[134.22770691,-6.22447348],[134.09584045,-6.16505146],[134.13374329,-6.31260777],[134.09701538,-6.50074291],[134.08178711,-6.69484758],[134.05108643,-6.77437067],[134.1791687,-6.92266083],[134.25091553,-6.88921118]]],[[[134.70446777,-6.5554738],[134.76348877,-6.53269672],[134.68539429,-6.4435401],[134.64201355,-6.47529888],[134.70446777,-6.5554738]]],[[[134.59539795,-6.46059799],[134.59632874,-6.38473368],[134.5438385,-6.36170769],[134.47128296,-6.45550346],[134.50361633,-6.49527502],[134.59539795,-6.46059799]]],[[[134.50506592,-5.49211645],[134.53321838,-5.56811428],[134.63720703,-5.58100271],[134.65376282,-5.49200106],[134.59753418,-5.41432381],[134.50192261,-5.41915178],[134.50506592,-5.49211645]]],[[[134.71481323,-5.60711479],[134.60714722,-5.5693469],[134.53097534,-5.57231998],[134.53556824,-5.62711716],[134.61619568,-5.7227087],[134.69134521,-5.72477913],[134.7333374,-5.67534542],[134.71481323,-5.60711479]]],[[[134.37150574,-6.00967026],[134.41798401,-6.02280092],[134.53862,-5.91598511],[134.60714722,-5.89552355],[134.71324158,-5.8158288],[134.54637146,-5.65065384],[134.5216217,-5.55689907],[134.4515686,-5.551157],[134.41166687,-5.64393377],[134.34384155,-5.72731543],[134.23750305,-5.67061853],[134.21138,-5.7164979],[134.25938416,-5.75842428],[134.37460327,-5.79880857],[134.37147522,-5.84746313],[134.29376221,-5.91882086],[134.37150574,-6.00967026]]],[[[134.63806152,-6.35031176],[134.72903442,-6.3014164],[134.76478577,-6.20592117],[134.78279114,-6.09475279],[134.65571594,-5.94363832],[134.53659058,-5.91852236],[134.41798401,-6.02486563],[134.3260498,-6.02286243],[134.27940369,-6.04965878],[134.2833252,-6.14693356],[134.34124756,-6.21851873],[134.50480652,-6.29657984],[134.54570007,-6.34947062],[134.63806152,-6.35031176]]],[[[134.24189758,-6.10115433],[134.22766113,-6.01629496],[134.12527466,-6.03433466],[134.11347961,-6.10739899],[134.16772461,-6.19808531],[134.22843933,-6.20278263],[134.28819275,-6.28406954],[134.3636322,-6.32408381],[134.4384613,-6.27206659],[134.34130859,-6.22771883],[134.24189758,-6.10115433]]]]},"properties":{"GID_0":"IDN","NAME_0":"Indonesia","GID_1":"IDN.19_1","NAME_1":"Maluku","NL_NAME_1":"","GID_2":"IDN.19.4_1","NAME_2":"Kepulauan Aru","VARNAME_2":"","NL_NAME_2":"","TYPE_2":"Kabupaten","ENGTYPE_2":"Regency","CC_2":"8105","HASC_2":"ID.MA.KA"}},
  {"type":"Feature","geometry":{"type":"MultiPolygon","coordinates":[[[[128.00520325,-8.14529228],[127.80377197,-8.10534286],[127.7857666,-8.18627071],[127.95483398,-8.25001812],[128.03781128,-8.26180363],[128.09877014,-8.14219093],[128.00520325,-8.14529228]]],[[[129.03269958,-8.22059631],[128.96343994,-8.17520332],[128.86274719,-8.1750145],[128.86528015,-8.22067356],[129.00506592,-8.24809361],[129.03269958,-8.22059631]]],[[[128.18215942,-8.28042412],[128.1917572,-8.20036697],[128.09230042,-8.22133255],[128.08720398,-8.26916409],[128.18215942,-8.28042412]]],[[[128.65054321,-7.09804726],[128.5892334,-7.0696435],[128.51701355,-7.14090824],[128.65048218,-7.2206378],[128.69570923,-7.12814665],[128.65054321,-7.09804726]]],[[[127.48739624,-7.56133938],[127.41323853,-7.50402021],[127.36170959,-7.53079081],[127.41123199,-7.61032724],[127.48739624,-7.56133938]]],[[[129.79312134,-8.0407362],[129.86712646,-7.90853691],[129.84510803,-7.83629656],[129.68063354,-7.78374529],[129.58628845,-7.8372817],[129.58113098,-7.89634609],[129.67370605,-8.00829601],[129.79312134,-8.0407362]]],[[[125.81230927,-7.99163103],[125.94497681,-7.91406965],[126.06239319,-7.8885498],[126.17382813,-7.92598629],[126.33371735,-7.91501999],[126.42536926,-7.93075275],[126.46812439,-7.9742527],[126.5525589,-7.82400513],[126.72406769,-7.74187279],[126.84351349,-7.73698235],[126.81894684,-7.66204548],[126.7309494,-7.66647148],[126.5998764,-7.57339001],[126.48168182,-7.58802986],[126.33048248,-7.6941061],[126.24239349,-7.6869669],[126.19437408,-7.72475147],[126.03517151,-7.69796228],[125.97489166,-7.65352154],[125.80406952,-7.85975361],[125.81230927,-7.99163103]]]]},"properties":{"GID_0":"IDN","NAME_0":"Indonesia","GID_1":"IDN.19_1","NAME_1":"Maluku","NL_NAME_1":"","GID_2":"IDN.19.5_1","NAME_2":"Maluku Barat Daya","VARNAME_2":"","NL_NAME_2":"","TYPE_2":"Kabupaten","ENGTYPE_2":"Regency","CC_2":"8108","HASC_2":"ID.MA.MD"}},
  {"type":"Feature","geometry":{"type":"MultiPolygon","coordinates":[[[[128.41094971,-3.63507748],[128.5241394,-3.61747146],[128.55050659,-3.53842878],[128.44996643,-3.51011658],[128.41488647,-3.53219414],[128.41094971,-3.63507748]]],[[[128.2727356,-3.61807418],[128.34405518,-3.50567293],[128.25820923,-3.49485755],[128.17866516,-3.5829041],[128.02554321,-3.59310317],[127.92841339,-3.68093371],[127.94163513,-3.77258873],[127.99976349,-3.77812338],[128.08279419,-3.71271658],[128.04577637,-3.64974451],[128.18190002,-3.61238146],[128.25132751,-3.56849337],[128.2727356,-3.61807418]]],[[[128.71894836,-3.31764722],[128.85890198,-3.21166348],[128.96583557,-3.22600532],[128.96247864,-3.36214662],[129.08190918,-3.34160948],[129.28851318,-3.41420078],[129.40452576,-3.41698623],[129.52886963,-3.47029281],[129.56933594,-3.43039823],[129.49865723,-3.32057381],[129.52455139,-3.29789734],[129.7628479,-3.33210397],[129.86668396,-3.31352997],[129.92707825,-3.16383958],[130.09565735,-3.19262004],[130.11962891,-2.99710035],[130.03494263,-3.00369906],[129.81813049,-2.91430593],[129.78971863,-2.86816978],[129.70877075,-2.83436513],[129.4347229,-2.78251123],[129.37696838,-2.78934741],[129.34613037,-2.85885525],[129.13273621,-2.96834493],[129.06399536,-2.89544129],[129.0697937,-2.82001114],[129.03279114,-2.79617262],[128.95729065,-2.84200001],[128.83638,-2.86700344],[128.7535553,-2.85119247],[128.75228882,-3.03195071],[128.63304138,-3.06572533],[128.61831665,-3.10999322],[128.71894836,-3.31764722]]]]},"properties":{"GID_0":"IDN","NAME_0":"Indonesia","GID_1":"IDN.19_1","NAME_1":"Maluku","NL_NAME_1":"","GID_2":"IDN.19.6_1","NAME_2":"Maluku Tengah","VARNAME_2":"","NL_NAME_2":"","TYPE_2":"Kabupaten","ENGTYPE_2":"Regency","CC_2":"8103","HASC_2":"ID.MA.MT"}},
  {"type":"Feature","geometry":{"type":"MultiPolygon","coordinates":[[[[132.76960754,-5.94571638],[132.81538391,-5.84985399],[132.77523804,-5.71959686],[132.67471313,-5.6297307],[132.64779663,-5.70658302],[132.69866943,-5.75678158],[132.67970276,-5.85619545],[132.72476196,-5.95251703],[132.76960754,-5.94571638]]],[[[132.85635376,-5.9910202],[132.96072388,-5.85470104],[132.96112061,-5.73902369],[133.09791565,-5.59647894],[133.1824646,-5.30825329],[133.10411072,-5.29147053],[133.04838562,-5.45254564],[133.00086975,-5.64753103],[132.93980408,-5.68399239],[132.93522644,-5.77636671],[132.88206482,-5.84043217],[132.85635376,-5.9910202]]]]},"properties":{"GID_0":"IDN","NAME_0":"Indonesia","GID_1":"IDN.19_1","NAME_1":"Maluku","NL_NAME_1":"","GID_2":"IDN.19.8_1","NAME_2":"Maluku Tenggara","VARNAME_2":"","NL_NAME_2":"","TYPE_2":"Kabupaten","ENGTYPE_2":"Regency","CC_2":"8102","HASC_2":"ID.MA.MN"}},
  {"type":"Feature","geometry":{"type":"MultiPolygon","coordinates":[[[[130.80175781,-8.33937454],[130.90107727,-8.28052902],[130.92468262,-8.22445393],[130.98318481,-8.23053646],[131.14299011,-8.15165329],[131.04176331,-8.08587837],[130.91494751,-8.15129852],[130.93060303,-8.19266319],[130.8223114,-8.25676918],[130.80175781,-8.33937454]]],[[[131.15432739,-7.39817429],[130.97338867,-7.43220377],[130.96398926,-7.48029661],[131.0552063,-7.51911306],[131.16177368,-7.41899109],[131.15432739,-7.39817429]]],[[[131.52693176,-6.8023591],[131.5852356,-6.77103138],[131.62078857,-6.6798315],[131.57435608,-6.6689949],[131.51376343,-6.76412535],[131.52693176,-6.8023591]]],[[[131.96530151,-7.24285316],[131.97807312,-7.21517372],[131.9236145,-7.10747147],[131.73696899,-7.11735678],[131.89897156,-7.17987967],[131.96530151,-7.24285316]]],[[[131.33450317,-7.94620514],[131.39468384,-7.83789873],[131.46194458,-7.80667067],[131.48599243,-7.72549868],[131.55024719,-7.71953678],[131.61909485,-7.64490414],[131.66435242,-7.5096302],[131.67601013,-7.36244392],[131.63653564,-7.30323458],[131.65257263,-7.22506189],[131.73851013,-7.21733999],[131.71685791,-7.16184855],[131.65513611,-7.11901045],[131.58248901,-7.1214633],[131.51748657,-7.16208315],[131.52996826,-7.22942352],[131.47193909,-7.23705244],[131.38113403,-7.38488913],[131.25971985,-7.44952202],[131.18704224,-7.58302784],[131.1690979,-7.65179777],[131.10810852,-7.70135546],[131.1229248,-7.79454279],[131.08459473,-7.84206963],[131.11903381,-7.89302254],[131.10961914,-7.99289942],[131.23641968,-7.99837971],[131.33450317,-7.94620514]]],[[[130.84986877,-7.49225044],[130.83129883,-7.55341291],[130.91114807,-7.57348013],[130.95210266,-7.52185011],[130.84986877,-7.49225044]]]]},"properties":{"GID_0":"IDN","NAME_0":"Indonesia","GID_1":"IDN.19_1","NAME_1":"Maluku","NL_NAME_1":"","GID_2":"IDN.19.7_1","NAME_2":"Maluku Tenggara Barat","VARNAME_2":"","NL_NAME_2":"","TYPE_2":"Kabupaten","ENGTYPE_2":"Regency","CC_2":"8101","HASC_2":"ID.MA.MB"}},
  {"type":"Feature","geometry":{"type":"MultiPolygon","coordinates":[[[[127.79434204,-3.19058251],[127.76119232,-3.15118814],[127.64141846,-3.21964669],[127.67675018,-3.25229645],[127.78936768,-3.25678587],[127.79434204,-3.19058251]]],[[[127.94914246,-3.01306319],[127.87911224,-2.96057463],[127.84633636,-3.03810668],[127.94914246,-3.01306319]]],[[[128.7535553,-2.85119247],[128.55050659,-2.85152721],[128.50837708,-2.83395863],[128.35554504,-2.860991],[128.18621826,-2.8661921],[128.12944031,-2.90481877],[128.09350586,-3.01542711],[128.11430359,-3.06496692],[127.98699188,-3.08060336],[127.87380219,-3.19386077],[127.88851929,-3.27147341],[127.94282532,-3.35078192],[127.8965683,-3.49321342],[127.95482635,-3.45707059],[127.98641968,-3.38026333],[128.05184937,-3.34614539],[128.09051514,-3.13148785],[128.16003418,-3.06749201],[128.20178223,-3.1265645],[128.15962219,-3.16596723],[128.17918396,-3.22776914],[128.27079773,-3.20549417],[128.33395386,-3.33054471],[128.40524292,-3.42855024],[128.47291565,-3.45917892],[128.5954895,-3.42631459],[128.6743927,-3.43337321],[128.67160034,-3.37328172],[128.71894836,-3.31764722],[128.61831665,-3.10999322],[128.63304138,-3.06572533],[128.75228882,-3.03195071],[128.7535553,-2.85119247]]]]},"properties":{"GID_0":"IDN","NAME_0":"Indonesia","GID_1":"IDN.19_1","NAME_1":"Maluku","NL_NAME_1":"","GID_2":"IDN.19.9_1","NAME_2":"Seram Bagian Barat","VARNAME_2":"","NL_NAME_2":"","TYPE_2":"Kabupaten","ENGTYPE_2":"Regency","CC_2":"8106","HASC_2":"ID.MA.SB"}},
  {"type":"Feature","geometry":{"type":"MultiPolygon","coordinates":[[[[131.44104004,-4.04675674],[131.40325928,-3.94429517],[131.36369324,-3.96715426],[131.40562439,-4.05327415],[131.44104004,-4.04675674]]],[[[129.86668396,-3.31352997],[129.96060181,-3.36058831],[130.01708984,-3.48362064],[130.29533386,-3.58612657],[130.44795227,-3.65645146],[130.47897339,-3.70174789],[130.55114746,-3.71892047],[130.6214447,-3.79701757],[130.82458496,-3.85474706],[130.84069824,-3.74087548],[130.81968689,-3.69076419],[130.8812561,-3.59560943],[130.80227661,-3.47956586],[130.80471802,-3.4067378],[130.64331055,-3.37420535],[130.6386261,-3.2861793],[130.60508728,-3.15108395],[130.48757935,-3.09549546],[130.38571167,-2.9892416],[130.31269836,-2.96905398],[130.21014404,-3.00817323],[130.11962891,-2.99710035],[130.09565735,-3.19262004],[129.92707825,-3.16383958],[129.86668396,-3.31352997]]]]},"properties":{"GID_0":"IDN","NAME_0":"Indonesia","GID_1":"IDN.19_1","NAME_1":"Maluku","NL_NAME_1":"","GID_2":"IDN.19.10_1","NAME_2":"Seram Bagian Timur","VARNAME_2":"","NL_NAME_2":"","TYPE_2":"Kabupaten","ENGTYPE_2":"Regency","CC_2":"8107","HASC_2":"ID.MA.ST"}},
  {"type":"Feature","geometry":{"type":"Polygon","coordinates":[[[132.78973389,-5.66768742],[132.8150177,-5.5599246],[132.74159241,-5.61164808],[132.78973389,-5.66768742]]]},"properties":{"GID_0":"IDN","NAME_0":"Indonesia","GID_1":"IDN.19_1","NAME_1":"Maluku","NL_NAME_1":"","GID_2":"IDN.19.11_1","NAME_2":"Tual","VARNAME_2":"","NL_NAME_2":"","TYPE_2":"Kota","ENGTYPE_2":"City","CC_2":"8172","HASC_2":"ID.MA.TU"}},
  {"type":"Feature","geometry":{"type":"Polygon","coordinates":[[[127.61825562,0.79022056],[127.73141479,0.75924397],[127.70936584,0.82120144],[127.60557556,0.91576344],[127.61840057,1.02784014],[127.60462952,1.10343623],[127.63983917,1.19575369],[127.63661957,1.32164156],[127.65705872,1.41112804],[127.72966766,1.53957987],[127.7305069,1.63095415],[127.70372009,1.7013073],[127.71916199,1.78810477],[127.78351593,1.91149712],[127.74389648,1.95894384],[127.67404175,1.90357316],[127.61402893,1.783764],[127.57591248,1.75986743],[127.58136749,1.66379607],[127.51622772,1.56883538],[127.53585815,1.50362813],[127.51990509,1.4314878],[127.40567017,1.22868514],[127.42901611,1.15816069],[127.39979553,1.05495739],[127.47930145,1.06442857],[127.51248932,0.95327461],[127.49165344,0.89361012],[127.62776184,0.86106837],[127.61825562,0.79022056]]]},"properties":{"GID_0":"IDN","NAME_0":"Indonesia","GID_1":"IDN.18_1","NAME_1":"Maluku Utara","NL_NAME_1":"","GID_2":"IDN.18.1_1","NAME_2":"Halmahera Barat","VARNAME_2":"","NL_NAME_2":"","TYPE_2":"Kabupaten","ENGTYPE_2":"Regency","CC_2":"8201","HASC_2":"ID.MU.HB"}},
  {"type":"Feature","geometry":{"type":"MultiPolygon","coordinates":[[[[128.16674805,-1.64407778],[127.93498993,-1.44859827],[127.84592438,-1.43811667],[127.7578125,-1.35191143],[127.64138794,-1.33020508],[127.51316071,-1.41809237],[127.43961334,-1.44537878],[127.3915863,-1.61640322],[127.40841675,-1.66166198],[127.50518036,-1.72593963],[127.65312958,-1.73063004],[127.70632172,-1.68971682],[127.81699371,-1.70086503],[127.90570831,-1.68444514],[128.02442932,-1.72731006],[128.10174561,-1.71420789],[128.16674805,-1.64407778]]],[[[127.65357208,-1.22381592],[127.5390625,-1.17926621],[127.46523285,-1.24130023],[127.68864441,-1.28460419],[127.65357208,-1.22381592]]],[[[127.31678772,-0.76037854],[127.30173492,-0.68081117],[127.25305176,-0.6485039],[127.16764069,-0.71833658],[127.20017242,-0.77894169],[127.31678772,-0.76037854]]],[[[127.40383148,0.27722943],[127.44347382,0.32425055],[127.3736496,0.36230284],[127.3500824,0.30892849],[127.40383148,0.27722943]]],[[[127.73999786,-0.86211151],[127.8431778,-0.84338564],[127.88033295,-0.81150872],[127.87329102,-0.71768802],[127.79740143,-0.67859858],[127.67193604,-0.71000373],[127.60187531,-0.5757066],[127.69260406,-0.45636499],[127.61489105,-0.40209204],[127.56887054,-0.31550831],[127.4859848,-0.33950272],[127.45115662,-0.41897216],[127.37184906,-0.31704152],[127.29114532,-0.47076544],[127.30517578,-0.50973129],[127.4125061,-0.61917859],[127.48045349,-0.63088042],[127.44329071,-0.73122716],[127.47439575,-0.82351202],[127.65139771,-0.74817795],[127.65836334,-0.81260937],[127.73999786,-0.86211151]]],[[[127.69971466,-0.01002277],[127.69985199,-0.09989018],[127.66107941,-0.20850062],[127.68684387,-0.26971391],[127.81716919,-0.33734107],[127.88116455,-0.38959792],[128.00238037,-0.66759586],[128.06520081,-0.71767503],[128.22695923,-0.77324903],[128.24276733,-0.85589778],[128.35215759,-0.88953429],[128.38201904,-0.85341138],[128.20974731,-0.69175774],[128.18589783,-0.62964398],[128.102005,-0.51129407],[127.98258972,-0.26576951],[127.96546173,-0.16358736],[127.88965607,0.00072114],[127.9216156,0.17678691],[127.87239075,0.13050416],[127.78865814,0.15223004],[127.79656219,0.05371371],[127.69971466,-0.01002277]]],[[[127.26020813,-0.47821581],[127.25865173,-0.27420312],[127.1476593,-0.25873116],[127.11664581,-0.38284221],[127.12283325,-0.50956786],[127.21550751,-0.51836491],[127.26020813,-0.47821581]]]]},"properties":{"GID_0":"IDN","NAME_0":"Indonesia","GID_1":"IDN.18_1","NAME_1":"Maluku Utara","NL_NAME_1":"","GID_2":"IDN.18.2_1","NAME_2":"Halmahera Selatan","VARNAME_2":"","NL_NAME_2":"","TYPE_2":"Kabupaten","ENGTYPE_2":"Regency","CC_2":"8204","HASC_2":"ID.MU.HS"}},
  {"type":"Feature","geometry":{"type":"Polygon","coordinates":[[[127.9216156,0.17678691],[127.91819763,0.27459711],[127.87187195,0.30987367],[127.92145538,0.45898768],[128.0422821,0.47814468],[128.28129578,0.39665055],[128.48440552,0.39079651],[128.56047058,0.31778651],[128.82810974,0.25907385],[128.77928162,0.31837028],[128.675354,0.33871621],[128.67921448,0.50602627],[128.62359619,0.44748905],[128.54348755,0.42251679],[128.5045929,0.4765268],[128.35848999,0.51059383],[128.31639099,0.55462223],[128.21421814,0.59939933],[128.11730957,0.59138817],[127.99601746,0.65680695],[127.85390472,0.61915421],[127.79206085,0.64263982],[127.8259964,0.5427084],[127.77770996,0.48354459],[127.77510071,0.41285098],[127.82354736,0.20963012],[127.78865814,0.15223004],[127.87239075,0.13050416],[127.9216156,0.17678691]]]},"properties":{"GID_0":"IDN","NAME_0":"Indonesia","GID_1":"IDN.18_1","NAME_1":"Maluku Utara","NL_NAME_1":"","GID_2":"IDN.18.3_1","NAME_2":"Halmahera Tengah","VARNAME_2":"","NL_NAME_2":"","TYPE_2":"Kabupaten","ENGTYPE_2":"Regency","CC_2":"8202","HASC_2":"ID.MU.HT"}},
  {"type":"Feature","geometry":{"type":"Polygon","coordinates":[[[127.79206085,0.64263982],[127.85390472,0.61915421],[127.99601746,0.65680695],[128.11730957,0.59138817],[128.21421814,0.59939933],[128.31639099,0.55462223],[128.35848999,0.51059383],[128.5045929,0.4765268],[128.54348755,0.42251679],[128.62359619,0.44748905],[128.67921448,0.50602627],[128.62353516,0.5581702],[128.57196045,0.56161618],[128.44662476,0.62513161],[128.31240845,0.66016167],[128.19900513,0.78822553],[128.33465576,0.91187453],[128.3837738,0.91088247],[128.68339539,1.06788409],[128.69064331,1.19639969],[128.73873901,1.30859709],[128.75682068,1.39852083],[128.71231079,1.41823316],[128.68096924,1.49468899],[128.72303772,1.57240701],[128.66714478,1.58938038],[128.46931458,1.55136704],[128.36721802,1.49849081],[128.34350586,1.45913815],[128.24436951,1.42002249],[128.16670227,1.36643732],[128.09231567,1.2427088],[128.18019104,1.24229598],[128.20059204,1.19588959],[128.16836548,1.12660098],[128.03291321,1.11624634],[127.98117065,1.08714175],[127.92559814,0.9587388],[127.93094635,0.87678784],[127.84391785,0.80488098],[127.75397491,0.80750072],[127.69403076,0.87914526],[127.70936584,0.82120144],[127.73141479,0.75924397],[127.79206085,0.64263982]]]},"properties":{"GID_0":"IDN","NAME_0":"Indonesia","GID_1":"IDN.18_1","NAME_1":"Maluku Utara","NL_NAME_1":"","GID_2":"IDN.18.4_1","NAME_2":"Halmahera Timur","VARNAME_2":"","NL_NAME_2":"","TYPE_2":"Kabupaten","ENGTYPE_2":"Regency","CC_2":"8206","HASC_2":"ID.MU.HI"}},
  {"type":"Feature","geometry":{"type":"Polygon","coordinates":[[[127.69403076,0.87914526],[127.63140869,0.9421804],[127.65510559,1.02687335],[127.75848389,1.06877661],[127.84766388,1.15315819],[127.90338898,1.15020919],[127.91939545,1.22755587],[127.99942017,1.30759752],[127.98789215,1.36325192],[128.02423096,1.46855724],[128.03738403,1.58298206],[127.9876709,1.61474311],[128.02198792,1.70357466],[127.93395233,1.80796456],[127.84578705,1.82356846],[127.85336304,1.92685652],[127.94796753,1.98806918],[127.9546814,2.04038763],[128.06376648,2.17074704],[128.05363464,2.20098948],[127.9370575,2.18541765],[127.83875275,2.09223151],[127.74389648,1.95894384],[127.78351593,1.91149712],[127.71916199,1.78810477],[127.70372009,1.7013073],[127.7305069,1.63095415],[127.72966766,1.53957987],[127.65705872,1.41112804],[127.63661957,1.32164156],[127.63983917,1.19575369],[127.60462952,1.10343623],[127.61840057,1.02784014],[127.60557556,0.91576344],[127.70936584,0.82120144],[127.69403076,0.87914526]]]},"properties":{"GID_0":"IDN","NAME_0":"Indonesia","GID_1":"IDN.18_1","NAME_1":"Maluku Utara","NL_NAME_1":"","GID_2":"IDN.18.5_1","NAME_2":"Halmahera Utara","VARNAME_2":"","NL_NAME_2":"","TYPE_2":"Kabupaten","ENGTYPE_2":"Regency","CC_2":"8205","HASC_2":"ID.MU.HR"}},
  {"type":"Feature","geometry":{"type":"MultiPolygon","coordinates":[[[[125.98104858,-2.05617809],[125.9872818,-2.01549792],[125.9083252,-1.97531235],[125.85591888,-2.09182191],[125.87871552,-2.20595264],[125.95860291,-2.32603788],[125.99255371,-2.44231296],[126.07292175,-2.42219806],[125.95713806,-2.14518905],[125.98104858,-2.05617809]]],[[[125.92601776,-1.93564224],[126.08916473,-1.87886572],[126.24573517,-1.87949145],[126.30570984,-1.82847333],[126.19665527,-1.8048408],[126.12771606,-1.8111794],[125.88499451,-1.79469192],[125.63134003,-1.82917678],[125.5620575,-1.80217302],[125.49015045,-1.81927371],[125.45737457,-1.77755845],[125.36664581,-1.77906597],[125.32826233,-1.83120787],[125.43380737,-1.88593709],[125.44065094,-1.92737746],[125.52936554,-1.9481926],[125.57854462,-1.9289242],[125.76078796,-1.9288311],[125.84377289,-1.89575577],[125.92601776,-1.93564224]]],[[[125.12713623,-1.87751651],[125.31479645,-1.89346695],[125.32398987,-1.79823434],[125.29618835,-1.73505461],[125.10771942,-1.69119298],[125.10434723,-1.75313735],[125.0477829,-1.77143061],[124.95859528,-1.69495332],[124.75083923,-1.67071664],[124.67146301,-1.64392495],[124.5570755,-1.63841808],[124.40055084,-1.66007471],[124.36281586,-1.70221972],[124.33701324,-1.89079845],[124.37870026,-1.94163167],[124.39213562,-2.01931477],[124.52433777,-2.01827216],[124.69348145,-1.97044504],[124.77407074,-1.91584361],[124.86174011,-1.89162028],[124.89082336,-1.92659569],[124.99461365,-1.93175375],[125.01563263,-1.89782202],[125.12713623,-1.87751651]]]]},"properties":{"GID_0":"IDN","NAME_0":"Indonesia","GID_1":"IDN.18_1","NAME_1":"Maluku Utara","NL_NAME_1":"","GID_2":"IDN.18.6_1","NAME_2":"Kepulauan Sula","VARNAME_2":"","NL_NAME_2":"","TYPE_2":"Kabupaten","ENGTYPE_2":"Regency","CC_2":"8203","HASC_2":"ID.MU.KS"}},
  {"type":"Feature","geometry":{"type":"Polygon","coordinates":[[[128.2467041,2.16941547],[128.25340271,2.09360433],[128.30073547,2.03597641],[128.52192688,2.06884098],[128.62303162,2.21385789],[128.64768982,2.36036801],[128.69389343,2.42244339],[128.67332458,2.498559],[128.56018066,2.64194727],[128.52018738,2.57608056],[128.46794128,2.5965147],[128.41192627,2.52862263],[128.29747009,2.44285631],[128.2883606,2.38057685],[128.21318054,2.3020432],[128.24621582,2.24993658],[128.2467041,2.16941547]]]},"properties":{"GID_0":"IDN","NAME_0":"Indonesia","GID_1":"IDN.18_1","NAME_1":"Maluku Utara","NL_NAME_1":"","GID_2":"IDN.18.7_1","NAME_2":"Pulau Morotai","VARNAME_2":"","NL_NAME_2":"","TYPE_2":"Kabupaten","ENGTYPE_2":"Regency","CC_2":"8207","HASC_2":"ID.MU.PM"}},
  {"type":"Feature","geometry":{"type":"Polygon","coordinates":[[[127.38813782,0.80840951],[127.32752228,0.8675524],[127.29402161,0.79104501],[127.37601471,0.76368618],[127.38813782,0.80840951]]]},"properties":{"GID_0":"IDN","NAME_0":"Indonesia","GID_1":"IDN.18_1","NAME_1":"Maluku Utara","NL_NAME_1":"","GID_2":"IDN.18.8_1","NAME_2":"Ternate","VARNAME_2":"","NL_NAME_2":"","TYPE_2":"Kota","ENGTYPE_2":"City","CC_2":"8271","HASC_2":"ID.MU.TE"}},
  {"type":"Feature","geometry":{"type":"MultiPolygon","coordinates":[[[[127.45559692,0.6798079],[127.40562439,0.75900126],[127.36223602,0.67946786],[127.42868805,0.62894845],[127.45559692,0.6798079]]],[[[127.69971466,-0.01002277],[127.79656219,0.05371371],[127.78865814,0.15223004],[127.82354736,0.20963012],[127.77510071,0.41285098],[127.77770996,0.48354459],[127.8259964,0.5427084],[127.79206085,0.64263982],[127.73141479,0.75924397],[127.61825562,0.79022056],[127.54725647,0.72876382],[127.52729034,0.55282831],[127.55956268,0.52067548],[127.57850647,0.41525313],[127.62104034,0.36114934],[127.72103882,0.34230164],[127.73429871,0.31112987],[127.69223022,0.14474337],[127.72187805,0.06939498],[127.69971466,-0.01002277]]]]},"properties":{"GID_0":"IDN","NAME_0":"Indonesia","GID_1":"IDN.18_1","NAME_1":"Maluku Utara","NL_NAME_1":"","GID_2":"IDN.18.9_1","NAME_2":"Tidore Kepulauan","VARNAME_2":"","NL_NAME_2":"","TYPE_2":"Kota","ENGTYPE_2":"City","CC_2":"8272","HASC_2":"ID.MU.TK"}},
  {"type":"Feature","geometry":{"type":"MultiPolygon","coordinates":[[[[117.76546478,-8.14352131],[117.85118866,-8.21335411],[117.92878723,-8.21999454],[118.04524231,-8.33557224],[118.20485687,-8.43654823],[118.29125977,-8.4319067],[118.31742859,-8.37032509],[118.23352814,-8.33225155],[118.16251373,-8.24171543],[118.14667511,-8.14087486],[118.08071899,-8.10028362],[117.95211792,-8.10298824],[117.92382813,-8.08005428],[117.76546478,-8.14352131]]],[[[119.05942535,-8.25981903],[119.11502838,-8.22326851],[119.09098816,-8.13394547],[119.00092316,-8.17737484],[119.01077271,-8.24565315],[119.05942535,-8.25981903]]],[[[118.47832489,-8.88489723],[118.63761902,-8.81360912],[118.75813293,-8.79704666],[118.84404755,-8.84293556],[118.93745422,-8.83177376],[118.90627289,-8.76601601],[118.73936462,-8.76473522],[118.76442719,-8.6931181],[118.83821869,-8.7151823],[118.92878723,-8.69484615],[118.96559906,-8.74352646],[119.03629303,-8.73287773],[119.12801361,-8.75196552],[119.15647888,-8.65788555],[119.03578186,-8.64178467],[119.01300049,-8.53776073],[119.04808807,-8.46256542],[118.99210358,-8.3765173],[119.00054932,-8.31033707],[118.88960266,-8.28446484],[118.8001709,-8.28715801],[118.72898102,-8.34907627],[118.8052063,-8.42552376],[118.86521912,-8.42532253],[118.89601135,-8.48984909],[118.80145264,-8.53259373],[118.71361542,-8.49658489],[118.68584442,-8.45986652],[118.69567871,-8.3770113],[118.64575195,-8.28951645],[118.46333313,-8.24642277],[118.44390869,-8.26868343],[118.54263306,-8.39487076],[118.50256348,-8.44308853],[118.49349213,-8.53968239],[118.53582764,-8.64867783],[118.48370361,-8.82015038],[118.47832489,-8.88489723]]]]},"properties":{"GID_0":"IDN","NAME_0":"Indonesia","GID_1":"IDN.20_1","NAME_1":"Nusa Tenggara Barat","NL_NAME_1":"","GID_2":"IDN.20.1_1","NAME_2":"Bima","VARNAME_2":"","NL_NAME_2":"","TYPE_2":"Kabupaten","ENGTYPE_2":"Regency","CC_2":"5206","HASC_2":"ID.NB.BI"}},
  {"type":"Feature","geometry":{"type":"Polygon","coordinates":[[[118.47832489,-8.88489723],[118.48370361,-8.82015038],[118.53582764,-8.64867783],[118.49349213,-8.53968239],[118.50256348,-8.44308853],[118.54263306,-8.39487076],[118.44390869,-8.26868343],[118.31742859,-8.37032509],[118.29125977,-8.4319067],[118.20485687,-8.43654823],[118.04524231,-8.33557224],[117.92878723,-8.21999454],[117.85118866,-8.21335411],[117.76546478,-8.14352131],[117.7204895,-8.16166687],[117.71177673,-8.24288845],[117.83023071,-8.37260818],[117.98587036,-8.4656992],[118.08211517,-8.45072269],[118.1056366,-8.49536705],[118.27133942,-8.58652306],[118.27406311,-8.65269947],[118.17582703,-8.65484524],[118.19038391,-8.70623779],[118.31365204,-8.69355392],[118.3330307,-8.7128582],[118.39389801,-8.68264771],[118.38008118,-8.82995033],[118.47832489,-8.88489723]]]},"properties":{"GID_0":"IDN","NAME_0":"Indonesia","GID_1":"IDN.20_1","NAME_1":"Nusa Tenggara Barat","NL_NAME_1":"","GID_2":"IDN.20.2_1","NAME_2":"Dompu","VARNAME_2":"","NL_NAME_2":"","TYPE_2":"Kabupaten","ENGTYPE_2":"Regency","CC_2":"5205","HASC_2":"ID.NB.DO"}},
  {"type":"Feature","geometry":{"type":"Polygon","coordinates":[[[118.71361542,-8.49658489],[118.80145264,-8.53259373],[118.89601135,-8.48984909],[118.86521912,-8.42532253],[118.8052063,-8.42552376],[118.72898102,-8.34907627],[118.69827271,-8.41139698],[118.71361542,-8.49658489]]]},"properties":{"GID_0":"IDN","NAME_0":"Indonesia","GID_1":"IDN.20_1","NAME_1":"Nusa Tenggara Barat","NL_NAME_1":"","GID_2":"IDN.20.3_1","NAME_2":"Kota Bima","VARNAME_2":"","NL_NAME_2":"","TYPE_2":"Kota","ENGTYPE_2":"City","CC_2":"5272","HASC_2":"ID.NB.BM"}},
  {"type":"Feature","geometry":{"type":"Polygon","coordinates":[[[116.07401276,-8.62526608],[116.04404449,-8.76597404],[115.98736572,-8.7296257],[115.91400146,-8.77533054],[115.86686707,-8.74620628],[115.82881927,-8.7986536],[115.94474792,-8.84102726],[116.00426483,-8.90298653],[116.10137939,-8.86982918],[116.09169006,-8.8452034],[116.17446899,-8.72696114],[116.17861938,-8.62033558],[116.26513672,-8.57863045],[116.31609344,-8.51694965],[116.3035202,-8.4616251],[116.33895874,-8.41051579],[116.21448517,-8.48019409],[116.03695679,-8.47019482],[116.06942749,-8.55104065],[116.14276123,-8.56558609],[116.15071869,-8.61219788],[116.07401276,-8.62526608]]]},"properties":{"GID_0":"IDN","NAME_0":"Indonesia","GID_1":"IDN.20_1","NAME_1":"Nusa Tenggara Barat","NL_NAME_1":"","GID_2":"IDN.20.4_1","NAME_2":"Lombok Barat","VARNAME_2":"","NL_NAME_2":"","TYPE_2":"Kabupaten","ENGTYPE_2":"Regency","CC_2":"5201","HASC_2":"ID.NB.LR"}},
  {"type":"Feature","geometry":{"type":"Polygon","coordinates":[[[116.10137939,-8.86982918],[116.17897797,-8.91181183],[116.36620331,-8.90927887],[116.40262604,-8.86455917],[116.39009857,-8.82147121],[116.44626617,-8.74427605],[116.38130951,-8.66676521],[116.38555908,-8.48940754],[116.40627289,-8.43452168],[116.33895874,-8.41051579],[116.3035202,-8.4616251],[116.31609344,-8.51694965],[116.26513672,-8.57863045],[116.17861938,-8.62033558],[116.17446899,-8.72696114],[116.09169006,-8.8452034],[116.10137939,-8.86982918]]]},"properties":{"GID_0":"IDN","NAME_0":"Indonesia","GID_1":"IDN.20_1","NAME_1":"Nusa Tenggara Barat","NL_NAME_1":"","GID_2":"IDN.20.5_1","NAME_2":"Lombok Tengah","VARNAME_2":"","NL_NAME_2":"","TYPE_2":"Kabupaten","ENGTYPE_2":"Regency","CC_2":"5202","HASC_2":"ID.NB.LT"}},
  {"type":"Feature","geometry":{"type":"Polygon","coordinates":[[[116.40627289,-8.43452168],[116.38555908,-8.48940754],[116.38130951,-8.66676521],[116.44626617,-8.74427605],[116.39009857,-8.82147121],[116.40262604,-8.86455917],[116.47183228,-8.92139149],[116.56730652,-8.89156628],[116.51010895,-8.77902317],[116.66711426,-8.5556469],[116.66216278,-8.48643875],[116.71070862,-8.44345284],[116.7181015,-8.34828949],[116.65962219,-8.29442692],[116.49398804,-8.24550533],[116.46683502,-8.32944393],[116.40627289,-8.43452168]]]},"properties":{"GID_0":"IDN","NAME_0":"Indonesia","GID_1":"IDN.20_1","NAME_1":"Nusa Tenggara Barat","NL_NAME_1":"","GID_2":"IDN.20.6_1","NAME_2":"Lombok Timur","VARNAME_2":"","NL_NAME_2":"","TYPE_2":"Kabupaten","ENGTYPE_2":"Regency","CC_2":"5203","HASC_2":"ID.NB.LI"}},
  {"type":"Feature","geometry":{"type":"Polygon","coordinates":[[[116.40627289,-8.43452168],[116.46683502,-8.32944393],[116.49398804,-8.24550533],[116.35018921,-8.21115017],[116.26963806,-8.24483299],[116.17932129,-8.33969688],[116.06192017,-8.4060545],[116.03695679,-8.47019482],[116.21448517,-8.48019409],[116.33895874,-8.41051579],[116.40627289,-8.43452168]]]},"properties":{"GID_0":"IDN","NAME_0":"Indonesia","GID_1":"IDN.20_1","NAME_1":"Nusa Tenggara Barat","NL_NAME_1":"","GID_2":"IDN.20.7_1","NAME_2":"Lombok Utara","VARNAME_2":"","NL_NAME_2":"","TYPE_2":"Kabupaten","ENGTYPE_2":"Regency","CC_2":"5208","HASC_2":"ID.NB.LU"}},
  {"type":"Feature","geometry":{"type":"Polygon","coordinates":[[[116.07401276,-8.62526608],[116.15071869,-8.61219788],[116.14276123,-8.56558609],[116.06942749,-8.55104065],[116.07401276,-8.62526608]]]},"properties":{"GID_0":"IDN","NAME_0":"Indonesia","GID_1":"IDN.20_1","NAME_1":"Nusa Tenggara Barat","NL_NAME_1":"","GID_2":"IDN.20.8_1","NAME_2":"Mataram","VARNAME_2":"","NL_NAME_2":"","TYPE_2":"Kota","ENGTYPE_2":"City","CC_2":"5271","HASC_2":"ID.NB.MA"}},
  {"type":"Feature","geometry":{"type":"MultiPolygon","coordinates":[[[[117.68992615,-8.18087292],[117.66513062,-8.1509428],[117.55914307,-8.14397049],[117.48852539,-8.18041229],[117.5069809,-8.26804352],[117.47066498,-8.35690403],[117.5280838,-8.38962078],[117.60988617,-8.23864269],[117.68992615,-8.18087292]]],[[[117.04042053,-9.10087872],[117.13557434,-9.08298302],[117.20902252,-9.019063],[117.32901764,-9.05515671],[117.39048767,-9.05242252],[117.59406281,-8.98135567],[117.67645264,-8.92464924],[117.89589691,-8.9224205],[118.07029724,-8.84118748],[118.12698364,-8.87794781],[118.18495178,-8.85405254],[118.28727722,-8.74043465],[118.3330307,-8.7128582],[118.31365204,-8.69355392],[118.19038391,-8.70623779],[118.17582703,-8.65484524],[118.0379715,-8.67240429],[117.97444153,-8.73952103],[117.87132263,-8.69646549],[117.80651855,-8.72698212],[117.75023651,-8.64916134],[117.75629425,-8.59138966],[117.62921906,-8.55209351],[117.62512207,-8.44458389],[117.56700897,-8.40927696],[117.42527771,-8.42104912],[117.3931427,-8.47225475],[117.15505981,-8.36428738],[117.11235809,-8.37041092],[116.99095917,-8.49138737],[116.88407898,-8.52594471],[116.95068359,-8.60138893],[117.06936646,-8.67797661],[117.08859253,-8.74844074],[117.06787872,-8.99944782],[117.04042053,-9.10087872]]]]},"properties":{"GID_0":"IDN","NAME_0":"Indonesia","GID_1":"IDN.20_1","NAME_1":"Nusa Tenggara Barat","NL_NAME_1":"","GID_2":"IDN.20.10_1","NAME_2":"Sumbawa","VARNAME_2":"","NL_NAME_2":"","TYPE_2":"Kabupaten","ENGTYPE_2":"Regency","CC_2":"5204","HASC_2":"ID.NB.SU"}},
  {"type":"Feature","geometry":{"type":"Polygon","coordinates":[[[117.04042053,-9.10087872],[117.06787872,-8.99944782],[117.08859253,-8.74844074],[117.06936646,-8.67797661],[116.95068359,-8.60138893],[116.88407898,-8.52594471],[116.78852844,-8.58961678],[116.75894928,-8.67446804],[116.81175232,-8.79254436],[116.73501587,-8.86636543],[116.73918915,-8.99685192],[116.78884125,-9.03589153],[117.04042053,-9.10087872]]]},"properties":{"GID_0":"IDN","NAME_0":"Indonesia","GID_1":"IDN.20_1","NAME_1":"Nusa Tenggara Barat","NL_NAME_1":"","GID_2":"IDN.20.9_1","NAME_2":"Sumbawa Barat","VARNAME_2":"","NL_NAME_2":"","TYPE_2":"Kabupaten","ENGTYPE_2":"Regency","CC_2":"5207","HASC_2":"ID.NB.SB"}},
  {"type":"Feature","geometry":{"type":"MultiPolygon","coordinates":[[[[124.41418457,-8.27033043],[124.34268951,-8.39154434],[124.35516357,-8.4388361],[124.4391861,-8.45361233],[124.50988007,-8.41839123],[124.59050751,-8.43275547],[124.66184235,-8.39016247],[124.77383423,-8.40527821],[124.88130951,-8.36550617],[125.06218719,-8.35702133],[125.1259079,-8.33709812],[125.14247894,-8.25226212],[125.09913635,-8.14991665],[124.9658432,-8.14212227],[124.91883087,-8.16344357],[124.75180054,-8.14664268],[124.60796356,-8.19698524],[124.58506775,-8.12501431],[124.47699738,-8.1280508],[124.40018463,-8.2147646],[124.41418457,-8.27033043]]],[[[124.10657501,-8.54421902],[124.2123642,-8.45955467],[124.24946594,-8.3586731],[124.30191803,-8.32967186],[124.32630157,-8.22799873],[124.27798462,-8.17560291],[124.13284302,-8.34412766],[124.05857086,-8.29297733],[123.96523285,-8.34744835],[123.9355545,-8.42323112],[124.03430176,-8.42125702],[124.10657501,-8.54421902]]]]},"properties":{"GID_0":"IDN","NAME_0":"Indonesia","GID_1":"IDN.21_1","NAME_1":"Nusa Tenggara Timur","NL_NAME_1":"","GID_2":"IDN.21.1_1","NAME_2":"Alor","VARNAME_2":"","NL_NAME_2":"","TYPE_2":"Kabupaten","ENGTYPE_2":"Regency","CC_2":"5307","HASC_2":"ID.NT.AL"}},
  {"type":"Feature","geometry":{"type":"Polygon","coordinates":[[[124.64526367,-9.58486748],[124.71644592,-9.63835812],[124.7646637,-9.59690857],[124.82134247,-9.6689806],[124.80833435,-9.78964615],[124.89548492,-9.695467],[124.98214722,-9.64012432],[124.99536133,-9.55591679],[125.08699799,-9.46341419],[125.08003998,-9.39225101],[124.9894104,-9.26796532],[124.99433136,-9.17240524],[125.17596436,-9.17220688],[125.18468475,-9.02592564],[125.11750031,-8.97020817],[125.00687408,-9.06061363],[124.87837982,-8.98008537],[124.79243469,-9.01823044],[124.8201828,-9.0791111],[124.8199234,-9.19925404],[124.85404205,-9.28612995],[124.76984406,-9.40642834],[124.78803253,-9.44521236],[124.69788361,-9.58585835],[124.64526367,-9.58486748]]]},"properties":{"GID_0":"IDN","NAME_0":"Indonesia","GID_1":"IDN.21_1","NAME_1":"Nusa Tenggara Timur","NL_NAME_1":"","GID_2":"IDN.21.2_1","NAME_2":"Belu","VARNAME_2":"","NL_NAME_2":"","TYPE_2":"Kabupaten","ENGTYPE_2":"Regency","CC_2":"5306","HASC_2":"ID.NT.BE"}},
  {"type":"Feature","geometry":{"type":"Polygon","coordinates":[[[121.41573334,-8.78804874],[121.5868988,-8.80289173],[121.64247131,-8.84928036],[121.77900696,-8.88065529],[121.88830566,-8.82799244],[121.99718475,-8.80587482],[121.93640137,-8.70573711],[122.00660706,-8.51390839],[121.84364319,-8.48202705],[121.80033875,-8.51057243],[121.68017578,-8.51201153],[121.60499573,-8.49136829],[121.52032471,-8.614254],[121.39500427,-8.71937561],[121.41573334,-8.78804874]]]},"properties":{"GID_0":"IDN","NAME_0":"Indonesia","GID_1":"IDN.21_1","NAME_1":"Nusa Tenggara Timur","NL_NAME_1":"","GID_2":"IDN.21.3_1","NAME_2":"Ende","VARNAME_2":"","NL_NAME_2":"","TYPE_2":"Kabupaten","ENGTYPE_2":"Regency","CC_2":"5311","HASC_2":"ID.NT.EN"}},
  {"type":"Feature","geometry":{"type":"MultiPolygon","coordinates":[[[[123.05742645,-8.49182701],[123.1635437,-8.4309721],[122.97722626,-8.43577099],[122.94544983,-8.49321938],[122.88166809,-8.5306778],[122.93592072,-8.59599209],[122.98402405,-8.50611305],[123.05742645,-8.49182701]]],[[[122.65419006,-8.6371212],[122.83127594,-8.58437729],[122.83660126,-8.52678013],[122.79023743,-8.48427391],[122.79837036,-8.42222118],[122.87208557,-8.45491886],[122.91391754,-8.32838345],[122.96448517,-8.35191917],[123.01976776,-8.31745434],[122.96621704,-8.1918354],[122.97153473,-8.1322813],[122.86582947,-8.06345081],[122.78073883,-8.11198044],[122.74168396,-8.22894573],[122.86611176,-8.17616749],[122.91910553,-8.20795918],[122.8720932,-8.29373455],[122.8117218,-8.2977581],[122.76778412,-8.3611002],[122.68221283,-8.38328075],[122.68652344,-8.48631287],[122.65419006,-8.6371212]]],[[[123.02566528,-8.40190411],[123.29460907,-8.38817501],[123.30511475,-8.29628754],[123.24501038,-8.22778034],[123.14887238,-8.23216248],[123.02875519,-8.31172371],[123.02566528,-8.40190411]]]]},"properties":{"GID_0":"IDN","NAME_0":"Indonesia","GID_1":"IDN.21_1","NAME_1":"Nusa Tenggara Timur","NL_NAME_1":"","GID_2":"IDN.21.4_1","NAME_2":"Flores Timur","VARNAME_2":"","NL_NAME_2":"","TYPE_2":"Kabupaten","ENGTYPE_2":"Regency","CC_2":"5309","HASC_2":"ID.NT.FT"}},
  {"type":"Feature","geometry":{"type":"Polygon","coordinates":[[[123.52835083,-10.20983696],[123.62988281,-10.28495979],[123.6696167,-10.13013458],[123.56190491,-10.17211056],[123.52835083,-10.20983696]]]},"properties":{"GID_0":"IDN","NAME_0":"Indonesia","GID_1":"IDN.21_1","NAME_1":"Nusa Tenggara Timur","NL_NAME_1":"","GID_2":"IDN.21.5_1","NAME_2":"Kota Kupang","VARNAME_2":"","NL_NAME_2":"","TYPE_2":"Kota","ENGTYPE_2":"City","CC_2":"5371","HASC_2":"ID.NT.KM"}},
  {"type":"Feature","geometry":{"type":"MultiPolygon","coordinates":[[[[123.45510864,-10.20323277],[123.4513855,-10.11421585],[123.39655304,-10.13394356],[123.30542755,-10.31178761],[123.37932587,-10.31145287],[123.45510864,-10.20323277]]],[[[123.52835083,-10.20983696],[123.45548248,-10.34916496],[123.53272247,-10.32918835],[123.62213135,-10.35836124],[123.79768372,-10.35523796],[123.97584534,-10.27400398],[124.01662445,-10.27399254],[124.10037231,-10.18083286],[124.21988678,-10.16287041],[124.14568329,-9.99474621],[124.08139801,-9.92327213],[124.09394073,-9.80885983],[124.06726837,-9.75868511],[124.09107971,-9.69337463],[124.09515381,-9.58032513],[124.15814209,-9.55218506],[124.18988037,-9.48316669],[124.09591675,-9.4060955],[124.04654694,-9.34883213],[123.99521637,-9.34207535],[123.93270874,-9.42274094],[123.73368835,-9.56752872],[123.6741333,-9.62847042],[123.67024231,-9.8278141],[123.64604187,-9.89087391],[123.57849884,-9.94330215],[123.58628082,-10.03464127],[123.65402985,-10.00946617],[123.75172424,-10.02851772],[123.74137115,-10.09856701],[123.6696167,-10.13013458],[123.62988281,-10.28495979],[123.52835083,-10.20983696]]]]},"properties":{"GID_0":"IDN","NAME_0":"Indonesia","GID_1":"IDN.21_1","NAME_1":"Nusa Tenggara Timur","NL_NAME_1":"","GID_2":"IDN.21.6_1","NAME_2":"Kupang","VARNAME_2":"","NL_NAME_2":"","TYPE_2":"Kabupaten","ENGTYPE_2":"Regency","CC_2":"5303","HASC_2":"ID.NT.KP"}},
  {"type":"Feature","geometry":{"type":"Polygon","coordinates":[[[123.30997467,-8.52829933],[123.38767242,-8.58158207],[123.50234222,-8.51460266],[123.62486267,-8.40173435],[123.67197418,-8.4240284],[123.84620667,-8.21115017],[123.78225708,-8.16717339],[123.65733337,-8.24299049],[123.55393219,-8.36572266],[123.51786804,-8.34893608],[123.56126404,-8.24917889],[123.49516296,-8.23949242],[123.43271637,-8.29532814],[123.47342682,-8.33302593],[123.33929443,-8.39590836],[123.22025299,-8.53003025],[123.30997467,-8.52829933]]]},"properties":{"GID_0":"IDN","NAME_0":"Indonesia","GID_1":"IDN.21_1","NAME_1":"Nusa Tenggara Timur","NL_NAME_1":"","GID_2":"IDN.21.7_1","NAME_2":"Lembata","VARNAME_2":"","NL_NAME_2":"","TYPE_2":"Kabupaten","ENGTYPE_2":"Regency","CC_2":"5308","HASC_2":"ID.NT.LE"}},
  {"type":"Feature","geometry":{"type":"Polygon","coordinates":[[[120.22814941,-8.84151173],[120.31136322,-8.85516357],[120.37094116,-8.81906605],[120.51839447,-8.81839657],[120.50186157,-8.71982193],[120.51047516,-8.5658884],[120.54627228,-8.49976158],[120.47805023,-8.38205433],[120.49278259,-8.29268265],[120.29156494,-8.28068542],[120.2840271,-8.42261028],[120.39879608,-8.45077896],[120.37253571,-8.51424026],[120.28529358,-8.59720898],[120.2818222,-8.65169144],[120.33278656,-8.69391155],[120.28107452,-8.7889967],[120.22814941,-8.84151173]]]},"properties":{"GID_0":"IDN","NAME_0":"Indonesia","GID_1":"IDN.21_1","NAME_1":"Nusa Tenggara Timur","NL_NAME_1":"","GID_2":"IDN.21.10_1","NAME_2":"Manggarai","VARNAME_2":"","NL_NAME_2":"","TYPE_2":"Kabupaten","ENGTYPE_2":"Regency","CC_2":"5313","HASC_2":"ID.NT.MG"}},
  {"type":"Feature","geometry":{"type":"MultiPolygon","coordinates":[[[[120.22814941,-8.84151173],[120.28107452,-8.7889967],[120.33278656,-8.69391155],[120.2818222,-8.65169144],[120.28529358,-8.59720898],[120.37253571,-8.51424026],[120.39879608,-8.45077896],[120.2840271,-8.42261028],[120.29156494,-8.28068542],[120.20050812,-8.3056078],[120.12526703,-8.41655827],[120.02197266,-8.38256359],[119.95041656,-8.45611382],[119.87730408,-8.45891953],[119.87355042,-8.5173769],[119.80518341,-8.57058525],[119.79966736,-8.75975704],[119.83538055,-8.79805851],[119.94496918,-8.82054806],[120.15698242,-8.78512478],[120.22814941,-8.84151173]]],[[[119.71777344,-8.78909111],[119.717453,-8.68155098],[119.76854706,-8.61552334],[119.66217041,-8.6126833],[119.60438538,-8.7541008],[119.71777344,-8.78909111]]],[[[119.45404816,-8.6115036],[119.55725861,-8.59865856],[119.57130432,-8.48977184],[119.44591522,-8.48395252],[119.42384338,-8.55050087],[119.45404816,-8.6115036]]]]},"properties":{"GID_0":"IDN","NAME_0":"Indonesia","GID_1":"IDN.21_1","NAME_1":"Nusa Tenggara Timur","NL_NAME_1":"","GID_2":"IDN.21.8_1","NAME_2":"Manggarai Barat","VARNAME_2":"","NL_NAME_2":"","TYPE_2":"Kabupaten","ENGTYPE_2":"Regency","CC_2":"5315","HASC_2":"ID.NT.MB"}},
  {"type":"Feature","geometry":{"type":"Polygon","coordinates":[[[120.81917572,-8.83596992],[120.89138794,-8.65016747],[120.85108185,-8.5364399],[120.94953156,-8.37087059],[120.80783081,-8.33847618],[120.73299408,-8.34867668],[120.62767792,-8.26776695],[120.59080505,-8.29711437],[120.49278259,-8.29268265],[120.47805023,-8.38205433],[120.54627228,-8.49976158],[120.51047516,-8.5658884],[120.50186157,-8.71982193],[120.51839447,-8.81839657],[120.5958252,-8.81503201],[120.65587616,-8.8700943],[120.7538147,-8.89293575],[120.81917572,-8.83596992]]]},"properties":{"GID_0":"IDN","NAME_0":"Indonesia","GID_1":"IDN.21_1","NAME_1":"Nusa Tenggara Timur","NL_NAME_1":"","GID_2":"IDN.21.9_1","NAME_2":"Manggarai Timur","VARNAME_2":"","NL_NAME_2":"","TYPE_2":"Kabupaten","ENGTYPE_2":"Regency","CC_2":"5319","HASC_2":"ID.NT.MT"}},
  {"type":"Feature","geometry":{"type":"Polygon","coordinates":[[[121.13928223,-8.89801979],[121.26971436,-8.88651848],[121.34243774,-8.9050827],[121.37727356,-8.79669285],[121.41573334,-8.78804874],[121.39500427,-8.71937561],[121.52032471,-8.614254],[121.46212769,-8.56082344],[121.34624481,-8.54895782],[121.30780792,-8.48160839],[121.17323303,-8.44069672],[121.18392181,-8.51195526],[121.12706757,-8.60202503],[121.0959549,-8.75937843],[121.14013672,-8.84313107],[121.13928223,-8.89801979]]]},"properties":{"GID_0":"IDN","NAME_0":"Indonesia","GID_1":"IDN.21_1","NAME_1":"Nusa Tenggara Timur","NL_NAME_1":"","GID_2":"IDN.21.11_1","NAME_2":"Nagekeo","VARNAME_2":"","NL_NAME_2":"","TYPE_2":"Kabupaten","ENGTYPE_2":"Regency","CC_2":"5318","HASC_2":"ID.NT.NK"}},
  {"type":"Feature","geometry":{"type":"Polygon","coordinates":[[[120.81917572,-8.83596992],[120.9588089,-8.94479942],[121.01508331,-8.95639706],[121.13928223,-8.89801979],[121.14013672,-8.84313107],[121.0959549,-8.75937843],[121.12706757,-8.60202503],[121.18392181,-8.51195526],[121.17323303,-8.44069672],[121.02381134,-8.41414833],[120.94953156,-8.37087059],[120.85108185,-8.5364399],[120.89138794,-8.65016747],[120.81917572,-8.83596992]]]},"properties":{"GID_0":"IDN","NAME_0":"Indonesia","GID_1":"IDN.21_1","NAME_1":"Nusa Tenggara Timur","NL_NAME_1":"","GID_2":"IDN.21.12_1","NAME_2":"Ngada","VARNAME_2":"","NL_NAME_2":"","TYPE_2":"Kabupaten","ENGTYPE_2":"Regency","CC_2":"5312","HASC_2":"ID.NT.ND"}},
  {"type":"Feature","geometry":{"type":"Polygon","coordinates":[[[123.23271179,-10.60508537],[123.12651825,-10.64581776],[123.04228973,-10.72955132],[122.86265564,-10.75676727],[122.81002045,-10.78199482],[122.82479095,-10.92308331],[122.95652771,-10.89873314],[122.98873138,-10.86053371],[123.0892868,-10.85668182],[123.12560272,-10.81807613],[123.18919373,-10.83688164],[123.25422668,-10.73359776],[123.42540741,-10.65660572],[123.38349152,-10.56850433],[123.36933899,-10.47829056],[123.26337433,-10.52131939],[123.23271179,-10.60508537]]]},"properties":{"GID_0":"IDN","NAME_0":"Indonesia","GID_1":"IDN.21_1","NAME_1":"Nusa Tenggara Timur","NL_NAME_1":"","GID_2":"IDN.21.13_1","NAME_2":"Rote Ndao","VARNAME_2":"","NL_NAME_2":"","TYPE_2":"Kabupaten","ENGTYPE_2":"Regency","CC_2":"5314","HASC_2":"ID.NT.RN"}},
  {"type":"Feature","geometry":{"type":"Polygon","coordinates":[[[121.84011078,-10.6252861],[121.87485504,-10.61831951],[121.99702454,-10.52253246],[122.00015259,-10.44370747],[121.91053772,-10.41879559],[121.84076691,-10.4889822],[121.68535614,-10.57507038],[121.74930573,-10.61513138],[121.84011078,-10.6252861]]]},"properties":{"GID_0":"IDN","NAME_0":"Indonesia","GID_1":"IDN.21_1","NAME_1":"Nusa Tenggara Timur","NL_NAME_1":"","GID_2":"IDN.21.14_1","NAME_2":"Sabu Raijua","VARNAME_2":"","NL_NAME_2":"","TYPE_2":"Kabupaten","ENGTYPE_2":"Regency","CC_2":"5320","HASC_2":"ID.NT.SJ"}},
  {"type":"Feature","geometry":{"type":"Polygon","coordinates":[[[121.99718475,-8.80587482],[122.11726379,-8.72959614],[122.19449615,-8.74919224],[122.45194244,-8.73670864],[122.55578613,-8.66757584],[122.65419006,-8.6371212],[122.68652344,-8.48631287],[122.68221283,-8.38328075],[122.59719086,-8.39287663],[122.5467453,-8.46417999],[122.49134064,-8.47298717],[122.50749207,-8.5552969],[122.46160126,-8.60310555],[122.22128296,-8.61999607],[122.15772247,-8.55473995],[122.00660706,-8.51390839],[121.93640137,-8.70573711],[121.99718475,-8.80587482]]]},"properties":{"GID_0":"IDN","NAME_0":"Indonesia","GID_1":"IDN.21_1","NAME_1":"Nusa Tenggara Timur","NL_NAME_1":"","GID_2":"IDN.21.15_1","NAME_2":"Sikka","VARNAME_2":"","NL_NAME_2":"","TYPE_2":"Kabupaten","ENGTYPE_2":"Regency","CC_2":"5310","HASC_2":"ID.NT.SI"}},
  {"type":"Feature","geometry":{"type":"Polygon","coordinates":[[[119.14457703,-9.73002148],[119.30130768,-9.74435711],[119.38450623,-9.79580784],[119.47151947,-9.74120998],[119.54304504,-9.75265694],[119.53476715,-9.69386101],[119.46959686,-9.67752361],[119.47953033,-9.52532673],[119.41600037,-9.37370682],[119.39076233,-9.38310051],[119.37723541,-9.50321865],[119.41364288,-9.56239223],[119.30298615,-9.6736393],[119.23417664,-9.68986797],[119.1625824,-9.66293526],[119.14457703,-9.73002148]]]},"properties":{"GID_0":"IDN","NAME_0":"Indonesia","GID_1":"IDN.21_1","NAME_1":"Nusa Tenggara Timur","NL_NAME_1":"","GID_2":"IDN.21.17_1","NAME_2":"Sumba Barat","VARNAME_2":"","NL_NAME_2":"","TYPE_2":"Kabupaten","ENGTYPE_2":"Regency","CC_2":"5301","HASC_2":"ID.NT.SR"}},
  {"type":"Feature","geometry":{"type":"Polygon","coordinates":[[[119.14457703,-9.73002148],[119.1625824,-9.66293526],[119.23417664,-9.68986797],[119.30298615,-9.6736393],[119.41364288,-9.56239223],[119.37723541,-9.50321865],[119.39076233,-9.38310051],[119.30157471,-9.35749149],[119.21901703,-9.39104939],[119.15361023,-9.38385677],[119.04359436,-9.42682648],[118.96495056,-9.48171425],[118.92727661,-9.55020809],[119.02618408,-9.67508411],[119.14457703,-9.73002148]]]},"properties":{"GID_0":"IDN","NAME_0":"Indonesia","GID_1":"IDN.21_1","NAME_1":"Nusa Tenggara Timur","NL_NAME_1":"","GID_2":"IDN.21.16_1","NAME_2":"Sumba Barat Daya","VARNAME_2":"","NL_NAME_2":"","TYPE_2":"Kabupaten","ENGTYPE_2":"Regency","CC_2":"5317","HASC_2":"ID.NT.SD"}},
  {"type":"Feature","geometry":{"type":"Polygon","coordinates":[[[119.67483521,-9.82866383],[119.73195648,-9.84047413],[119.72530365,-9.69100666],[119.84465027,-9.66145229],[119.84211731,-9.57670498],[119.92330933,-9.48942471],[119.90532684,-9.37950134],[119.86484528,-9.34345436],[119.80700684,-9.39388466],[119.68637085,-9.38241005],[119.63143158,-9.3456316],[119.52201843,-9.3778553],[119.41600037,-9.37370682],[119.47953033,-9.52532673],[119.46959686,-9.67752361],[119.53476715,-9.69386101],[119.54304504,-9.75265694],[119.67483521,-9.82866383]]]},"properties":{"GID_0":"IDN","NAME_0":"Indonesia","GID_1":"IDN.21_1","NAME_1":"Nusa Tenggara Timur","NL_NAME_1":"","GID_2":"IDN.21.18_1","NAME_2":"Sumba Tengah","VARNAME_2":"","NL_NAME_2":"","TYPE_2":"Kabupaten","ENGTYPE_2":"Regency","CC_2":"5316","HASC_2":"ID.NT.SG"}},
  {"type":"Feature","geometry":{"type":"Polygon","coordinates":[[[119.67483521,-9.82866383],[119.78427124,-9.92250443],[119.86291504,-9.92231369],[119.88272095,-9.95828724],[119.98869324,-10.03128242],[120.03544617,-10.12050533],[120.14927673,-10.22395992],[120.21001434,-10.25193405],[120.34619141,-10.24856281],[120.4381485,-10.30737019],[120.53192902,-10.24004745],[120.62001038,-10.2508316],[120.74250793,-10.18646812],[120.83851624,-10.09695053],[120.84592438,-10.0288229],[120.74703979,-9.92409992],[120.679245,-9.90020657],[120.59659576,-9.73096943],[120.49849701,-9.67777061],[120.46808624,-9.61663055],[120.35058594,-9.65104675],[120.25474548,-9.64352131],[120.21040344,-9.49054337],[120.07794189,-9.46413231],[119.93518066,-9.27616024],[119.86484528,-9.34345436],[119.90532684,-9.37950134],[119.92330933,-9.48942471],[119.84211731,-9.57670498],[119.84465027,-9.66145229],[119.72530365,-9.69100666],[119.73195648,-9.84047413],[119.67483521,-9.82866383]]]},"properties":{"GID_0":"IDN","NAME_0":"Indonesia","GID_1":"IDN.21_1","NAME_1":"Nusa Tenggara Timur","NL_NAME_1":"","GID_2":"IDN.21.19_1","NAME_2":"Sumba Timur","VARNAME_2":"","NL_NAME_2":"","TYPE_2":"Kabupaten","ENGTYPE_2":"Regency","CC_2":"5302","HASC_2":"ID.NT.ST"}},
  {"type":"Feature","geometry":{"type":"Polygon","coordinates":[[[124.21988678,-10.16287041],[124.40896606,-10.16454697],[124.50868988,-10.09155655],[124.53242493,-10.03036118],[124.75075531,-9.88163757],[124.80833435,-9.78964615],[124.82134247,-9.6689806],[124.7646637,-9.59690857],[124.71644592,-9.63835812],[124.64526367,-9.58486748],[124.53104401,-9.66024208],[124.42258453,-9.59766865],[124.31778717,-9.59242725],[124.23636627,-9.54319477],[124.18988037,-9.48316669],[124.15814209,-9.55218506],[124.09515381,-9.58032513],[124.09107971,-9.69337463],[124.06726837,-9.75868511],[124.09394073,-9.80885983],[124.08139801,-9.92327213],[124.14568329,-9.99474621],[124.21988678,-10.16287041]]]},"properties":{"GID_0":"IDN","NAME_0":"Indonesia","GID_1":"IDN.21_1","NAME_1":"Nusa Tenggara Timur","NL_NAME_1":"","GID_2":"IDN.21.20_1","NAME_2":"Timor Tengah Selatan","VARNAME_2":"","NL_NAME_2":"","TYPE_2":"Kabupaten","ENGTYPE_2":"Regency","CC_2":"5304","HASC_2":"ID.NT.TS"}},
  {"type":"Feature","geometry":{"type":"Polygon","coordinates":[[[124.18988037,-9.48316669],[124.23636627,-9.54319477],[124.31778717,-9.59242725],[124.42258453,-9.59766865],[124.53104401,-9.66024208],[124.64526367,-9.58486748],[124.69788361,-9.58585835],[124.78803253,-9.44521236],[124.76984406,-9.40642834],[124.85404205,-9.28612995],[124.8199234,-9.19925404],[124.8201828,-9.0791111],[124.79243469,-9.01823044],[124.61588287,-9.15342045],[124.52749634,-9.18607521],[124.4778595,-9.17563248],[124.45941925,-9.30475998],[124.37412262,-9.37664509],[124.35659027,-9.48180866],[124.2869873,-9.45121098],[124.21670532,-9.36562443],[124.15050507,-9.42636967],[124.09591675,-9.4060955],[124.18988037,-9.48316669]]]},"properties":{"GID_0":"IDN","NAME_0":"Indonesia","GID_1":"IDN.21_1","NAME_1":"Nusa Tenggara Timur","NL_NAME_1":"","GID_2":"IDN.21.21_1","NAME_2":"Timor Tengah Utara","VARNAME_2":"","NL_NAME_2":"","TYPE_2":"Kabupaten","ENGTYPE_2":"Regency","CC_2":"5305","HASC_2":"ID.NT.TU"}},
  {"type":"Feature","geometry":{"type":"Polygon","coordinates":[[[138.64137268,-6.56680298],[138.67204285,-6.52065039],[138.78102112,-6.48073769],[138.85081482,-6.48111153],[138.92408752,-6.42015076],[138.94309998,-5.72282457],[139.25897217,-5.5474267],[139.6444397,-5.04107046],[139.30421448,-4.938344],[139.13426208,-4.82614231],[139.02964783,-4.73744011],[138.86898804,-4.72768164],[138.64299011,-4.73971462],[137.96620178,-4.59837866],[137.57746887,-4.6520853],[137.65126038,-4.79081774],[137.81361389,-4.89412928],[137.81507874,-4.94430923],[137.60217285,-5.08708906],[137.55485535,-5.14686394],[137.5614624,-5.17926121],[137.68299866,-5.21994114],[137.7419281,-5.30870628],[137.72111511,-5.35349083],[137.80273438,-5.37830067],[137.87387085,-5.35710573],[137.98184204,-5.47580099],[138.08421326,-5.52534914],[138.0513916,-5.57671785],[138.05038452,-5.67593813],[138.07563782,-5.73702812],[138.16534424,-5.721838],[138.16288757,-5.8035593],[138.2724762,-5.8371377],[138.25559998,-5.92422819],[138.30186462,-5.98020744],[138.39505005,-6.17059088],[138.38293457,-6.19506741],[138.43115234,-6.36150742],[138.59715271,-6.51224756],[138.64137268,-6.56680298]]]},"properties":{"GID_0":"IDN","NAME_0":"Indonesia","GID_1":"IDN.23_1","NAME_1":"Papua","NL_NAME_1":"","GID_2":"IDN.23.1_1","NAME_2":"Asmat","VARNAME_2":"","NL_NAME_2":"","TYPE_2":"Kabupaten","ENGTYPE_2":"Regency","CC_2":"9304","HASC_2":"ID.PA.AS"}},
  {"type":"Feature","geometry":{"type":"MultiPolygon","coordinates":[[[[134.86746216,-1.13157833],[134.95301819,-1.12703276],[134.98091125,-1.01209342],[134.88444519,-0.9350695],[134.79257202,-0.98113972],[134.79496765,-1.03225684],[134.86746216,-1.13157833]]],[[[135.7086792,-0.80315697],[135.76679993,-0.86402595],[135.79269409,-0.97778833],[135.82546997,-1.03183389],[135.82702637,-1.13593841],[135.85783386,-1.16657627],[136.00024414,-1.14227235],[136.13574219,-1.19979227],[136.31471252,-1.14044857],[136.33224487,-1.07587218],[136.25714111,-1.01754212],[136.17253113,-1.04424763],[136.10098267,-0.96306014],[136.03666687,-0.8430261],[135.93675232,-0.78598332],[135.86564636,-0.70665556],[135.80357361,-0.68684256],[135.80354309,-0.74077964],[135.7086792,-0.80315697]]]]},"properties":{"GID_0":"IDN","NAME_0":"Indonesia","GID_1":"IDN.23_1","NAME_1":"Papua","NL_NAME_1":"","GID_2":"IDN.23.2_1","NAME_2":"Biak Numfor","VARNAME_2":"","NL_NAME_2":"","TYPE_2":"Kabupaten","ENGTYPE_2":"Regency","CC_2":"9106","HASC_2":"ID.PA.BN"}},
  {"type":"Feature","geometry":{"type":"Polygon","coordinates":[[[140.05781555,-7.26609945],[140.84831238,-6.61816692],[140.91546631,-6.55581093],[140.92822266,-6.41691399],[140.95817566,-6.32581949],[141,-6.3132782],[141,-5.29469872],[140.92388916,-5.28254938],[140.14707947,-5.1690073],[139.6444397,-5.04107046],[139.70497131,-5.23544788],[139.72659302,-5.43837976],[139.72740173,-5.71653175],[139.86912537,-6.19152784],[139.82470703,-6.25790405],[139.84822083,-6.34018326],[139.78807068,-6.41762257],[140.07240295,-6.43313456],[140.05781555,-7.26609945]]]},"properties":{"GID_0":"IDN","NAME_0":"Indonesia","GID_1":"IDN.23_1","NAME_1":"Papua","NL_NAME_1":"","GID_2":"IDN.23.3_1","NAME_2":"Boven Digoel","VARNAME_2":"","NL_NAME_2":"","TYPE_2":"Kabupaten","ENGTYPE_2":"Regency","CC_2":"9302","HASC_2":"ID.PA.BD"}},
  {"type":"Feature","geometry":{"type":"Polygon","coordinates":[[[136.09455872,-4.25428391],[136.18614197,-4.24288082],[136.42503357,-4.29369831],[136.53533936,-4.29645967],[136.48904419,-4.21282053],[136.67059326,-4.2176156],[136.73065186,-4.12652493],[136.64703369,-4.02572966],[136.22727966,-3.99224043],[136.09407043,-4.06537008],[136.09455872,-4.25428391]]]},"properties":{"GID_0":"IDN","NAME_0":"Indonesia","GID_1":"IDN.23_1","NAME_1":"Papua","NL_NAME_1":"","GID_2":"IDN.23.4_1","NAME_2":"Deiyai","VARNAME_2":"","NL_NAME_2":"","TYPE_2":"Kabupaten","ENGTYPE_2":"Regency","CC_2":"9408","HASC_2":"ID.PA.DE"}},
  {"type":"Feature","geometry":{"type":"Polygon","coordinates":[[[136.09455872,-4.25428391],[136.09407043,-4.06537008],[136.22727966,-3.99224043],[136.08192444,-3.73530698],[136.05645752,-3.72268891],[136.00086975,-3.76249242],[135.88504028,-3.78313351],[135.86096191,-3.84104276],[135.69197083,-3.86562514],[135.57943726,-3.93442869],[135.4618988,-3.86705899],[135.37733459,-3.86634231],[135.20292664,-3.81987333],[135.04730225,-4.04528761],[135.06593323,-4.14914513],[135.39823914,-4.16079712],[135.44126892,-4.19246149],[135.64883423,-4.21606016],[135.6917572,-4.19143152],[135.81352234,-4.22556019],[135.94932556,-4.22655916],[136.06744385,-4.2739296],[136.09455872,-4.25428391]]]},"properties":{"GID_0":"IDN","NAME_0":"Indonesia","GID_1":"IDN.23_1","NAME_1":"Papua","NL_NAME_1":"","GID_2":"IDN.23.5_1","NAME_2":"Dogiyai","VARNAME_2":"","NL_NAME_2":"","TYPE_2":"Kabupaten","ENGTYPE_2":"Regency","CC_2":"9406","HASC_2":"ID.PA.DG"}},
  {"type":"Feature","geometry":{"type":"Polygon","coordinates":[[[137.18896484,-3.90901208],[137.12641907,-3.81785202],[137.10565186,-3.75138354],[137.1444397,-3.59755373],[137.02435303,-3.55211616],[136.95619202,-3.41255832],[136.94970703,-3.33628821],[136.8815918,-3.24137568],[136.74627686,-3.2822876],[136.62553406,-3.23724222],[136.56872559,-3.25061035],[136.48687744,-3.22679901],[136.44122314,-3.15713739],[136.43487549,-3.08527112],[136.35409546,-3.03029442],[136.35070801,-2.94106984],[136.30024719,-2.91222191],[136.29745483,-2.98509979],[136.33380127,-3.0514605],[136.3208313,-3.16417623],[136.35603333,-3.18653393],[136.39117432,-3.27918053],[136.39202881,-3.35216284],[136.34443665,-3.37736392],[136.51393127,-3.63192749],[136.72666931,-3.84308481],[136.72666931,-3.90500259],[137.18896484,-3.90901208]]]},"properties":{"GID_0":"IDN","NAME_0":"Indonesia","GID_1":"IDN.23_1","NAME_1":"Papua","NL_NAME_1":"","GID_2":"IDN.23.6_1","NAME_2":"Intan Jaya","VARNAME_2":"","NL_NAME_2":"","TYPE_2":"Kabupaten","ENGTYPE_2":"Regency","CC_2":"9407","HASC_2":"ID.PA.IJ"}},
  {"type":"Feature","geometry":{"type":"Polygon","coordinates":[[[140.13439941,-3.6958878],[140.31504822,-3.73942566],[140.38368225,-3.73621941],[140.35624695,-3.67161226],[140.39454651,-3.62388968],[140.3690033,-3.53265309],[140.36460876,-3.36271644],[140.31674194,-3.29959965],[140.36408997,-3.16203451],[140.36029053,-2.80485749],[140.38859558,-2.77008867],[140.51361084,-2.77564311],[140.58638,-2.76016855],[140.63217163,-2.71613145],[140.62490845,-2.53156996],[140.65281677,-2.47617912],[140.5007782,-2.44393945],[140.37275696,-2.39898777],[140.3397522,-2.46247149],[140.20999146,-2.4089222],[140.11123657,-2.3192122],[139.99981689,-2.3622036],[139.98356628,-2.42991543],[139.74668884,-2.40233207],[139.42272949,-2.47061634],[139.49261475,-3.09603381],[139.47979736,-3.18863916],[139.50585938,-3.31498289],[139.46134949,-3.45842767],[139.54481506,-3.53704739],[139.65267944,-3.52869272],[139.86231995,-3.58307719],[139.89385986,-3.62054038],[139.97988892,-3.65393662],[140.0655365,-3.64826465],[140.13439941,-3.6958878]]]},"properties":{"GID_0":"IDN","NAME_0":"Indonesia","GID_1":"IDN.23_1","NAME_1":"Papua","NL_NAME_1":"","GID_2":"IDN.23.7_1","NAME_2":"Jayapura","VARNAME_2":"","NL_NAME_2":"","TYPE_2":"Kabupaten","ENGTYPE_2":"Regency","CC_2":"9103","HASC_2":"ID.PA.JR"}},
  {"type":"Feature","geometry":{"type":"Polygon","coordinates":[[[138.59950256,-4.14090347],[138.72625732,-4.17326689],[138.62864685,-4.28782701],[138.59388733,-4.37889862],[138.62336731,-4.4855175],[138.72024536,-4.47160292],[138.70916748,-4.32854319],[138.83909607,-4.26655197],[139.04794312,-4.19291162],[139.36238098,-4.11389828],[139.24729919,-4.01238298],[139.02514648,-4.04342413],[138.97776794,-3.92250371],[138.91896057,-3.89981389],[138.9017334,-3.80346799],[138.80488586,-3.75963736],[138.78427124,-3.82319665],[138.71365356,-3.78774667],[138.61132813,-3.78430486],[138.60176086,-3.84560776],[138.71783447,-3.84892011],[138.7280426,-3.91177392],[138.67727661,-3.96869683],[138.59950256,-4.14090347]]]},"properties":{"GID_0":"IDN","NAME_0":"Indonesia","GID_1":"IDN.23_1","NAME_1":"Papua","NL_NAME_1":"","GID_2":"IDN.23.8_1","NAME_2":"Jayawijaya","VARNAME_2":"","NL_NAME_2":"","TYPE_2":"Kabupaten","ENGTYPE_2":"Regency","CC_2":"9501","HASC_2":"ID.PA.JW"}},
  {"type":"Feature","geometry":{"type":"Polygon","coordinates":[[[140.99996948,-3.93143392],[140.99998474,-2.82890558],[140.82453918,-2.73415089],[140.70726013,-2.70701075],[140.63217163,-2.71613145],[140.58638,-2.76016855],[140.51361084,-2.77564311],[140.38859558,-2.77008867],[140.36029053,-2.80485749],[140.36408997,-3.16203451],[140.31674194,-3.29959965],[140.36460876,-3.36271644],[140.3690033,-3.53265309],[140.39454651,-3.62388968],[140.35624695,-3.67161226],[140.38368225,-3.73621941],[140.40861511,-3.75636339],[140.42539978,-3.90707731],[140.54202271,-3.91266751],[140.58721924,-3.93727875],[140.67877197,-3.90679169],[140.78871155,-3.94037342],[140.98292542,-3.91526747],[140.99996948,-3.93143392]]]},"properties":{"GID_0":"IDN","NAME_0":"Indonesia","GID_1":"IDN.23_1","NAME_1":"Papua","NL_NAME_1":"","GID_2":"IDN.23.9_1","NAME_2":"Keerom","VARNAME_2":"","NL_NAME_2":"","TYPE_2":"Kabupaten","ENGTYPE_2":"Regency","CC_2":"9111","HASC_2":"ID.PA.KE"}},
  {"type":"Feature","geometry":{"type":"Polygon","coordinates":[[[136.53276062,-1.86770582],[136.6476593,-1.8678757],[136.71817017,-1.81602526],[136.84921265,-1.82738507],[136.86105347,-1.77530491],[136.7946167,-1.74225521],[136.587677,-1.72924566],[136.46113586,-1.70416605],[136.40821838,-1.7203362],[136.18293762,-1.65563667],[135.87918091,-1.6398375],[135.78509521,-1.62633669],[135.49499512,-1.60846865],[135.47463989,-1.68044877],[135.70983887,-1.69017804],[135.76185608,-1.74552298],[135.85813904,-1.76739764],[135.91241455,-1.75520754],[135.97799683,-1.81674743],[136.14385986,-1.852947],[136.26475525,-1.89310324],[136.31340027,-1.86278641],[136.46722412,-1.89518607],[136.53276062,-1.86770582]]]},"properties":{"GID_0":"IDN","NAME_0":"Indonesia","GID_1":"IDN.23_1","NAME_1":"Papua","NL_NAME_1":"","GID_2":"IDN.23.10_1","NAME_2":"Kepulauan Yapen","VARNAME_2":"","NL_NAME_2":"","TYPE_2":"Kabupaten","ENGTYPE_2":"Regency","CC_2":"9408","HASC_2":"ID.PA.YW"}},
  {"type":"Feature","geometry":{"type":"Polygon","coordinates":[[[140.99998474,-2.82890558],[140.99996948,-2.60434413],[140.92245483,-2.62192035],[140.81474304,-2.60699892],[140.69749451,-2.62245178],[140.72671509,-2.49817944],[140.65281677,-2.47617912],[140.62490845,-2.53156996],[140.63217163,-2.71613145],[140.70726013,-2.70701075],[140.82453918,-2.73415089],[140.99998474,-2.82890558]]]},"properties":{"GID_0":"IDN","NAME_0":"Indonesia","GID_1":"IDN.23_1","NAME_1":"Papua","NL_NAME_1":"","GID_2":"IDN.23.11_1","NAME_2":"Kota Jayapura","VARNAME_2":"","NL_NAME_2":"","TYPE_2":"Kota","ENGTYPE_2":"City","CC_2":"9171","HASC_2":"ID.PA.JM"}},
  {"type":"Feature","geometry":{"type":"Polygon","coordinates":[[[138.59950256,-4.14090347],[138.67727661,-3.96869683],[138.7280426,-3.91177392],[138.71783447,-3.84892011],[138.60176086,-3.84560776],[138.61132813,-3.78430486],[138.60940552,-3.72255874],[138.50500488,-3.72551322],[138.30461121,-3.77289438],[138.26945496,-3.8131144],[138.18562317,-3.83811808],[138.00912476,-3.83958888],[137.95195007,-3.8667829],[137.9370575,-3.96166348],[137.81350708,-3.97931266],[137.71496582,-4.05726385],[137.67835999,-4.17231226],[137.81599426,-4.13145781],[137.86573792,-4.15501785],[138.12489319,-4.13407564],[138.23739624,-4.15476847],[138.2940979,-4.18844175],[138.41461182,-4.18135262],[138.55462646,-4.19198656],[138.59950256,-4.14090347]]]},"properties":{"GID_0":"IDN","NAME_0":"Indonesia","GID_1":"IDN.23_1","NAME_1":"Papua","NL_NAME_1":"","GID_2":"IDN.23.12_1","NAME_2":"Lanny Jaya","VARNAME_2":"","NL_NAME_2":"","TYPE_2":"Kabupaten","ENGTYPE_2":"Regency","CC_2":"9507","HASC_2":"ID.PA.LJ"}},
  {"type":"Feature","geometry":{"type":"Polygon","coordinates":[[[139.07621765,-3.33601904],[139.01556396,-3.27338886],[139.00114441,-3.19350743],[139.05308533,-3.09799457],[139.12307739,-3.03079844],[139.14205933,-2.97354579],[139.11149597,-2.90284061],[138.62121582,-2.64590883],[138.72068787,-2.47899461],[138.72238159,-2.42173767],[138.60386658,-2.26619959],[138.51622009,-2.25988746],[138.40281677,-2.18238187],[138.34217834,-2.16623926],[138.26249695,-2.00046659],[138.15042114,-1.95431113],[138.12861633,-1.8881011],[138.1579895,-1.76567364],[138.17037964,-1.63088357],[138.09919739,-1.61540365],[137.96759033,-1.52775395],[137.9319458,-1.45802402],[137.83885193,-1.46200311],[137.68144226,-1.50488138],[137.47673035,-1.59759152],[137.36355591,-1.6755991],[137.09481812,-1.80721712],[137.0891571,-1.85161579],[137.1815033,-1.93628204],[137.22671509,-2.05570006],[137.15449524,-2.10310769],[137.05799866,-2.09839487],[136.95141602,-2.12697911],[136.90411377,-2.17732167],[136.80697632,-2.17633033],[136.92233276,-2.30071068],[136.92485046,-2.36240339],[136.9743042,-2.4261148],[137.19306946,-2.56369138],[137.23704529,-2.5742557],[137.28610229,-2.71460605],[137.24923706,-2.76114845],[137.269104,-2.82409668],[137.35990906,-2.8789463],[137.38044739,-2.96582055],[137.4447937,-3.04145312],[137.55809021,-3.05153489],[137.61766052,-3.11210179],[137.95314026,-3.12740445],[138.00991821,-3.15544152],[138.03224182,-3.24244928],[138.14576721,-3.28625393],[138.21531677,-3.20772624],[138.32723999,-3.1944387],[138.38046265,-3.31837344],[138.56272888,-3.33754039],[138.73013306,-3.28577375],[138.79249573,-3.34707546],[138.8548584,-3.4178896],[138.93035889,-3.41946745],[139.07621765,-3.33601904]]]},"properties":{"GID_0":"IDN","NAME_0":"Indonesia","GID_1":"IDN.23_1","NAME_1":"Papua","NL_NAME_1":"","GID_2":"IDN.23.13_1","NAME_2":"Mamberamo Raya","VARNAME_2":"","NL_NAME_2":"","TYPE_2":"Kabupaten","ENGTYPE_2":"Regency","CC_2":"9120","HASC_2":"ID.PA.MR"}},
  {"type":"Feature","geometry":{"type":"Polygon","coordinates":[[[138.61132813,-3.78430486],[138.71365356,-3.78774667],[138.78427124,-3.82319665],[138.80488586,-3.75963736],[138.9017334,-3.80346799],[138.91896057,-3.89981389],[138.97776794,-3.92250371],[139.04789734,-3.89708805],[139.06385803,-3.78492618],[139.13374329,-3.74889708],[139.26094055,-3.75868273],[139.27661133,-3.66969538],[139.39154053,-3.60633421],[139.45722961,-3.45957637],[139.36148071,-3.44914627],[139.27929688,-3.46759796],[139.25102234,-3.41675687],[139.19459534,-3.44777727],[139.13819885,-3.41919017],[139.07621765,-3.33601904],[138.93035889,-3.41946745],[138.8548584,-3.4178896],[138.79249573,-3.34707546],[138.75700378,-3.50472379],[138.7592926,-3.6424489],[138.69604492,-3.70319843],[138.60940552,-3.72255874],[138.61132813,-3.78430486]]]},"properties":{"GID_0":"IDN","NAME_0":"Indonesia","GID_1":"IDN.23_1","NAME_1":"Papua","NL_NAME_1":"","GID_2":"IDN.23.14_1","NAME_2":"Mamberamo Tengah","VARNAME_2":"","NL_NAME_2":"","TYPE_2":"Kabupaten","ENGTYPE_2":"Regency","CC_2":"9505","HASC_2":"ID.PA.MT"}},
  {"type":"Feature","geometry":{"type":"Polygon","coordinates":[[[138.66725159,-7.21418667],[139.82870483,-7.45389175],[140.05781555,-7.26609945],[140.07240295,-6.43313456],[139.78807068,-6.41762257],[139.84822083,-6.34018326],[139.82470703,-6.25790405],[139.86912537,-6.19152784],[139.72740173,-5.71653175],[139.72659302,-5.43837976],[139.70497131,-5.23544788],[139.6444397,-5.04107046],[139.25897217,-5.5474267],[138.94309998,-5.72282457],[138.92408752,-6.42015076],[138.85081482,-6.48111153],[138.78102112,-6.48073769],[138.67204285,-6.52065039],[138.64137268,-6.56680298],[138.69471741,-6.62633419],[138.67349243,-6.72431374],[138.6211853,-6.78259087],[138.67660522,-6.86723852],[138.57749939,-6.90290117],[138.59637451,-6.99564123],[138.74723816,-7.10770082],[138.8538208,-7.15825605],[138.83314514,-7.20620251],[138.66725159,-7.21418667]]]},"properties":{"GID_0":"IDN","NAME_0":"Indonesia","GID_1":"IDN.23_1","NAME_1":"Papua","NL_NAME_1":"","GID_2":"IDN.23.15_1","NAME_2":"Mappi","VARNAME_2":"","NL_NAME_2":"","TYPE_2":"Kabupaten","ENGTYPE_2":"Regency","CC_2":"9303","HASC_2":"ID.PA.MP"}},
  {"type":"Feature","geometry":{"type":"MultiPolygon","coordinates":[[[[137.70162964,-8.41896725],[137.87998962,-8.38121128],[138.20541382,-8.38305283],[138.26531982,-8.4194212],[138.34103394,-8.41969109],[138.44116211,-8.38465118],[138.61505127,-8.24950695],[138.68318176,-8.14715958],[138.80101013,-8.13649845],[138.81640625,-8.08975506],[138.88909912,-8.03668499],[138.89044189,-7.92083836],[138.99972534,-7.83087683],[138.99046326,-7.76080704],[139.08148193,-7.56896067],[138.93467712,-7.54348135],[138.86633301,-7.43888474],[138.74511719,-7.37058973],[138.62489319,-7.37035418],[138.41268921,-7.40535021],[138.22683716,-7.46650314],[138.1000824,-7.55297232],[138.02893066,-7.62342739],[137.96777344,-7.73484039],[137.90689087,-7.7868371],[137.81735229,-7.953578],[137.78555298,-8.05191422],[137.72103882,-8.14457512],[137.684021,-8.23600197],[137.64027405,-8.41758156],[137.70162964,-8.41896725]]],[[[138.66725159,-7.21418667],[138.8553009,-7.31047869],[138.89807129,-7.35232878],[138.97085571,-7.5219574],[139.10003662,-7.53994274],[139.01838684,-7.75062704],[139.02507019,-7.83403683],[138.93501282,-7.89979839],[138.90341187,-8.02596569],[138.92774963,-8.06872559],[138.84317017,-8.10159397],[138.85548401,-8.18474388],[138.92172241,-8.27681637],[138.98857117,-8.2022562],[139.08357239,-8.1372366],[139.22387695,-8.09490967],[139.25094604,-8.14994717],[139.33984375,-8.20590687],[139.45657349,-8.19351578],[139.58442688,-8.12989616],[139.71156311,-8.09883595],[139.95510864,-8.11324883],[139.99382019,-8.20013046],[140.23196411,-8.37821388],[140.46115112,-8.58795929],[140.61590576,-8.81329918],[140.71043396,-8.89465427],[140.89979553,-9.08965206],[141.00590515,-9.11638927],[141.01176453,-7.99989891],[140.99388123,-7.32967663],[141.01931763,-7.32900953],[141.01939392,-6.88986778],[140.95095825,-6.90306902],[140.85809326,-6.78061914],[140.84831238,-6.61816692],[140.05781555,-7.26609945],[139.82870483,-7.45389175],[138.66725159,-7.21418667]]],[[[138.79194641,-8.38135052],[138.85224915,-8.3520565],[138.84619141,-8.19892597],[138.81546021,-8.13799763],[138.6783905,-8.17150688],[138.67181396,-8.21728706],[138.58618164,-8.29017735],[138.567276,-8.35564709],[138.74111938,-8.3864975],[138.79194641,-8.38135052]]]]},"properties":{"GID_0":"IDN","NAME_0":"Indonesia","GID_1":"IDN.23_1","NAME_1":"Papua","NL_NAME_1":"","GID_2":"IDN.23.16_1","NAME_2":"Merauke","VARNAME_2":"","NL_NAME_2":"","TYPE_2":"Kabupaten","ENGTYPE_2":"Regency","CC_2":"9401","HASC_2":"ID.PA.ME"}},
  {"type":"Feature","geometry":{"type":"Polygon","coordinates":[[[134.86987305,-4.25176287],[134.93527222,-4.30863047],[135.20747375,-4.46570921],[135.41130066,-4.4334321],[135.52018738,-4.44827795],[135.71846008,-4.49731779],[135.90498352,-4.48699999],[136.11141968,-4.62128687],[136.29260254,-4.67321205],[136.31114197,-4.65880537],[136.49604797,-4.74785566],[136.54598999,-4.79036045],[136.83135986,-4.91359901],[136.92512512,-4.89694738],[137.09187317,-4.97365952],[137.22886658,-4.98436975],[137.30648804,-5.01277494],[137.39543152,-5.10808229],[137.44850159,-5.09854984],[137.49633789,-5.14540482],[137.55485535,-5.14686394],[137.60217285,-5.08708906],[137.81507874,-4.94430923],[137.81361389,-4.89412928],[137.65126038,-4.79081774],[137.57746887,-4.6520853],[137.56861877,-4.61518812],[137.66455078,-4.47350407],[137.67835999,-4.17231226],[137.32051086,-4.16100836],[137.29138184,-4.03199482],[137.20397949,-4.02367544],[137.12449646,-4.02068186],[136.97192383,-4.12542629],[136.82409668,-4.13822985],[136.73065186,-4.12652493],[136.67059326,-4.2176156],[136.48904419,-4.21282053],[136.53533936,-4.29645967],[136.42503357,-4.29369831],[136.18614197,-4.24288082],[136.09455872,-4.25428391],[136.06744385,-4.2739296],[135.94932556,-4.22655916],[135.81352234,-4.22556019],[135.6917572,-4.19143152],[135.64883423,-4.21606016],[135.44126892,-4.19246149],[135.39823914,-4.16079712],[135.06593323,-4.14914513],[135.04730225,-4.04528761],[134.86987305,-4.25176287]]]},"properties":{"GID_0":"IDN","NAME_0":"Indonesia","GID_1":"IDN.23_1","NAME_1":"Papua","NL_NAME_1":"","GID_2":"IDN.23.17_1","NAME_2":"Mimika","VARNAME_2":"","NL_NAME_2":"","TYPE_2":"Kabupaten","ENGTYPE_2":"Regency","CC_2":"9404","HASC_2":"ID.PA.MI"}},
  {"type":"Feature","geometry":{"type":"Polygon","coordinates":[[[135.20292664,-3.81987333],[135.37733459,-3.86634231],[135.4618988,-3.86705899],[135.57943726,-3.93442869],[135.69197083,-3.86562514],[135.86096191,-3.84104276],[135.88504028,-3.78313351],[136.00086975,-3.76249242],[136.05645752,-3.72268891],[136.01573181,-3.69130325],[135.97224426,-3.55022359],[136.34443665,-3.37736392],[136.39202881,-3.35216284],[136.39117432,-3.27918053],[136.35603333,-3.18653393],[136.3208313,-3.16417623],[136.33380127,-3.0514605],[136.29745483,-2.98509979],[136.30024719,-2.91222191],[136.26100159,-2.85447097],[136.13557434,-2.75206733],[136.0562439,-2.76654816],[136.01278687,-2.71776104],[135.95002747,-2.78675127],[135.92481995,-2.95763373],[135.77389526,-3.0612061],[135.75216675,-3.11509609],[135.61166382,-3.18020678],[135.5052948,-3.35498238],[135.32873535,-3.39535356],[135.23963928,-3.3757937],[135.10353088,-3.37664413],[135.04844666,-3.32940435],[134.98448181,-3.32779455],[134.92474365,-3.26366425],[134.86381531,-3.25204873],[134.86222839,-3.15884972],[134.80789185,-3.1243403],[134.81387329,-3.02073002],[134.68852234,-2.96481562],[134.66851807,-2.86586356],[134.64250183,-2.50490975],[134.59846497,-2.48638773],[134.61862183,-2.65014458],[134.70350647,-3.34551001],[134.72680664,-3.40859127],[134.63587952,-3.54263949],[135.25798035,-3.75193],[135.20292664,-3.81987333]]]},"properties":{"GID_0":"IDN","NAME_0":"Indonesia","GID_1":"IDN.23_1","NAME_1":"Papua","NL_NAME_1":"","GID_2":"IDN.23.18_1","NAME_2":"Nabire","VARNAME_2":"","NL_NAME_2":"","TYPE_2":"Kabupaten","ENGTYPE_2":"Regency","CC_2":"9404","HASC_2":"ID.PA.NB"}},
  {"type":"Feature","geometry":{"type":"Polygon","coordinates":[[[137.67835999,-4.17231226],[137.66455078,-4.47350407],[137.56861877,-4.61518812],[137.57746887,-4.6520853],[137.96620178,-4.59837866],[138.64299011,-4.73971462],[138.86898804,-4.72768164],[138.8490448,-4.49949694],[138.83909607,-4.26655197],[138.70916748,-4.32854319],[138.72024536,-4.47160292],[138.62336731,-4.4855175],[138.59388733,-4.37889862],[138.62864685,-4.28782701],[138.72625732,-4.17326689],[138.59950256,-4.14090347],[138.55462646,-4.19198656],[138.41461182,-4.18135262],[138.2940979,-4.18844175],[138.23739624,-4.15476847],[138.12489319,-4.13407564],[137.86573792,-4.15501785],[137.81599426,-4.13145781],[137.67835999,-4.17231226]]]},"properties":{"GID_0":"IDN","NAME_0":"Indonesia","GID_1":"IDN.23_1","NAME_1":"Papua","NL_NAME_1":"","GID_2":"IDN.23.19_1","NAME_2":"Nduga","VARNAME_2":"","NL_NAME_2":"","TYPE_2":"Kabupaten","ENGTYPE_2":"Regency","CC_2":"9508","HASC_2":"ID.PA.ND"}},
  {"type":"Feature","geometry":{"type":"Polygon","coordinates":[[[136.22727966,-3.99224043],[136.64703369,-4.02572966],[136.73065186,-4.12652493],[136.82409668,-4.13822985],[136.97192383,-4.12542629],[137.12449646,-4.02068186],[137.20397949,-4.02367544],[137.18896484,-3.90901208],[136.72666931,-3.90500259],[136.72666931,-3.84308481],[136.51393127,-3.63192749],[136.34443665,-3.37736392],[135.97224426,-3.55022359],[136.01573181,-3.69130325],[136.05645752,-3.72268891],[136.08192444,-3.73530698],[136.22727966,-3.99224043]]]},"properties":{"GID_0":"IDN","NAME_0":"Indonesia","GID_1":"IDN.23_1","NAME_1":"Papua","NL_NAME_1":"","GID_2":"IDN.23.20_1","NAME_2":"Paniai","VARNAME_2":"","NL_NAME_2":"","TYPE_2":"Kabupaten","ENGTYPE_2":"Regency","CC_2":"9403","HASC_2":"ID.PA.PN"}},
  {"type":"Feature","geometry":{"type":"Polygon","coordinates":[[[140.14707947,-5.1690073],[140.92388916,-5.28254938],[141.00001526,-5.29436731],[140.99996948,-3.93143392],[140.98292542,-3.91526747],[140.78871155,-3.94037342],[140.67877197,-3.90679169],[140.58721924,-3.93727875],[140.54202271,-3.91266751],[140.42539978,-3.90707731],[140.40861511,-3.75636339],[140.38368225,-3.73621941],[140.31504822,-3.73942566],[140.13439941,-3.6958878],[140.16091919,-3.81446743],[140.14175415,-3.89474177],[140.06121826,-3.9398675],[140.05787659,-4.0172677],[139.98912048,-4.06086731],[139.99362183,-4.27648878],[139.95692444,-4.45596743],[139.96781921,-4.48856735],[140.10420227,-4.62905169],[140.20121765,-4.67166758],[140.22680664,-4.74517775],[140.25120544,-4.95206594],[140.16592407,-4.97936773],[140.0987854,-5.038239],[140.15283203,-5.06600761],[140.14707947,-5.1690073]]]},"properties":{"GID_0":"IDN","NAME_0":"Indonesia","GID_1":"IDN.23_1","NAME_1":"Papua","NL_NAME_1":"","GID_2":"IDN.23.21_1","NAME_2":"Pegunungan Bintang","VARNAME_2":"","NL_NAME_2":"","TYPE_2":"Kabupaten","ENGTYPE_2":"Regency","CC_2":"9502","HASC_2":"ID.PA.PB"}},
  {"type":"Feature","geometry":{"type":"Polygon","coordinates":[[[137.20397949,-4.02367544],[137.29138184,-4.03199482],[137.32051086,-4.16100836],[137.67835999,-4.17231226],[137.71496582,-4.05726385],[137.81350708,-3.97931266],[137.9370575,-3.96166348],[137.95195007,-3.8667829],[137.84312439,-3.70214748],[137.72245789,-3.60228109],[137.65357971,-3.60228109],[137.49577332,-3.48628044],[137.44111633,-3.35594249],[137.38517761,-3.30707693],[137.50244141,-3.19884586],[137.61766052,-3.11210179],[137.55809021,-3.05153489],[137.4447937,-3.04145312],[137.38044739,-2.96582055],[137.15167236,-3.07771182],[137.07171631,-3.17950439],[136.90956116,-3.19205284],[136.8815918,-3.24137568],[136.94970703,-3.33628821],[136.95619202,-3.41255832],[137.02435303,-3.55211616],[137.1444397,-3.59755373],[137.10565186,-3.75138354],[137.12641907,-3.81785202],[137.18896484,-3.90901208],[137.20397949,-4.02367544]]]},"properties":{"GID_0":"IDN","NAME_0":"Indonesia","GID_1":"IDN.23_1","NAME_1":"Papua","NL_NAME_1":"","GID_2":"IDN.23.23_1","NAME_2":"Puncak","VARNAME_2":"","NL_NAME_2":"","TYPE_2":"Kabupaten","ENGTYPE_2":"Regency","CC_2":"9405","HASC_2":"ID.PA.PU"}},
  {"type":"Feature","geometry":{"type":"Polygon","coordinates":[[[137.95195007,-3.8667829],[138.00912476,-3.83958888],[138.18562317,-3.83811808],[138.26945496,-3.8131144],[138.30461121,-3.77289438],[138.23632813,-3.61668611],[138.18327332,-3.60910892],[138.03663635,-3.48585033],[138.01449585,-3.35560465],[138.03224182,-3.24244928],[138.00991821,-3.15544152],[137.95314026,-3.12740445],[137.61766052,-3.11210179],[137.50244141,-3.19884586],[137.38517761,-3.30707693],[137.44111633,-3.35594249],[137.49577332,-3.48628044],[137.65357971,-3.60228109],[137.72245789,-3.60228109],[137.84312439,-3.70214748],[137.95195007,-3.8667829]]]},"properties":{"GID_0":"IDN","NAME_0":"Indonesia","GID_1":"IDN.23_1","NAME_1":"Papua","NL_NAME_1":"","GID_2":"IDN.23.22_1","NAME_2":"Puncak Jaya","VARNAME_2":"","NL_NAME_2":"","TYPE_2":"Kabupaten","ENGTYPE_2":"Regency","CC_2":"9402","HASC_2":"ID.PA.PC"}},
  {"type":"Feature","geometry":{"type":"Polygon","coordinates":[[[139.46134949,-3.45842767],[139.50585938,-3.31498289],[139.47979736,-3.18863916],[139.49261475,-3.09603381],[139.42272949,-2.47061634],[139.74668884,-2.40233207],[139.98356628,-2.42991543],[139.99981689,-2.3622036],[139.80354309,-2.37654757],[139.63938904,-2.28823805],[139.53582764,-2.24847484],[139.43411255,-2.18244457],[139.25003052,-2.1100347],[139.12496948,-2.03158259],[139.0007019,-1.97614181],[138.87683105,-1.96932769],[138.79859924,-1.92831779],[138.68180847,-1.80301917],[138.62963867,-1.78052926],[138.37295532,-1.72021985],[138.17037964,-1.63088357],[138.1579895,-1.76567364],[138.12861633,-1.8881011],[138.15042114,-1.95431113],[138.26249695,-2.00046659],[138.34217834,-2.16623926],[138.40281677,-2.18238187],[138.51622009,-2.25988746],[138.60386658,-2.26619959],[138.72238159,-2.42173767],[138.72068787,-2.47899461],[138.62121582,-2.64590883],[139.11149597,-2.90284061],[139.14205933,-2.97354579],[139.12307739,-3.03079844],[139.05308533,-3.09799457],[139.00114441,-3.19350743],[139.01556396,-3.27338886],[139.07621765,-3.33601904],[139.13819885,-3.41919017],[139.19459534,-3.44777727],[139.25102234,-3.41675687],[139.27929688,-3.46759796],[139.36148071,-3.44914627],[139.45722961,-3.45957637],[139.46134949,-3.45842767]]]},"properties":{"GID_0":"IDN","NAME_0":"Indonesia","GID_1":"IDN.23_1","NAME_1":"Papua","NL_NAME_1":"","GID_2":"IDN.23.24_1","NAME_2":"Sarmi","VARNAME_2":"","NL_NAME_2":"","TYPE_2":"Kabupaten","ENGTYPE_2":"Regency","CC_2":"9110","HASC_2":"ID.PA.SR"}},
  {"type":"Feature","geometry":{"type":"Polygon","coordinates":[[[135.80357361,-0.68684256],[135.75801086,-0.73746657],[135.64263916,-0.66247028],[135.41751099,-0.65303612],[135.38491821,-0.69928396],[135.51054382,-0.82898003],[135.52885437,-0.78294575],[135.64282227,-0.88714111],[135.7086792,-0.80315697],[135.80354309,-0.74077964],[135.80357361,-0.68684256]]]},"properties":{"GID_0":"IDN","NAME_0":"Indonesia","GID_1":"IDN.23_1","NAME_1":"Papua","NL_NAME_1":"","GID_2":"IDN.23.25_1","NAME_2":"Supiori","VARNAME_2":"","NL_NAME_2":"","TYPE_2":"Kabupaten","ENGTYPE_2":"Regency","CC_2":"9119","HASC_2":"ID.PA.SU"}},
  {"type":"Feature","geometry":{"type":"Polygon","coordinates":[[[138.30461121,-3.77289438],[138.50500488,-3.72551322],[138.60940552,-3.72255874],[138.69604492,-3.70319843],[138.7592926,-3.6424489],[138.75700378,-3.50472379],[138.79249573,-3.34707546],[138.73013306,-3.28577375],[138.56272888,-3.33754039],[138.38046265,-3.31837344],[138.32723999,-3.1944387],[138.21531677,-3.20772624],[138.14576721,-3.28625393],[138.03224182,-3.24244928],[138.01449585,-3.35560465],[138.03663635,-3.48585033],[138.18327332,-3.60910892],[138.23632813,-3.61668611],[138.30461121,-3.77289438]]]},"properties":{"GID_0":"IDN","NAME_0":"Indonesia","GID_1":"IDN.23_1","NAME_1":"Papua","NL_NAME_1":"","GID_2":"IDN.23.26_1","NAME_2":"Tolikara","VARNAME_2":"","NL_NAME_2":"","TYPE_2":"Kabupaten","ENGTYPE_2":"Regency","CC_2":"9504","HASC_2":"ID.PA.TO"}},
  {"type":"Feature","geometry":{"type":"Polygon","coordinates":[[[136.30024719,-2.91222191],[136.35070801,-2.94106984],[136.35409546,-3.03029442],[136.43487549,-3.08527112],[136.44122314,-3.15713739],[136.48687744,-3.22679901],[136.56872559,-3.25061035],[136.62553406,-3.23724222],[136.74627686,-3.2822876],[136.8815918,-3.24137568],[136.90956116,-3.19205284],[137.07171631,-3.17950439],[137.15167236,-3.07771182],[137.38044739,-2.96582055],[137.35990906,-2.8789463],[137.269104,-2.82409668],[137.24923706,-2.76114845],[137.28610229,-2.71460605],[137.23704529,-2.5742557],[137.19306946,-2.56369138],[136.9743042,-2.4261148],[136.92485046,-2.36240339],[136.92233276,-2.30071068],[136.80697632,-2.17633033],[136.77980042,-2.22995353],[136.67414856,-2.25806761],[136.60012817,-2.25285959],[136.51828003,-2.19102645],[136.39361572,-2.21895194],[136.33355713,-2.27770567],[136.34146118,-2.341295],[136.2795105,-2.46285224],[136.27175903,-2.53338051],[136.21473694,-2.62057066],[136.01278687,-2.71776104],[136.0562439,-2.76654816],[136.13557434,-2.75206733],[136.26100159,-2.85447097],[136.30024719,-2.91222191]]]},"properties":{"GID_0":"IDN","NAME_0":"Indonesia","GID_1":"IDN.23_1","NAME_1":"Papua","NL_NAME_1":"","GID_2":"IDN.23.27_1","NAME_2":"Waropen","VARNAME_2":"","NL_NAME_2":"","TYPE_2":"Kabupaten","ENGTYPE_2":"Regency","CC_2":"9115","HASC_2":"ID.PA.WR"}},
  {"type":"Feature","geometry":{"type":"Polygon","coordinates":[[[138.86898804,-4.72768164],[139.02964783,-4.73744011],[139.13426208,-4.82614231],[139.30421448,-4.938344],[139.6444397,-5.04107046],[140.14707947,-5.1690073],[140.15283203,-5.06600761],[140.0987854,-5.038239],[140.16592407,-4.97936773],[140.25120544,-4.95206594],[140.22680664,-4.74517775],[140.20121765,-4.67166758],[140.10420227,-4.62905169],[139.96781921,-4.48856735],[139.95692444,-4.45596743],[139.99362183,-4.27648878],[139.98912048,-4.06086731],[140.05787659,-4.0172677],[140.06121826,-3.9398675],[140.14175415,-3.89474177],[140.16091919,-3.81446743],[140.13439941,-3.6958878],[140.0655365,-3.64826465],[139.97988892,-3.65393662],[139.89385986,-3.62054038],[139.6847229,-4],[139.56546021,-4.06296253],[139.36238098,-4.11389828],[139.04794312,-4.19291162],[138.83909607,-4.26655197],[138.8490448,-4.49949694],[138.86898804,-4.72768164]]]},"properties":{"GID_0":"IDN","NAME_0":"Indonesia","GID_1":"IDN.23_1","NAME_1":"Papua","NL_NAME_1":"","GID_2":"IDN.23.28_1","NAME_2":"Yahukimo","VARNAME_2":"","NL_NAME_2":"","TYPE_2":"Kabupaten","ENGTYPE_2":"Regency","CC_2":"9503","HASC_2":"ID.PA.YA"}},
  {"type":"Feature","geometry":{"type":"Polygon","coordinates":[[[138.97776794,-3.92250371],[139.02514648,-4.04342413],[139.24729919,-4.01238298],[139.36238098,-4.11389828],[139.56546021,-4.06296253],[139.6847229,-4],[139.89385986,-3.62054038],[139.86231995,-3.58307719],[139.65267944,-3.52869272],[139.54481506,-3.53704739],[139.46134949,-3.45842767],[139.45722961,-3.45957637],[139.39154053,-3.60633421],[139.27661133,-3.66969538],[139.26094055,-3.75868273],[139.13374329,-3.74889708],[139.06385803,-3.78492618],[139.04789734,-3.89708805],[138.97776794,-3.92250371]]]},"properties":{"GID_0":"IDN","NAME_0":"Indonesia","GID_1":"IDN.23_1","NAME_1":"Papua","NL_NAME_1":"","GID_2":"IDN.23.29_1","NAME_2":"Yalimo","VARNAME_2":"","NL_NAME_2":"","TYPE_2":"Kabupaten","ENGTYPE_2":"Regency","CC_2":"9506","HASC_2":"ID.PA.YL"}},
  {"type":"Feature","geometry":{"type":"Polygon","coordinates":[[[133.05058289,-2.52127695],[132.82807922,-2.75180507],[132.73484802,-2.80767202],[132.59913635,-2.70868301],[132.50109863,-2.68063498],[132.39509583,-2.68958402],[132.23020935,-2.65541005],[132.14303589,-2.66640091],[132.04852295,-2.80805302],[132.00219727,-2.82906103],[132.08657837,-2.96307898],[132.19451904,-2.92623305],[132.34275818,-2.94246697],[132.56030273,-3.1114831],[132.61416626,-3.18499994],[132.67913818,-3.32879996],[132.73139954,-3.28788996],[132.84030151,-3.308954],[132.80380249,-3.36526704],[132.84568787,-3.47825193],[132.91259766,-3.55349493],[132.89605713,-3.65067506],[132.73095703,-3.64248991],[132.73805237,-3.68804312],[132.82585144,-3.89163208],[133.12341309,-3.58831501],[133.29405212,-3.36394],[133.50392151,-3.1515739],[133.67831421,-3.00428104],[133.49967957,-2.85681391],[133.43830872,-2.82687306],[133.19580078,-2.6441679],[133.05058289,-2.52127695]]]},"properties":{"GID_0":"IDN","NAME_0":"Indonesia","GID_1":"IDN.22_1","NAME_1":"Papua Barat","NL_NAME_1":"","GID_2":"IDN.22.1_1","NAME_2":"Fakfak","VARNAME_2":"","NL_NAME_2":"","TYPE_2":"Kabupaten","ENGTYPE_2":"Regency","CC_2":"9203","HASC_2":"ID.IB.FA"}},
  {"type":"Feature","geometry":{"type":"MultiPolygon","coordinates":[[[[133.36781311,-4.108603],[133.33776855,-4.1495533],[133.37521362,-4.20399714],[133.43469238,-4.18504429],[133.36781311,-4.108603]]],[[[132.82585144,-3.89163208],[132.82298279,-3.96476793],[132.89501953,-4.11157894],[133.00123596,-4.06082296],[133.13768005,-4.07924414],[133.23143005,-3.99835992],[133.32080078,-4.01021099],[133.46604919,-3.8583889],[133.40057373,-3.73544788],[133.49549866,-3.62794709],[133.58731079,-3.57439423],[133.60180664,-3.53518724],[133.54631042,-3.44274116],[133.64941406,-3.407233],[133.67118835,-3.34366608],[133.6559906,-3.23595405],[133.67723083,-3.12030101],[133.74291992,-3.03379941],[133.82452393,-3.00465488],[133.83920288,-3.08266091],[133.779953,-3.11658907],[133.77474976,-3.1779201],[133.67541504,-3.23129201],[133.67767334,-3.32658696],[133.70333862,-3.405581],[133.62832642,-3.48215079],[133.78675842,-3.69911194],[133.79592896,-3.60290098],[133.91052246,-3.70361209],[133.91653442,-3.78456998],[133.95875549,-3.85600805],[134.04321289,-3.78515196],[134.07301331,-3.8226161],[134.16247559,-3.77317095],[134.18321228,-3.83801699],[134.15397644,-3.89650106],[134.19837952,-3.96089196],[134.27548218,-3.99815297],[134.44047546,-3.9166851],[134.4675293,-3.99198794],[134.54743958,-4.03000021],[134.68273926,-3.96572089],[134.64654541,-4.13410616],[134.83094788,-4.25535679],[134.86987305,-4.25176287],[135.04730225,-4.04528761],[135.20292664,-3.81987333],[135.25798035,-3.75193],[134.63587952,-3.54263949],[134.41300964,-3.47406912],[134.25141907,-3.40218043],[134.22425842,-3.35004306],[134.3230896,-3.18483496],[134.23347473,-3.043154],[134.17260742,-2.85234594],[134.13327026,-2.83996511],[133.75198364,-3.00942731],[133.67831421,-3.00428104],[133.50392151,-3.1515739],[133.29405212,-3.36394],[133.12341309,-3.58831501],[132.82585144,-3.89163208]]]]},"properties":{"GID_0":"IDN","NAME_0":"Indonesia","GID_1":"IDN.22_1","NAME_1":"Papua Barat","NL_NAME_1":"","GID_2":"IDN.22.2_1","NAME_2":"Kaimana","VARNAME_2":"","NL_NAME_2":"","TYPE_2":"Kabupaten","ENGTYPE_2":"Regency","CC_2":"9208","HASC_2":"ID.IB.KA"}},
  {"type":"Feature","geometry":{"type":"Polygon","coordinates":[[[131.27001953,-0.93381119],[131.4332428,-0.94382232],[131.39161682,-0.82481754],[131.39981079,-0.78225356],[131.24305725,-0.81998038],[131.27001953,-0.93381119]]]},"properties":{"GID_0":"IDN","NAME_0":"Indonesia","GID_1":"IDN.22_1","NAME_1":"Papua Barat","NL_NAME_1":"","GID_2":"IDN.22.3_1","NAME_2":"Kota Sorong","VARNAME_2":"","NL_NAME_2":"","TYPE_2":"Kota","ENGTYPE_2":"City","CC_2":"9171","HASC_2":"ID.IB.SG"}},
  {"type":"Feature","geometry":{"type":"Polygon","coordinates":[[[132.70880127,-1.16048706],[133.11038208,-1.23086596],[133.33776855,-1.27621603],[133.66293335,-1.36314297],[133.66418457,-1.54267395],[133.68382263,-1.59396303],[133.86633301,-1.59665],[133.87290955,-1.65719104],[133.83596802,-1.79436398],[133.88224792,-2.02263808],[134.01876831,-2.00492024],[134.0032959,-1.77153981],[134.09292603,-1.76819181],[134.07539368,-1.64915597],[134.11698914,-1.63870394],[134.19058228,-1.55589998],[134.19824219,-1.464167],[134.25587463,-1.31807303],[134.18994141,-1.19459701],[134.10568237,-1.12642097],[134.06520081,-1.01438606],[134.01034546,-0.957241],[134.05493164,-0.89110065],[134.13566589,-0.86936486],[134.00387573,-0.77263451],[133.97341919,-0.71978527],[133.88145447,-0.71414644],[133.81802368,-0.74704492],[133.74401855,-0.72160304],[133.64102173,-0.73514003],[133.38948059,-0.73969102],[133.3215332,-0.698632],[133.22587585,-0.60027486],[133.08149719,-0.51723963],[133.01615906,-0.52953607],[132.99638367,-0.64132255],[132.93948364,-0.6112892],[132.80943298,-0.60102582],[132.77674866,-0.63263935],[132.89949036,-0.71533668],[132.81419373,-0.79994088],[132.860672,-0.82300758],[132.81674194,-0.9281581],[132.66233826,-0.98709202],[132.60417175,-1.04641795],[132.48721313,-1.09444106],[132.50566101,-1.12652004],[132.70880127,-1.16048706]]]},"properties":{"GID_0":"IDN","NAME_0":"Indonesia","GID_1":"IDN.22_1","NAME_1":"Papua Barat","NL_NAME_1":"","GID_2":"IDN.22.4_1","NAME_2":"Manokwari","VARNAME_2":"","NL_NAME_2":"","TYPE_2":"Kabupaten","ENGTYPE_2":"Regency","CC_2":"9105","HASC_2":"ID.IB.MA"}},
  {"type":"Feature","geometry":{"type":"Polygon","coordinates":[[[132.02534485,-1.06774354],[132.0700531,-1.17004156],[132.01824951,-1.24021709],[132.01342773,-1.30342996],[132.12123108,-1.36182487],[132.10150146,-1.42833114],[132.2890625,-1.4690032],[132.3217926,-1.54273701],[132.41362,-1.62758994],[132.4385376,-1.70393109],[132.49671936,-1.78136373],[132.5680542,-1.59405196],[132.59985352,-1.41456902],[132.71989441,-1.219046],[132.70880127,-1.16048706],[132.50566101,-1.12652004],[132.48721313,-1.09444106],[132.33073425,-1.074718],[132.02534485,-1.06774354]]]},"properties":{"GID_0":"IDN","NAME_0":"Indonesia","GID_1":"IDN.22_1","NAME_1":"Papua Barat","NL_NAME_1":"","GID_2":"IDN.22.5_1","NAME_2":"Maybrat","VARNAME_2":"","NL_NAME_2":"","TYPE_2":"Kabupaten","ENGTYPE_2":"Regency","CC_2":"9110","HASC_2":"ID.IB.MB"}},
  {"type":"Feature","geometry":{"type":"MultiPolygon","coordinates":[[[[131.02375793,-1.1955415],[131.0670929,-1.09706903],[131.08239746,-1.00737596],[131.04766846,-0.92868102],[130.93586731,-0.94250745],[130.89550781,-0.89069599],[130.79051208,-0.93073201],[130.63598633,-0.96017498],[130.71464539,-1.07538104],[130.67884827,-1.11055923],[130.73416138,-1.18697703],[130.78010559,-1.16605902],[130.84783936,-1.20587444],[130.95922852,-1.17443979],[131.02375793,-1.1955415]]],[[[130.26403809,-1.70052099],[130.25405884,-1.723544],[130.12117004,-1.70760596],[129.900177,-1.77613997],[129.85791016,-1.81337798],[129.75016785,-1.84110296],[129.71786499,-1.87196898],[129.85179138,-1.96706498],[129.94264221,-2.00927711],[130.10035706,-2.0346899],[130.11572266,-2.05949402],[130.25372314,-2.05353498],[130.3197937,-1.973979],[130.38780212,-1.95034599],[130.43945313,-1.82097495],[130.34732056,-1.72600901],[130.26403809,-1.70052099]]],[[[130.57435608,-0.54314458],[130.66223145,-0.51590866],[130.69726563,-0.45282164],[130.64808655,-0.41547066],[130.4684906,-0.45115465],[130.47445679,-0.49363065],[130.57435608,-0.54314458]]],[[[130.644104,-0.11263978],[130.69467163,-0.07436965],[130.73057556,-0.14613466],[130.77532959,-0.15732665],[130.79704285,-0.24598466],[130.86439514,-0.23794766],[130.94338989,-0.35027665],[130.9974823,-0.36201766],[131.07217407,-0.32520264],[131.1559906,-0.33334264],[131.24041748,-0.38405067],[131.33976746,-0.28710964],[131.31518555,-0.20242365],[131.25151062,-0.13835666],[131.19351196,-0.13253365],[131.15402222,-0.08379965],[130.97053528,-0.05981065],[130.87756348,-0.01523765],[130.77267456,-0.00945765],[130.62828064,-0.06028965],[130.55995178,-0.03227165],[130.39173889,-0.10921765],[130.28910828,-0.10362665],[130.27519226,-0.14711365],[130.36697388,-0.20497288],[130.39404297,-0.27180365],[130.51255798,-0.24611865],[130.53656006,-0.30949366],[130.58647156,-0.32254764],[130.68260193,-0.29420164],[130.72665405,-0.44432667],[130.79301453,-0.44936067],[130.92677307,-0.39187464],[130.92944336,-0.33664066],[130.74238586,-0.29391864],[130.65039063,-0.14993365],[130.644104,-0.11263978]]],[[[130.70932007,-0.8886674],[130.84779358,-0.859505],[130.870224,-0.80137902],[130.73313904,-0.82123601],[130.58647156,-0.81113702],[130.54266357,-0.840931],[130.47923279,-0.820337],[130.44779968,-0.90211201],[130.5342865,-0.918374],[130.70932007,-0.8886674]]]]},"properties":{"GID_0":"IDN","NAME_0":"Indonesia","GID_1":"IDN.22_1","NAME_1":"Papua Barat","NL_NAME_1":"","GID_2":"IDN.22.6_1","NAME_2":"Raja Ampat","VARNAME_2":"","NL_NAME_2":"","TYPE_2":"Kabupaten","ENGTYPE_2":"Regency","CC_2":"9603","HASC_2":"ID.IB.RA"}},
  {"type":"Feature","geometry":{"type":"MultiPolygon","coordinates":[[[[130.73416138,-1.18697703],[130.74987793,-1.24362218],[130.97943115,-1.35530496],[131.04324341,-1.2433368],[131.02375793,-1.1955415],[130.95922852,-1.17443979],[130.84783936,-1.20587444],[130.78010559,-1.16605902],[130.73416138,-1.18697703]]],[[[131.67953491,-1.54761481],[131.72398376,-1.48063397],[131.81280518,-1.51111817],[131.85955811,-1.48806441],[131.82450867,-1.39228857],[131.8886261,-1.31766605],[131.89639282,-1.26318276],[131.80107117,-1.13582933],[131.93788147,-1.06123245],[132.125,-0.99109137],[132.17944336,-0.87945867],[132.0592804,-0.77750838],[132.03373718,-0.7236973],[132.09854126,-0.64322329],[132.02145386,-0.55001462],[131.91355896,-0.62485129],[131.82731628,-0.71114916],[131.68667603,-0.74151379],[131.53302002,-0.73549718],[131.39981079,-0.78225356],[131.39161682,-0.82481754],[131.4332428,-0.94382232],[131.27001953,-0.93381119],[131.23223877,-1.10174596],[131.1736908,-1.22945774],[131.0456543,-1.26547098],[130.99552917,-1.38617527],[130.99331665,-1.4645654],[131.09313965,-1.44888794],[131.16372681,-1.46866441],[131.21136475,-1.53645122],[131.3157959,-1.4918896],[131.31283569,-1.41189766],[131.44372559,-1.51511967],[131.48692322,-1.48619401],[131.66087341,-1.56090367],[131.67953491,-1.54761481]]]]},"properties":{"GID_0":"IDN","NAME_0":"Indonesia","GID_1":"IDN.22_1","NAME_1":"Papua Barat","NL_NAME_1":"","GID_2":"IDN.22.8_1","NAME_2":"Sorong","VARNAME_2":"","NL_NAME_2":"","TYPE_2":"Kabupaten","ENGTYPE_2":"Regency","CC_2":"9671","HASC_2":"ID.IB.SR"}},
  {"type":"Feature","geometry":{"type":"Polygon","coordinates":[[[131.67953491,-1.54761481],[131.81149292,-1.61455202],[131.86288452,-1.57992494],[131.91020203,-1.71912205],[132.0256958,-1.71964002],[131.92427063,-1.81387997],[131.92640686,-1.86363006],[131.97914124,-1.97685504],[132.04168701,-2.02329206],[132.04730225,-2.07293391],[132.14425659,-2.14723396],[132.18154907,-2.14677691],[132.31600952,-2.2800591],[132.54159546,-2.18989301],[132.48442078,-2.057899],[132.47502136,-1.85774398],[132.49671936,-1.78136373],[132.4385376,-1.70393109],[132.41362,-1.62758994],[132.3217926,-1.54273701],[132.2890625,-1.4690032],[132.10150146,-1.42833114],[132.12123108,-1.36182487],[132.01342773,-1.30342996],[132.01824951,-1.24021709],[132.0700531,-1.17004156],[132.02534485,-1.06774354],[131.93788147,-1.06123245],[131.80107117,-1.13582933],[131.89639282,-1.26318276],[131.8886261,-1.31766605],[131.82450867,-1.39228857],[131.85955811,-1.48806441],[131.81280518,-1.51111817],[131.72398376,-1.48063397],[131.67953491,-1.54761481]]]},"properties":{"GID_0":"IDN","NAME_0":"Indonesia","GID_1":"IDN.22_1","NAME_1":"Papua Barat","NL_NAME_1":"","GID_2":"IDN.22.7_1","NAME_2":"Sorong Selatan","VARNAME_2":"","NL_NAME_2":"","TYPE_2":"Kabupaten","ENGTYPE_2":"Regency","CC_2":"9106","HASC_2":"ID.IB.SL"}},
  {"type":"Feature","geometry":{"type":"Polygon","coordinates":[[[132.48721313,-1.09444106],[132.60417175,-1.04641795],[132.66233826,-0.98709202],[132.81674194,-0.9281581],[132.860672,-0.82300758],[132.81419373,-0.79994088],[132.89949036,-0.71533668],[132.77674866,-0.63263935],[132.80943298,-0.60102582],[132.93948364,-0.6112892],[132.99638367,-0.64132255],[133.01615906,-0.52953607],[132.92550659,-0.45215425],[132.88014221,-0.4477928],[132.64733887,-0.35708013],[132.43048096,-0.34373787],[132.32087708,-0.3819223],[132.25746155,-0.37949687],[132.0710907,-0.4921425],[132.02145386,-0.55001462],[132.09854126,-0.64322329],[132.03373718,-0.7236973],[132.0592804,-0.77750838],[132.17944336,-0.87945867],[132.125,-0.99109137],[131.93788147,-1.06123245],[132.02534485,-1.06774354],[132.33073425,-1.074718],[132.48721313,-1.09444106]]]},"properties":{"GID_0":"IDN","NAME_0":"Indonesia","GID_1":"IDN.22_1","NAME_1":"Papua Barat","NL_NAME_1":"","GID_2":"IDN.22.9_1","NAME_2":"Tambrauw","VARNAME_2":"","NL_NAME_2":"","TYPE_2":"Kabupaten","ENGTYPE_2":"Regency","CC_2":"9604","HASC_2":"ID.IB.TM"}},
  {"type":"Feature","geometry":{"type":"Polygon","coordinates":[[[132.54159546,-2.18989301],[132.61064148,-2.207515],[132.63542175,-2.27650309],[132.71257019,-2.298666],[132.8092804,-2.24215508],[132.96406555,-2.29239511],[133.02073669,-2.24784803],[133.15440369,-2.1995101],[133.28407288,-2.19237709],[133.43179321,-2.22634411],[133.63560486,-2.23245406],[133.73545837,-2.16023993],[133.82751465,-2.14047408],[133.86637878,-2.20018005],[133.7849884,-2.23362207],[133.83712769,-2.29281998],[133.8775177,-2.38607597],[133.75679016,-2.42196488],[133.75602722,-2.47091103],[133.59178162,-2.56795406],[133.48960876,-2.51245522],[133.41091919,-2.53615475],[133.29052734,-2.43552399],[133.21611023,-2.41382289],[133.12908936,-2.43833709],[133.05058289,-2.52127695],[133.19580078,-2.6441679],[133.43830872,-2.82687306],[133.49967957,-2.85681391],[133.67831421,-3.00428104],[133.75198364,-3.00942731],[134.13327026,-2.83996511],[134.17260742,-2.85234594],[134.07469177,-2.5662961],[134.0741272,-2.42737198],[134.01876831,-2.00492024],[133.88224792,-2.02263808],[133.83596802,-1.79436398],[133.87290955,-1.65719104],[133.86633301,-1.59665],[133.68382263,-1.59396303],[133.66418457,-1.54267395],[133.66293335,-1.36314297],[133.33776855,-1.27621603],[133.11038208,-1.23086596],[132.70880127,-1.16048706],[132.71989441,-1.219046],[132.59985352,-1.41456902],[132.5680542,-1.59405196],[132.49671936,-1.78136373],[132.47502136,-1.85774398],[132.48442078,-2.057899],[132.54159546,-2.18989301]]]},"properties":{"GID_0":"IDN","NAME_0":"Indonesia","GID_1":"IDN.22_1","NAME_1":"Papua Barat","NL_NAME_1":"","GID_2":"IDN.22.10_1","NAME_2":"Teluk Bintuni","VARNAME_2":"","NL_NAME_2":"","TYPE_2":"Kabupaten","ENGTYPE_2":"Regency","CC_2":"9206","HASC_2":"ID.IB.TK"}},
  {"type":"Feature","geometry":{"type":"MultiPolygon","coordinates":[[[[134.17295837,-1.91218245],[134.21482849,-1.82954717],[134.14814758,-1.82913005],[134.17295837,-1.91218245]]],[[[134.34819031,-2.16690969],[134.38903809,-2.10322189],[134.40466309,-2.00009108],[134.36180115,-1.998142],[134.31898499,-2.06940889],[134.34819031,-2.16690969]]],[[[134.17260742,-2.85234594],[134.23347473,-3.043154],[134.3230896,-3.18483496],[134.22425842,-3.35004306],[134.25141907,-3.40218043],[134.41300964,-3.47406912],[134.63587952,-3.54263949],[134.72680664,-3.40859127],[134.70350647,-3.34551001],[134.61862183,-2.65014458],[134.59877014,-2.48911905],[134.53067017,-2.45203543],[134.47010803,-2.53224993],[134.45960999,-2.593997],[134.49345398,-2.66260409],[134.52104187,-2.79744506],[134.45559692,-2.86714101],[134.33322144,-2.54998589],[134.17642212,-2.35539508],[134.14128113,-2.15662003],[134.10420227,-2.05290675],[134.14241028,-2.00272608],[134.09292603,-1.76819181],[134.0032959,-1.77153981],[134.01876831,-2.00492024],[134.0741272,-2.42737198],[134.07469177,-2.5662961],[134.17260742,-2.85234594]]]]},"properties":{"GID_0":"IDN","NAME_0":"Indonesia","GID_1":"IDN.22_1","NAME_1":"Papua Barat","NL_NAME_1":"","GID_2":"IDN.22.11_1","NAME_2":"Teluk Wondama","VARNAME_2":"","NL_NAME_2":"","TYPE_2":"Kabupaten","ENGTYPE_2":"Regency","CC_2":"9103","HASC_2":"ID.IB.TW"}},
  {"type":"Feature","geometry":{"type":"MultiPolygon","coordinates":[[[[101.68763733,1.73553753],[101.73168182,1.76255369],[101.7765274,1.98864424],[101.71083832,2.08982468],[101.65523529,2.12487674],[101.52828217,2.03666687],[101.4774704,2.06425738],[101.39782715,2.00512958],[101.38375092,1.90633082],[101.4580307,1.72387731],[101.61726379,1.6887567],[101.68763733,1.73553753]]],[[[102.50426483,1.30748522],[102.49653625,1.46543157],[102.45840454,1.51949751],[102.0713501,1.60324299],[101.9981842,1.5838083],[102.11101532,1.46355772],[102.29818726,1.42613423],[102.39749908,1.32362366],[102.49615479,1.25260437],[102.50426483,1.30748522]]],[[[100.93258667,1.24848318],[101.23043823,1.00693619],[101.29091644,1.04990315],[101.41703033,1.02262974],[101.53940582,0.92541671],[101.71204376,1.19709778],[101.81384277,1.16892183],[101.88348389,1.06831861],[101.84057617,0.94685692],[101.96899414,0.9604848],[102.13186646,1.17693412],[102.16201019,1.19079077],[102.15919495,1.36056149],[102.00525665,1.45844698],[101.76185608,1.65935338],[101.72595215,1.67199874],[101.68998718,1.51580024],[101.57608795,1.53620625],[101.42217255,1.43106186],[101.31742096,1.47473013],[101.16847992,1.44161224],[101.01139832,1.35069692],[100.94754028,1.35122001],[100.93258667,1.24848318]]]]},"properties":{"GID_0":"IDN","NAME_0":"Indonesia","GID_1":"IDN.24_1","NAME_1":"Riau","NL_NAME_1":"","GID_2":"IDN.24.1_1","NAME_2":"Bengkalis","VARNAME_2":"","NL_NAME_2":"","TYPE_2":"Kabupaten","ENGTYPE_2":"Regency","CC_2":"1408","HASC_2":"ID.RI.BK"}},
  {"type":"Feature","geometry":{"type":"Polygon","coordinates":[[[101.31742096,1.47473013],[101.42217255,1.43106186],[101.57608795,1.53620625],[101.68998718,1.51580024],[101.72595215,1.67199874],[101.60189056,1.6386658],[101.53120422,1.64597964],[101.38742828,1.72033799],[101.3322525,1.91139531],[101.32314301,1.99790299],[101.26831818,2.08135772],[101.18723297,2.12312698],[101.07299042,2.22312379],[101.06182861,2.27531624],[101.0092926,2.12360144],[101.06023407,1.95507813],[101.12995148,1.84075511],[101.2529068,1.68145132],[101.2999649,1.58860397],[101.31742096,1.47473013]]]},"properties":{"GID_0":"IDN","NAME_0":"Indonesia","GID_1":"IDN.24_1","NAME_1":"Riau","NL_NAME_1":"","GID_2":"IDN.24.2_1","NAME_2":"Dumai","VARNAME_2":"","NL_NAME_2":"","TYPE_2":"Kota","ENGTYPE_2":"City","CC_2":"1472","HASC_2":"ID.RI.DU"}},
  {"type":"Feature","geometry":{"type":"MultiPolygon","coordinates":[[[[103.56538391,-0.48176509],[103.58560181,-0.39956418],[103.51132965,-0.36884513],[103.39268494,-0.37867522],[103.39888,-0.51542622],[103.50811005,-0.51559687],[103.56538391,-0.48176509]]],[[[103.78579712,-0.34176067],[103.70804596,-0.25577855],[103.63703156,-0.22655608],[103.53868103,-0.21833521],[103.45107269,-0.35864469],[103.6267395,-0.38860294],[103.78579712,-0.34176067]]],[[[102.64874268,-1.11857569],[102.73425293,-1.06765962],[102.82471466,-0.95989782],[102.93505096,-0.85780585],[103.0036087,-0.76292926],[103.12154388,-0.74692398],[103.38171387,-0.79430979],[103.4424057,-0.73959738],[103.3758316,-0.69512141],[103.34437561,-0.62609231],[103.41594696,-0.60124403],[103.37260437,-0.43914056],[103.30570221,-0.381969],[103.3188858,-0.34485337],[103.22683716,-0.27137351],[103.40467072,-0.222735],[103.49478149,-0.15788369],[103.48821259,-0.09345394],[103.58326721,-0.06100341],[103.61571503,-0.00597271],[103.67926788,-0.02192756],[103.81015015,-0.0109755],[103.76646423,0.18537137],[103.71512604,0.29670882],[103.61392975,0.34656769],[103.58794403,0.39199001],[103.41513062,0.5231865],[103.35725403,0.53738475],[103.33887482,0.48762482],[103.26361847,0.45215061],[103.14501953,0.34046936],[103.00393677,0.2908648],[102.81412506,0.12643099],[102.71697235,0.10536448],[102.71681213,-0.45433617],[102.691185,-0.46906146],[102.63921356,-0.71704578],[102.6386261,-0.80590534],[102.57796478,-0.881715],[102.55503082,-1.09003127],[102.64874268,-1.11857569]]],[[[103.51941681,-0.20489328],[103.3445282,-0.25079507],[103.34578705,-0.27959245],[103.45883942,-0.31017497],[103.51941681,-0.20489328]]]]},"properties":{"GID_0":"IDN","NAME_0":"Indonesia","GID_1":"IDN.24_1","NAME_1":"Riau","NL_NAME_1":"","GID_2":"IDN.24.3_1","NAME_2":"Indragiri Hilir","VARNAME_2":"","NL_NAME_2":"","TYPE_2":"Kabupaten","ENGTYPE_2":"Regency","CC_2":"1403","HASC_2":"ID.RI.II"}},
  {"type":"Feature","geometry":{"type":"Polygon","coordinates":[[[101.89257813,-0.39572382],[101.90631866,-0.5380798],[101.80570221,-0.66015452],[101.78330994,-0.84307432],[101.85780334,-0.91448784],[101.9278717,-0.90518349],[102.00627899,-0.88263804],[102.20041656,-0.9544329],[102.26200104,-0.92598456],[102.46016693,-1.07723725],[102.55503082,-1.09003127],[102.57796478,-0.881715],[102.6386261,-0.80590534],[102.63921356,-0.71704578],[102.691185,-0.46906146],[102.71681213,-0.45433617],[102.71697235,0.10536448],[102.56564331,0.0932029],[102.49629974,0.01216894],[102.47042847,-0.10506821],[102.36807251,-0.17883152],[102.22509766,-0.16646859],[102.16524506,-0.26356503],[102.10202789,-0.27311713],[101.95362854,-0.40784448],[101.89257813,-0.39572382]]]},"properties":{"GID_0":"IDN","NAME_0":"Indonesia","GID_1":"IDN.24_1","NAME_1":"Riau","NL_NAME_1":"","GID_2":"IDN.24.4_1","NAME_2":"Indragiri Hulu","VARNAME_2":"","NL_NAME_2":"","TYPE_2":"Kabupaten","ENGTYPE_2":"Regency","CC_2":"1402","HASC_2":"ID.RI.IU"}},
  {"type":"Feature","geometry":{"type":"Polygon","coordinates":[[[101.04737091,-0.37700433],[101.11804962,-0.38778117],[101.15657806,-0.24102294],[101.20189667,-0.18316619],[101.1931839,-0.12136196],[101.26087189,-0.01398679],[101.36817169,-0.14880191],[101.41110992,-0.07390012],[101.45219421,-0.12718531],[101.52276611,-0.11722079],[101.51473999,-0.03760673],[101.56244659,0.04601989],[101.59210205,0.19379441],[101.580513,0.26796687],[101.67945099,0.2708815],[101.68289948,0.37680253],[101.61419678,0.3946318],[101.57386017,0.45468444],[101.47697449,0.45595008],[101.44529724,0.42148277],[101.36286926,0.43195453],[101.35407257,0.56649655],[101.32791901,0.60603112],[101.37818909,0.66259837],[101.32260132,0.69595218],[101.33483124,0.79743987],[100.90687561,1.02991307],[100.77149963,0.86533284],[100.70330811,0.83211106],[100.65659332,0.74589461],[100.59538269,0.70406383],[100.65227509,0.61844844],[100.8387146,0.47603112],[100.83893585,0.37539244],[100.80276489,0.35490501],[100.72046661,0.39054719],[100.5717392,0.53215504],[100.45018005,0.40742096],[100.47297668,0.31347233],[100.5320816,0.31665656],[100.68068695,0.18730929],[100.70137024,0.24563034],[100.84132385,0.22596712],[100.8451004,0.16246946],[100.7906189,0.12888102],[100.80105591,0.04949652],[100.84767151,0],[100.75067139,-0.04464496],[100.7753067,-0.21481027],[100.84111786,-0.29688922],[100.84450531,-0.33934882],[100.94766235,-0.31083009],[101.04737091,-0.37700433]]]},"properties":{"GID_0":"IDN","NAME_0":"Indonesia","GID_1":"IDN.24_1","NAME_1":"Riau","NL_NAME_1":"","GID_2":"IDN.24.5_1","NAME_2":"Kampar","VARNAME_2":"","NL_NAME_2":"","TYPE_2":"Kabupaten","ENGTYPE_2":"Regency","CC_2":"1406","HASC_2":"ID.RI.KA"}},
  {"type":"Feature","geometry":{"type":"MultiPolygon","coordinates":[[[[102.5162735,0.95366573],[102.61423492,1.04766297],[102.54520416,1.12138617],[102.48410034,1.12801504],[102.46070862,1.06154692],[102.5162735,0.95366573]]],[[[102.8219223,0.98749655],[102.8849411,0.9666099],[102.95541382,0.90544891],[103.10210419,0.8271212],[103.1600647,0.88570338],[103.08731842,0.9800815],[102.97223663,1.09624505],[102.7901001,1.15559697],[102.73540497,1.15394199],[102.67066193,1.09104884],[102.8219223,0.98749655]]],[[[103.05033875,0.75616175],[103.04710388,0.82433271],[102.87509155,0.95428121],[102.7278595,1.02154958],[102.64931488,0.99196047],[102.59152222,1.00207412],[102.40890503,0.88784814],[102.43718719,0.82523245],[102.54767609,0.77220637],[102.65523529,0.78899431],[102.84958649,0.79420054],[102.92747498,0.76930547],[102.99452209,0.68908435],[103.05033875,0.75616175]]],[[[102.42808533,0.93961686],[102.48353577,0.95223379],[102.43955231,1.0628233],[102.48125458,1.24358392],[102.37190247,1.32819009],[102.29662323,1.408566],[102.2095871,1.40134585],[102.20587921,1.28185713],[102.24796295,1.18620408],[102.23673248,1.10071564],[102.27589417,1.00538325],[102.39080811,0.91271746],[102.42808533,0.93961686]]]]},"properties":{"GID_0":"IDN","NAME_0":"Indonesia","GID_1":"IDN.24_1","NAME_1":"Riau","NL_NAME_1":"","GID_2":"IDN.24.6_1","NAME_2":"Kepulauan Meranti","VARNAME_2":"","NL_NAME_2":"","TYPE_2":"Kabupaten","ENGTYPE_2":"Regency","CC_2":"1410","HASC_2":"ID.RI.KM"}},
  {"type":"Feature","geometry":{"type":"Polygon","coordinates":[[[101.49498749,-0.80545974],[101.59388733,-0.84842891],[101.64431763,-0.82552189],[101.75572968,-0.97493923],[101.83340454,-0.98152566],[101.90716553,-0.95056063],[101.9278717,-0.90518349],[101.85780334,-0.91448784],[101.78330994,-0.84307432],[101.80570221,-0.66015452],[101.90631866,-0.5380798],[101.89257813,-0.39572382],[101.74768829,-0.35205323],[101.70808411,-0.26274991],[101.6105957,-0.23459774],[101.52276611,-0.11722079],[101.45219421,-0.12718531],[101.41110992,-0.07390012],[101.36817169,-0.14880191],[101.26087189,-0.01398679],[101.1931839,-0.12136196],[101.20189667,-0.18316619],[101.15657806,-0.24102294],[101.11804962,-0.38778117],[101.04737091,-0.37700433],[101.02529144,-0.39469931],[101.0712738,-0.50309342],[101.18338776,-0.5517388],[101.24963379,-0.62554467],[101.30779266,-0.62888891],[101.49498749,-0.80545974]]]},"properties":{"GID_0":"IDN","NAME_0":"Indonesia","GID_1":"IDN.24_1","NAME_1":"Riau","NL_NAME_1":"","GID_2":"IDN.24.7_1","NAME_2":"Kuantan Singingi","VARNAME_2":"","NL_NAME_2":"","TYPE_2":"Kabupaten","ENGTYPE_2":"Regency","CC_2":"1401","HASC_2":"ID.RI.KS"}},
  {"type":"Feature","geometry":{"type":"Polygon","coordinates":[[[101.57386017,0.45468444],[101.59208679,0.53057957],[101.57420349,0.63288736],[101.5402832,0.65802604],[101.37818909,0.66259837],[101.32791901,0.60603112],[101.35407257,0.56649655],[101.36286926,0.43195453],[101.44529724,0.42148277],[101.47697449,0.45595008],[101.57386017,0.45468444]]]},"properties":{"GID_0":"IDN","NAME_0":"Indonesia","GID_1":"IDN.24_1","NAME_1":"Riau","NL_NAME_1":"","GID_2":"IDN.24.8_1","NAME_2":"Pekanbaru","VARNAME_2":"","NL_NAME_2":"","TYPE_2":"Kota","ENGTYPE_2":"City","CC_2":"1471","HASC_2":"ID.RI.PB"}},
  {"type":"Feature","geometry":{"type":"MultiPolygon","coordinates":[[[[103.2286377,0.52331597],[103.284935,0.52843279],[103.30214691,0.60151142],[103.27279663,0.66518235],[103.19123077,0.70040107],[103.14945984,0.6666522],[103.13858032,0.5791226],[103.16551971,0.49963793],[103.2286377,0.52331597]]],[[[101.89257813,-0.39572382],[101.95362854,-0.40784448],[102.10202789,-0.27311713],[102.16524506,-0.26356503],[102.22509766,-0.16646859],[102.36807251,-0.17883152],[102.47042847,-0.10506821],[102.49629974,0.01216894],[102.56564331,0.0932029],[102.71697235,0.10536448],[102.81412506,0.12643099],[103.00393677,0.2908648],[103.14501953,0.34046936],[103.26361847,0.45215061],[103.33887482,0.48762482],[103.35725403,0.53738475],[103.21186829,0.48352638],[103.14380646,0.392773],[103.05697632,0.36990103],[102.98603058,0.31505069],[102.85049438,0.24516417],[102.79423523,0.29346749],[102.91318512,0.34297636],[102.95482635,0.38071001],[103.12143707,0.46303433],[103.02755737,0.60083699],[102.90065002,0.72096753],[102.84823608,0.66672379],[102.34016418,0.61137909],[102.11855316,0.59678453],[101.97745514,0.57192498],[101.84981537,0.51022196],[101.83660126,0.43626595],[101.79409027,0.40758291],[101.67653656,0.45566732],[101.66451263,0.53714931],[101.59208679,0.53057957],[101.57386017,0.45468444],[101.61419678,0.3946318],[101.68289948,0.37680253],[101.67945099,0.2708815],[101.580513,0.26796687],[101.59210205,0.19379441],[101.56244659,0.04601989],[101.51473999,-0.03760673],[101.52276611,-0.11722079],[101.6105957,-0.23459774],[101.70808411,-0.26274991],[101.74768829,-0.35205323],[101.89257813,-0.39572382]]]]},"properties":{"GID_0":"IDN","NAME_0":"Indonesia","GID_1":"IDN.24_1","NAME_1":"Riau","NL_NAME_1":"","GID_2":"IDN.24.9_1","NAME_2":"Pelalawan","VARNAME_2":"","NL_NAME_2":"","TYPE_2":"Kabupaten","ENGTYPE_2":"Regency","CC_2":"1404","HASC_2":"ID.RI.PE"}},
  {"type":"Feature","geometry":{"type":"MultiPolygon","coordinates":[[[[100.78608704,2.12214899],[100.74689484,2.25934863],[100.70875549,2.21534467],[100.74144745,2.14116669],[100.78608704,2.12214899]]],[[[100.94754028,1.35122001],[101.01139832,1.35069692],[101.16847992,1.44161224],[101.31742096,1.47473013],[101.2999649,1.58860397],[101.2529068,1.68145132],[101.12995148,1.84075511],[101.06023407,1.95507813],[101.0092926,2.12360144],[101.06182861,2.27531624],[100.95126343,2.30371881],[100.83524323,2.29874134],[100.76766205,2.2235446],[100.7843399,2.07768941],[100.68639374,2.12024307],[100.5852356,2.13442755],[100.43505096,2.25666308],[100.36116791,2.38578367],[100.32289886,2.54543447],[100.29545593,2.42821407],[100.30082703,2.34014297],[100.36506653,2.21023178],[100.3155365,2.05241227],[100.31439972,1.90961313],[100.2815094,1.86510766],[100.29615784,1.79122806],[100.35375214,1.78219712],[100.33966827,1.71247244],[100.41582489,1.68993151],[100.40342712,1.62401104],[100.42250061,1.52568078],[100.37678528,1.45534277],[100.31678009,1.47608316],[100.33358765,1.43341184],[100.49372101,1.30558598],[100.62091827,1.22397792],[100.66583252,1.29019737],[100.70593262,1.24445331],[100.79391479,1.24772334],[100.82958984,1.32360578],[100.90195465,1.38163972],[100.94754028,1.35122001]]]]},"properties":{"GID_0":"IDN","NAME_0":"Indonesia","GID_1":"IDN.24_1","NAME_1":"Riau","NL_NAME_1":"","GID_2":"IDN.24.10_1","NAME_2":"Rokan Hilir","VARNAME_2":"","NL_NAME_2":"","TYPE_2":"Kabupaten","ENGTYPE_2":"Regency","CC_2":"1409","HASC_2":"ID.RI.RI"}},
  {"type":"Feature","geometry":{"type":"Polygon","coordinates":[[[100.30051422,0.39660057],[100.45018005,0.40742096],[100.5717392,0.53215504],[100.72046661,0.39054719],[100.80276489,0.35490501],[100.83893585,0.37539244],[100.8387146,0.47603112],[100.65227509,0.61844844],[100.59538269,0.70406383],[100.65659332,0.74589461],[100.70330811,0.83211106],[100.77149963,0.86533284],[100.90687561,1.02991307],[100.93258667,1.24848318],[100.94754028,1.35122001],[100.90195465,1.38163972],[100.82958984,1.32360578],[100.79391479,1.24772334],[100.70593262,1.24445331],[100.66583252,1.29019737],[100.62091827,1.22397792],[100.49372101,1.30558598],[100.33358765,1.43341184],[100.20105743,1.39886487],[100.04162598,1.39204013],[100.02536011,1.35691619],[100.16441345,1.13666201],[100.12123871,1.06804693],[100.16252899,1.00222135],[100.12425995,0.81648833],[100.18372345,0.7641837],[100.23925781,0.73395413],[100.23781586,0.673329],[100.18583679,0.62460935],[100.18409729,0.56095052],[100.2736969,0.40755057],[100.30051422,0.39660057]]]},"properties":{"GID_0":"IDN","NAME_0":"Indonesia","GID_1":"IDN.24_1","NAME_1":"Riau","NL_NAME_1":"","GID_2":"IDN.24.11_1","NAME_2":"Rokan Hulu","VARNAME_2":"","NL_NAME_2":"","TYPE_2":"Kabupaten","ENGTYPE_2":"Regency","CC_2":"1407","HASC_2":"ID.RI.RH"}},
  {"type":"Feature","geometry":{"type":"Polygon","coordinates":[[[101.59208679,0.53057957],[101.66451263,0.53714931],[101.67653656,0.45566732],[101.79409027,0.40758291],[101.83660126,0.43626595],[101.84981537,0.51022196],[101.97745514,0.57192498],[102.11855316,0.59678453],[102.34016418,0.61137909],[102.84823608,0.66672379],[102.90065002,0.72096753],[102.7631073,0.73204309],[102.69520569,0.75492156],[102.58708191,0.73643076],[102.5076828,0.74865347],[102.40115356,0.81721079],[102.33896637,0.90013182],[102.22593689,1.00010753],[102.16201019,1.19079077],[102.13186646,1.17693412],[101.96899414,0.9604848],[101.84057617,0.94685692],[101.88348389,1.06831861],[101.81384277,1.16892183],[101.71204376,1.19709778],[101.53940582,0.92541671],[101.41703033,1.02262974],[101.29091644,1.04990315],[101.23043823,1.00693619],[100.93258667,1.24848318],[100.90687561,1.02991307],[101.33483124,0.79743987],[101.32260132,0.69595218],[101.37818909,0.66259837],[101.5402832,0.65802604],[101.57420349,0.63288736],[101.59208679,0.53057957]]]},"properties":{"GID_0":"IDN","NAME_0":"Indonesia","GID_1":"IDN.24_1","NAME_1":"Riau","NL_NAME_1":"","GID_2":"IDN.24.12_1","NAME_2":"Siak","VARNAME_2":"","NL_NAME_2":"","TYPE_2":"Kabupaten","ENGTYPE_2":"Regency","CC_2":"1405","HASC_2":"ID.RI.SI"}},
  {"type":"Feature","geometry":{"type":"Polygon","coordinates":[[[118.8782196,-2.92267227],[118.8298111,-3.1704998],[118.84160614,-3.33291745],[118.87739563,-3.47220564],[118.92782593,-3.55854702],[119.00569916,-3.53298259],[118.915802,-3.40905309],[118.92120361,-3.29742694],[118.89958954,-3.19642091],[118.95349121,-3.15865254],[118.94605255,-3.10586429],[119.04123688,-3.08600736],[119.06997681,-3.10689712],[119.06948853,-2.99389124],[119.02625275,-2.96131945],[118.99423981,-2.92750311],[118.8782196,-2.92267227]]]},"properties":{"GID_0":"IDN","NAME_0":"Indonesia","GID_1":"IDN.25_1","NAME_1":"Sulawesi Barat","NL_NAME_1":"","GID_2":"IDN.25.1_1","NAME_2":"Majene","VARNAME_2":"","NL_NAME_2":"","TYPE_2":"Kabupaten","ENGTYPE_2":"Regency","CC_2":"7601","HASC_2":"ID.SR.MJ"}},
  {"type":"Feature","geometry":{"type":"Polygon","coordinates":[[[119.43219757,-3.26770949],[119.37319946,-3.21256566],[119.43088531,-3.17282104],[119.47814941,-3.19037867],[119.53694153,-3.1391418],[119.63214111,-3.10998535],[119.56507111,-2.99565816],[119.55088806,-2.89708591],[119.58344269,-2.74764061],[119.5528183,-2.7285161],[119.42193604,-2.78057504],[119.37579346,-2.74640989],[119.23199463,-2.71235299],[119.19363403,-2.66266489],[119.12294769,-2.65682411],[119.06102753,-2.70480108],[119.01340485,-2.77897835],[119.02625275,-2.96131945],[119.06948853,-2.99389124],[119.06997681,-3.10689712],[119.14797974,-3.11732292],[119.2237854,-3.07237339],[119.29521942,-3.25268078],[119.44022369,-3.33829045],[119.43219757,-3.26770949]]]},"properties":{"GID_0":"IDN","NAME_0":"Indonesia","GID_1":"IDN.25_1","NAME_1":"Sulawesi Barat","NL_NAME_1":"","GID_2":"IDN.25.2_1","NAME_2":"Mamasa","VARNAME_2":"","NL_NAME_2":"","TYPE_2":"Kabupaten","ENGTYPE_2":"Regency","CC_2":"7603","HASC_2":"ID.SR.MA"}},
  {"type":"Feature","geometry":{"type":"Polygon","coordinates":[[[119.68843079,-2.75300765],[119.79695892,-2.64045835],[119.71607208,-2.57585406],[119.73132324,-2.50027442],[119.71979523,-2.40427756],[119.62859344,-2.29415488],[119.63257599,-2.24245238],[119.81421661,-2.10189724],[119.87026978,-2.01805973],[119.86060333,-1.92931736],[119.87127686,-1.78092229],[119.66236115,-1.83734393],[119.52384186,-1.79102743],[119.41327667,-1.73187661],[119.34389496,-1.81042027],[119.36419678,-1.85644305],[119.33089447,-1.96365452],[119.28569794,-1.95433831],[119.21270752,-1.99777496],[119.18962097,-2.12000084],[119.14537811,-2.2004683],[119.12264252,-2.31414628],[119.14039612,-2.47399426],[119.04075623,-2.50835705],[118.99652863,-2.617383],[118.8737793,-2.68082213],[118.82183075,-2.62007284],[118.76249695,-2.74889588],[118.7699585,-2.86731219],[118.85124207,-2.85221744],[118.8782196,-2.92267227],[118.99423981,-2.92750311],[119.02625275,-2.96131945],[119.01340485,-2.77897835],[119.06102753,-2.70480108],[119.12294769,-2.65682411],[119.19363403,-2.66266489],[119.23199463,-2.71235299],[119.37579346,-2.74640989],[119.42193604,-2.78057504],[119.5528183,-2.7285161],[119.58344269,-2.74764061],[119.68843079,-2.75300765]]]},"properties":{"GID_0":"IDN","NAME_0":"Indonesia","GID_1":"IDN.25_1","NAME_1":"Sulawesi Barat","NL_NAME_1":"","GID_2":"IDN.25.4_1","NAME_2":"Mamuju","VARNAME_2":"","NL_NAME_2":"","TYPE_2":"Kabupaten","ENGTYPE_2":"Regency","CC_2":"7604","HASC_2":"ID.SR.MM"}},
  {"type":"Feature","geometry":{"type":"Polygon","coordinates":[[[119.34389496,-1.81042027],[119.41327667,-1.73187661],[119.52384186,-1.79102743],[119.66236115,-1.83734393],[119.87127686,-1.78092229],[119.77646637,-1.70905352],[119.73563385,-1.61335588],[119.67101288,-1.54313195],[119.69700623,-1.45252466],[119.62327576,-1.39710653],[119.54911041,-1.43309784],[119.45199585,-1.36690438],[119.47129822,-1.31693614],[119.60314941,-1.15913272],[119.55686188,-1.00954735],[119.56147003,-0.85143381],[119.48088074,-0.99846345],[119.44476318,-1.09783685],[119.33797455,-1.18504024],[119.30280304,-1.2735002],[119.33242798,-1.34950912],[119.28809357,-1.45002508],[119.32637787,-1.57296491],[119.28416443,-1.66342497],[119.34389496,-1.81042027]]]},"properties":{"GID_0":"IDN","NAME_0":"Indonesia","GID_1":"IDN.25_1","NAME_1":"Sulawesi Barat","NL_NAME_1":"","GID_2":"IDN.25.3_1","NAME_2":"Mamuju Utara","VARNAME_2":"","NL_NAME_2":"","TYPE_2":"Kabupaten","ENGTYPE_2":"Regency","CC_2":"7605","HASC_2":"ID.SR.MU"}},
  {"type":"Feature","geometry":{"type":"Polygon","coordinates":[[[119.47414398,-3.50291371],[119.46517181,-3.37867594],[119.44022369,-3.33829045],[119.29521942,-3.25268078],[119.2237854,-3.07237339],[119.14797974,-3.11732292],[119.06997681,-3.10689712],[119.04123688,-3.08600736],[118.94605255,-3.10586429],[118.95349121,-3.15865254],[118.89958954,-3.19642091],[118.92120361,-3.29742694],[118.915802,-3.40905309],[119.00569916,-3.53298259],[119.06466675,-3.50247312],[119.23543549,-3.48604298],[119.30029297,-3.4258287],[119.44967651,-3.47673941],[119.47414398,-3.50291371]]]},"properties":{"GID_0":"IDN","NAME_0":"Indonesia","GID_1":"IDN.25_1","NAME_1":"Sulawesi Barat","NL_NAME_1":"","GID_2":"IDN.25.5_1","NAME_2":"Polewali Mandar","VARNAME_2":"","NL_NAME_2":"","TYPE_2":"Kabupaten","ENGTYPE_2":"Regency","CC_2":"7602","HASC_2":"ID.SR.PM"}},
  {"type":"Feature","geometry":{"type":"Polygon","coordinates":[[[119.93737793,-5.38669014],[119.87950897,-5.49092388],[119.90733337,-5.57679367],[119.92678833,-5.54906797],[120.10128021,-5.58565378],[120.09122467,-5.49076796],[120.02458954,-5.39106369],[119.95511627,-5.35524225],[119.93675995,-5.35629034],[119.93737793,-5.38669014]]]},"properties":{"GID_0":"IDN","NAME_0":"Indonesia","GID_1":"IDN.26_1","NAME_1":"Sulawesi Selatan","NL_NAME_1":"","GID_2":"IDN.26.1_1","NAME_2":"Bantaeng","VARNAME_2":"","NL_NAME_2":"","TYPE_2":"Kabupaten","ENGTYPE_2":"Regency","CC_2":"7303","HASC_2":"ID.SE.BT"}},
  {"type":"Feature","geometry":{"type":"Polygon","coordinates":[[[119.69684601,-4.78800821],[119.74884033,-4.79661608],[119.81465149,-4.70640373],[119.75999451,-4.68481874],[119.75758362,-4.62677908],[119.80625153,-4.53660202],[119.75682068,-4.47818518],[119.75364685,-4.28287411],[119.71671295,-4.24939871],[119.74941254,-4.12907171],[119.70722961,-4.07930851],[119.62024689,-4.06712484],[119.63587952,-4.16080856],[119.59619904,-4.24813366],[119.63498688,-4.30089808],[119.59701538,-4.41630697],[119.59381866,-4.556705],[119.63082886,-4.58469486],[119.65944672,-4.723382],[119.69684601,-4.78800821]]]},"properties":{"GID_0":"IDN","NAME_0":"Indonesia","GID_1":"IDN.26_1","NAME_1":"Sulawesi Selatan","NL_NAME_1":"","GID_2":"IDN.26.2_1","NAME_2":"Barru","VARNAME_2":"","NL_NAME_2":"","TYPE_2":"Kabupaten","ENGTYPE_2":"Regency","CC_2":"7310","HASC_2":"ID.SE.BR"}},
  {"type":"Feature","geometry":{"type":"Polygon","coordinates":[[[119.69684601,-4.78800821],[119.71590424,-4.8178134],[119.80661011,-4.80879545],[119.81162262,-4.76838636],[119.88463593,-4.71882343],[119.9727478,-4.7799511],[119.92098999,-4.85737848],[119.86405945,-5.09190416],[119.9704895,-5.13954592],[120.06087494,-5.12262344],[120.13153076,-5.0443244],[120.20170593,-5.09640265],[120.28681183,-5.11257935],[120.30310822,-4.88430929],[120.38328552,-4.83791637],[120.40923309,-4.69521618],[120.44826508,-4.65901232],[120.39955139,-4.60609388],[120.37679291,-4.51222324],[120.39685822,-4.46900225],[120.34841919,-4.40720177],[120.39006042,-4.34770632],[120.36669159,-4.22278738],[120.28343201,-4.2465806],[120.12429047,-4.22844505],[120.07320404,-4.28511095],[120.0946579,-4.39212751],[120.03762817,-4.5209446],[119.80625153,-4.53660202],[119.75758362,-4.62677908],[119.75999451,-4.68481874],[119.81465149,-4.70640373],[119.74884033,-4.79661608],[119.69684601,-4.78800821]]]},"properties":{"GID_0":"IDN","NAME_0":"Indonesia","GID_1":"IDN.26_1","NAME_1":"Sulawesi Selatan","NL_NAME_1":"","GID_2":"IDN.26.3_1","NAME_2":"Bone","VARNAME_2":"","NL_NAME_2":"","TYPE_2":"Kabupaten","ENGTYPE_2":"Regency","CC_2":"7311","HASC_2":"ID.SE.BO"}},
  {"type":"Feature","geometry":{"type":"Polygon","coordinates":[[[120.10128021,-5.58565378],[120.22037506,-5.54023266],[120.34477997,-5.51363802],[120.39364624,-5.58631849],[120.46389008,-5.60799265],[120.44927216,-5.47442913],[120.37592316,-5.33282852],[120.33439636,-5.28754234],[120.12936401,-5.30806065],[120.03974152,-5.34695292],[119.95511627,-5.35524225],[120.02458954,-5.39106369],[120.09122467,-5.49076796],[120.10128021,-5.58565378]]]},"properties":{"GID_0":"IDN","NAME_0":"Indonesia","GID_1":"IDN.26_1","NAME_1":"Sulawesi Selatan","NL_NAME_1":"","GID_2":"IDN.26.4_1","NAME_2":"Bulukumba","VARNAME_2":"","NL_NAME_2":"","TYPE_2":"Kabupaten","ENGTYPE_2":"Regency","CC_2":"7302","HASC_2":"ID.SE.BU"}},
  {"type":"Feature","geometry":{"type":"Polygon","coordinates":[[[119.78236389,-3.71893144],[119.86065674,-3.81075525],[119.94919586,-3.77808166],[119.92169952,-3.69349289],[119.99177551,-3.66093969],[120.04380798,-3.53860092],[120.09614563,-3.48308587],[120.03394318,-3.37366152],[119.99575806,-3.30221701],[119.92247009,-3.26536536],[119.8534317,-3.28089738],[119.81573486,-3.24540305],[119.71655273,-3.29845643],[119.69021606,-3.36014724],[119.69962311,-3.51194453],[119.7225647,-3.64626002],[119.78236389,-3.71893144]]]},"properties":{"GID_0":"IDN","NAME_0":"Indonesia","GID_1":"IDN.26_1","NAME_1":"Sulawesi Selatan","NL_NAME_1":"","GID_2":"IDN.26.5_1","NAME_2":"Enrekang","VARNAME_2":"","NL_NAME_2":"","TYPE_2":"Kabupaten","ENGTYPE_2":"Regency","CC_2":"7316","HASC_2":"ID.SE.EN"}},
  {"type":"Feature","geometry":{"type":"Polygon","coordinates":[[[119.63616943,-5.43119764],[119.66493225,-5.50750113],[119.78526306,-5.56918526],[119.87284851,-5.43440056],[119.93737793,-5.38669014],[119.93675995,-5.35629034],[119.92887115,-5.33916664],[120.03116608,-5.18556499],[119.9704895,-5.13954592],[119.86405945,-5.09190416],[119.86315918,-5.16133499],[119.7974472,-5.21147013],[119.68795013,-5.16775322],[119.59915924,-5.15281296],[119.51921082,-5.16561651],[119.4095993,-5.20313692],[119.40129852,-5.2333045],[119.37670135,-5.28965139],[119.42136383,-5.41030598],[119.47042084,-5.31507778],[119.57730103,-5.28990173],[119.63616943,-5.43119764]]]},"properties":{"GID_0":"IDN","NAME_0":"Indonesia","GID_1":"IDN.26_1","NAME_1":"Sulawesi Selatan","NL_NAME_1":"","GID_2":"IDN.26.6_1","NAME_2":"Gowa","VARNAME_2":"","NL_NAME_2":"","TYPE_2":"Kabupaten","ENGTYPE_2":"Regency","CC_2":"7306","HASC_2":"ID.SE.GO"}},
  {"type":"Feature","geometry":{"type":"Polygon","coordinates":[[[119.5110321,-5.53679848],[119.55049896,-5.60356808],[119.6505127,-5.62847853],[119.7046051,-5.70293999],[119.79430389,-5.70070648],[119.85453033,-5.6567378],[119.90733337,-5.57679367],[119.87950897,-5.49092388],[119.93737793,-5.38669014],[119.87284851,-5.43440056],[119.78526306,-5.56918526],[119.66493225,-5.50750113],[119.63616943,-5.43119764],[119.53042603,-5.43172264],[119.48739624,-5.49176025],[119.5110321,-5.53679848]]]},"properties":{"GID_0":"IDN","NAME_0":"Indonesia","GID_1":"IDN.26_1","NAME_1":"Sulawesi Selatan","NL_NAME_1":"","GID_2":"IDN.26.7_1","NAME_2":"Jeneponto","VARNAME_2":"","NL_NAME_2":"","TYPE_2":"Kabupaten","ENGTYPE_2":"Regency","CC_2":"7304","HASC_2":"ID.SE.JE"}},
  {"type":"Feature","geometry":{"type":"MultiPolygon","coordinates":[[[[120.77681732,-7.10640812],[120.67300415,-7.04256821],[120.60475159,-7.07495642],[120.67113495,-7.14629221],[120.77681732,-7.10640812]]],[[[120.50061798,-6.45684385],[120.49279785,-6.40230465],[120.5374527,-6.32817793],[120.52579498,-6.22416782],[120.56809235,-6.05610085],[120.50130463,-5.80875731],[120.46201324,-5.7911582],[120.44548798,-5.96050978],[120.46603394,-6.09231138],[120.44548035,-6.2663703],[120.47959137,-6.27841043],[120.47357941,-6.43723392],[120.50061798,-6.45684385]]]]},"properties":{"GID_0":"IDN","NAME_0":"Indonesia","GID_1":"IDN.26_1","NAME_1":"Sulawesi Selatan","NL_NAME_1":"","GID_2":"IDN.26.8_1","NAME_2":"Kepulauan Selayar","VARNAME_2":"","NL_NAME_2":"","TYPE_2":"Kabupaten","ENGTYPE_2":"Regency","CC_2":"7301","HASC_2":"ID.SE.SE"}},
  {"type":"Feature","geometry":{"type":"MultiPolygon","coordinates":[[[[120.22982788,-2.95262694],[120.28746796,-2.91045403],[120.24554443,-2.81716394],[120.14507294,-2.71920609],[120.12975311,-2.67367744],[119.87211609,-2.74069977],[119.94130707,-2.7807405],[119.95172882,-2.83020854],[120.04828644,-2.95400739],[120.16129303,-2.88852239],[120.21653748,-2.89590192],[120.22982788,-2.95262694]]],[[[120.09614563,-3.48308587],[120.17063141,-3.49795794],[120.19641876,-3.58145618],[120.32444,-3.65168309],[120.41200256,-3.6636219],[120.41648865,-3.56960773],[120.3796463,-3.49830222],[120.40440369,-3.4320085],[120.39505005,-3.25683689],[120.37926483,-3.20244908],[120.26555634,-3.16647887],[120.26248169,-3.08246589],[120.2294693,-3.04325223],[120.13780975,-3.08672762],[120.08289337,-3.03107285],[120.02117157,-3.08122492],[119.9851532,-3.18723631],[119.98216248,-3.25044394],[120.02481079,-3.28164935],[120.03394318,-3.37366152],[120.09614563,-3.48308587]]]]},"properties":{"GID_0":"IDN","NAME_0":"Indonesia","GID_1":"IDN.26_1","NAME_1":"Sulawesi Selatan","NL_NAME_1":"","GID_2":"IDN.26.11_1","NAME_2":"Luwu","VARNAME_2":"","NL_NAME_2":"","TYPE_2":"Kabupaten","ENGTYPE_2":"Regency","CC_2":"7317","HASC_2":"ID.SE.LW"}},
  {"type":"Feature","geometry":{"type":"Polygon","coordinates":[[[120.65583801,-2.66652155],[120.68585968,-2.64295411],[120.817276,-2.61958599],[121.09420013,-2.72322893],[120.98827362,-2.8313272],[121.03705597,-2.79148936],[121.12143707,-2.79133868],[121.20236969,-2.85730529],[121.31922913,-2.8083334],[121.35768127,-2.9038682],[121.3577652,-2.97474313],[121.45539093,-3.0129118],[121.54711914,-2.92166424],[121.68549347,-2.90076923],[121.66981506,-2.84263945],[121.78955841,-2.66699743],[121.70407104,-2.53814101],[121.65171814,-2.53832364],[121.61747742,-2.48578095],[121.5625,-2.49168587],[121.44061279,-2.40682077],[121.22899628,-2.36137676],[121.18540955,-2.37554431],[121.09703064,-2.27474928],[120.84210205,-2.21844101],[120.75660706,-2.23897934],[120.6151123,-2.15669608],[120.52133942,-2.05100417],[120.51901245,-2.14306593],[120.47195435,-2.24706006],[120.53050995,-2.33157039],[120.52259064,-2.37982726],[120.57395935,-2.46607161],[120.65583801,-2.66652155]]]},"properties":{"GID_0":"IDN","NAME_0":"Indonesia","GID_1":"IDN.26_1","NAME_1":"Sulawesi Selatan","NL_NAME_1":"","GID_2":"IDN.26.9_1","NAME_2":"Luwu Timur","VARNAME_2":"","NL_NAME_2":"","TYPE_2":"Kabupaten","ENGTYPE_2":"Regency","CC_2":"7324","HASC_2":"ID.SE.LT"}},
  {"type":"Feature","geometry":{"type":"Polygon","coordinates":[[[120.28746796,-2.91045403],[120.45539856,-2.82193446],[120.56424713,-2.7254796],[120.57176971,-2.6859448],[120.65583801,-2.66652155],[120.57395935,-2.46607161],[120.52259064,-2.37982726],[120.53050995,-2.33157039],[120.47195435,-2.24706006],[120.51901245,-2.14306593],[120.52133942,-2.05100417],[120.47054291,-1.96290767],[120.38877106,-1.8975426],[120.33493805,-2.06159616],[120.27059937,-2.02827287],[120.18395996,-2.03545022],[120.09898376,-1.98572075],[120.01000977,-1.96438348],[119.92066956,-2.03368187],[119.87026978,-2.01805973],[119.81421661,-2.10189724],[119.63257599,-2.24245238],[119.62859344,-2.29415488],[119.71979523,-2.40427756],[119.73132324,-2.50027442],[119.71607208,-2.57585406],[119.79695892,-2.64045835],[119.85843658,-2.64519286],[119.87211609,-2.74069977],[120.12975311,-2.67367744],[120.14507294,-2.71920609],[120.24554443,-2.81716394],[120.28746796,-2.91045403]]]},"properties":{"GID_0":"IDN","NAME_0":"Indonesia","GID_1":"IDN.26_1","NAME_1":"Sulawesi Selatan","NL_NAME_1":"","GID_2":"IDN.26.10_1","NAME_2":"Luwu Utara","VARNAME_2":"","NL_NAME_2":"","TYPE_2":"Kabupaten","ENGTYPE_2":"Regency","CC_2":"7322","HASC_2":"ID.SE.LU"}},
  {"type":"Feature","geometry":{"type":"Polygon","coordinates":[[[119.40129852,-5.2333045],[119.4095993,-5.20313692],[119.51921082,-5.16561651],[119.54122162,-5.08479834],[119.47799683,-5.05896473],[119.40909576,-5.11372137],[119.38375092,-5.21443701],[119.40129852,-5.2333045]]]},"properties":{"GID_0":"IDN","NAME_0":"Indonesia","GID_1":"IDN.26_1","NAME_1":"Sulawesi Selatan","NL_NAME_1":"","GID_2":"IDN.26.12_1","NAME_2":"Makassar","VARNAME_2":"","NL_NAME_2":"","TYPE_2":"Kota","ENGTYPE_2":"City","CC_2":"7371","HASC_2":"ID.SE.UP"}},
  {"type":"Feature","geometry":{"type":"Polygon","coordinates":[[[119.51921082,-5.16561651],[119.59915924,-5.15281296],[119.68795013,-5.16775322],[119.7974472,-5.21147013],[119.86315918,-5.16133499],[119.86405945,-5.09190416],[119.92098999,-4.85737848],[119.9727478,-4.7799511],[119.88463593,-4.71882343],[119.81162262,-4.76838636],[119.80661011,-4.80879545],[119.80032349,-4.91340351],[119.67875671,-4.9526372],[119.51995087,-4.88350344],[119.47687531,-4.99400187],[119.47799683,-5.05896473],[119.54122162,-5.08479834],[119.51921082,-5.16561651]]]},"properties":{"GID_0":"IDN","NAME_0":"Indonesia","GID_1":"IDN.26_1","NAME_1":"Sulawesi Selatan","NL_NAME_1":"","GID_2":"IDN.26.13_1","NAME_2":"Maros","VARNAME_2":"","NL_NAME_2":"","TYPE_2":"Kabupaten","ENGTYPE_2":"Regency","CC_2":"7308","HASC_2":"ID.SE.MR"}},
  {"type":"Feature","geometry":{"type":"Polygon","coordinates":[[[120.08289337,-3.03107285],[120.13780975,-3.08672762],[120.2294693,-3.04325223],[120.22982788,-2.95262694],[120.21653748,-2.89590192],[120.16129303,-2.88852239],[120.04828644,-2.95400739],[120.08289337,-3.03107285]]]},"properties":{"GID_0":"IDN","NAME_0":"Indonesia","GID_1":"IDN.26_1","NAME_1":"Sulawesi Selatan","NL_NAME_1":"","GID_2":"IDN.26.14_1","NAME_2":"Palopo","VARNAME_2":"","NL_NAME_2":"","TYPE_2":"Kota","ENGTYPE_2":"City","CC_2":"7373","HASC_2":"ID.SE.PA"}},
  {"type":"Feature","geometry":{"type":"Polygon","coordinates":[[[119.51995087,-4.88350344],[119.67875671,-4.9526372],[119.80032349,-4.91340351],[119.80661011,-4.80879545],[119.71590424,-4.8178134],[119.69684601,-4.78800821],[119.65944672,-4.723382],[119.63082886,-4.58469486],[119.59381866,-4.556705],[119.49229431,-4.73287296],[119.51995087,-4.88350344]]]},"properties":{"GID_0":"IDN","NAME_0":"Indonesia","GID_1":"IDN.26_1","NAME_1":"Sulawesi Selatan","NL_NAME_1":"","GID_2":"IDN.26.15_1","NAME_2":"Pangkajene Dan Kepulauan","VARNAME_2":"","NL_NAME_2":"","TYPE_2":"Kabupaten","ENGTYPE_2":"Regency","CC_2":"7309","HASC_2":"ID.SE.PK"}},
  {"type":"Feature","geometry":{"type":"Polygon","coordinates":[[[119.62024689,-4.06712484],[119.70722961,-4.07930851],[119.66407776,-3.96127486],[119.63565063,-3.98239279],[119.62024689,-4.06712484]]]},"properties":{"GID_0":"IDN","NAME_0":"Indonesia","GID_1":"IDN.26_1","NAME_1":"Sulawesi Selatan","NL_NAME_1":"","GID_2":"IDN.26.16_1","NAME_2":"Parepare","VARNAME_2":"","NL_NAME_2":"","TYPE_2":"Kota","ENGTYPE_2":"City","CC_2":"7372","HASC_2":"ID.SE.PP"}},
  {"type":"Feature","geometry":{"type":"Polygon","coordinates":[[[119.47414398,-3.50291371],[119.51095581,-3.59532404],[119.45811462,-3.64184809],[119.45240784,-3.713727],[119.58665466,-3.97857738],[119.63565063,-3.98239279],[119.66407776,-3.96127486],[119.7245636,-3.8950491],[119.78236389,-3.71893144],[119.7225647,-3.64626002],[119.69962311,-3.51194453],[119.69021606,-3.36014724],[119.60279083,-3.28245139],[119.51403809,-3.29705691],[119.43219757,-3.26770949],[119.44022369,-3.33829045],[119.46517181,-3.37867594],[119.47414398,-3.50291371]]]},"properties":{"GID_0":"IDN","NAME_0":"Indonesia","GID_1":"IDN.26_1","NAME_1":"Sulawesi Selatan","NL_NAME_1":"","GID_2":"IDN.26.17_1","NAME_2":"Pinrang","VARNAME_2":"","NL_NAME_2":"","TYPE_2":"Kabupaten","ENGTYPE_2":"Regency","CC_2":"7315","HASC_2":"ID.SE.PI"}},
  {"type":"Feature","geometry":{"type":"Polygon","coordinates":[[[119.89216614,-4.10782766],[119.88670349,-4.01903534],[119.91776276,-3.93224001],[120.04232025,-3.91245461],[120.0490799,-3.86880612],[120.13007355,-3.84616923],[120.24066162,-3.70746183],[120.30517578,-3.70958757],[120.32444,-3.65168309],[120.19641876,-3.58145618],[120.17063141,-3.49795794],[120.09614563,-3.48308587],[120.04380798,-3.53860092],[119.99177551,-3.66093969],[119.92169952,-3.69349289],[119.94919586,-3.77808166],[119.86065674,-3.81075525],[119.78236389,-3.71893144],[119.7245636,-3.8950491],[119.66407776,-3.96127486],[119.70722961,-4.07930851],[119.74941254,-4.12907171],[119.89216614,-4.10782766]]]},"properties":{"GID_0":"IDN","NAME_0":"Indonesia","GID_1":"IDN.26_1","NAME_1":"Sulawesi Selatan","NL_NAME_1":"","GID_2":"IDN.26.18_1","NAME_2":"Sidenreng Rappang","VARNAME_2":"","NL_NAME_2":"","TYPE_2":"Kabupaten","ENGTYPE_2":"Regency","CC_2":"7314","HASC_2":"ID.SE.SR"}},
  {"type":"Feature","geometry":{"type":"Polygon","coordinates":[[[120.33439636,-5.28754234],[120.27775574,-5.17149639],[120.28681183,-5.11257935],[120.20170593,-5.09640265],[120.13153076,-5.0443244],[120.06087494,-5.12262344],[119.9704895,-5.13954592],[120.03116608,-5.18556499],[119.92887115,-5.33916664],[119.93675995,-5.35629034],[119.95511627,-5.35524225],[120.03974152,-5.34695292],[120.12936401,-5.30806065],[120.33439636,-5.28754234]]]},"properties":{"GID_0":"IDN","NAME_0":"Indonesia","GID_1":"IDN.26_1","NAME_1":"Sulawesi Selatan","NL_NAME_1":"","GID_2":"IDN.26.19_1","NAME_2":"Sinjai","VARNAME_2":"","NL_NAME_2":"","TYPE_2":"Kabupaten","ENGTYPE_2":"Regency","CC_2":"7307","HASC_2":"ID.SE.SI"}},
  {"type":"Feature","geometry":{"type":"Polygon","coordinates":[[[119.80625153,-4.53660202],[120.03762817,-4.5209446],[120.0946579,-4.39212751],[120.07320404,-4.28511095],[119.93449402,-4.25049114],[119.94848633,-4.18156862],[119.89216614,-4.10782766],[119.74941254,-4.12907171],[119.71671295,-4.24939871],[119.75364685,-4.28287411],[119.75682068,-4.47818518],[119.80625153,-4.53660202]]]},"properties":{"GID_0":"IDN","NAME_0":"Indonesia","GID_1":"IDN.26_1","NAME_1":"Sulawesi Selatan","NL_NAME_1":"","GID_2":"IDN.26.20_1","NAME_2":"Soppeng","VARNAME_2":"","NL_NAME_2":"","TYPE_2":"Kabupaten","ENGTYPE_2":"Regency","CC_2":"7312","HASC_2":"ID.SE.SO"}},
  {"type":"Feature","geometry":{"type":"Polygon","coordinates":[[[119.38375092,-5.21443701],[119.35494232,-5.32527447],[119.36063385,-5.41086388],[119.42932129,-5.50682974],[119.43990326,-5.59636593],[119.5110321,-5.53679848],[119.48739624,-5.49176025],[119.53042603,-5.43172264],[119.63616943,-5.43119764],[119.57730103,-5.28990173],[119.47042084,-5.31507778],[119.42136383,-5.41030598],[119.37670135,-5.28965139],[119.40129852,-5.2333045],[119.38375092,-5.21443701]]]},"properties":{"GID_0":"IDN","NAME_0":"Indonesia","GID_1":"IDN.26_1","NAME_1":"Sulawesi Selatan","NL_NAME_1":"","GID_2":"IDN.26.21_1","NAME_2":"Takalar","VARNAME_2":"","NL_NAME_2":"","TYPE_2":"Kabupaten","ENGTYPE_2":"Regency","CC_2":"7305","HASC_2":"ID.SE.TA"}},
  {"type":"Feature","geometry":{"type":"Polygon","coordinates":[[[119.43219757,-3.26770949],[119.51403809,-3.29705691],[119.60279083,-3.28245139],[119.69021606,-3.36014724],[119.71655273,-3.29845643],[119.81573486,-3.24540305],[119.8534317,-3.28089738],[119.92247009,-3.26536536],[119.99575806,-3.30221701],[120.03394318,-3.37366152],[120.02481079,-3.28164935],[119.98216248,-3.25044394],[119.9851532,-3.18723631],[119.97647095,-3.12935352],[119.92343903,-3.04548979],[119.80400848,-3.02938437],[119.78430176,-2.93926001],[119.71214294,-2.94514012],[119.68762207,-2.87321734],[119.68843079,-2.75300765],[119.58344269,-2.74764061],[119.55088806,-2.89708591],[119.56507111,-2.99565816],[119.63214111,-3.10998535],[119.53694153,-3.1391418],[119.47814941,-3.19037867],[119.43088531,-3.17282104],[119.37319946,-3.21256566],[119.43219757,-3.26770949]]]},"properties":{"GID_0":"IDN","NAME_0":"Indonesia","GID_1":"IDN.26_1","NAME_1":"Sulawesi Selatan","NL_NAME_1":"","GID_2":"IDN.26.22_1","NAME_2":"Tana Toraja","VARNAME_2":"","NL_NAME_2":"","TYPE_2":"Kabupaten","ENGTYPE_2":"Regency","CC_2":"7318","HASC_2":"ID.SE.TN"}},
  {"type":"Feature","geometry":{"type":"Polygon","coordinates":[[[119.68843079,-2.75300765],[119.68762207,-2.87321734],[119.71214294,-2.94514012],[119.78430176,-2.93926001],[119.80400848,-3.02938437],[119.92343903,-3.04548979],[119.97647095,-3.12935352],[119.9851532,-3.18723631],[120.02117157,-3.08122492],[120.08289337,-3.03107285],[120.04828644,-2.95400739],[119.95172882,-2.83020854],[119.94130707,-2.7807405],[119.87211609,-2.74069977],[119.85843658,-2.64519286],[119.79695892,-2.64045835],[119.68843079,-2.75300765]]]},"properties":{"GID_0":"IDN","NAME_0":"Indonesia","GID_1":"IDN.26_1","NAME_1":"Sulawesi Selatan","NL_NAME_1":"","GID_2":"IDN.26.23_1","NAME_2":"Toraja Utara","VARNAME_2":"","NL_NAME_2":"","TYPE_2":"Kabupaten","ENGTYPE_2":"Regency","CC_2":"7326","HASC_2":"ID.SE.TU"}},
  {"type":"Feature","geometry":{"type":"Polygon","coordinates":[[[120.36669159,-4.22278738],[120.3809967,-4.1797328],[120.33768463,-4.09280729],[120.36095428,-4.02153826],[120.34518433,-3.89101458],[120.44083405,-3.74236774],[120.41200256,-3.6636219],[120.32444,-3.65168309],[120.30517578,-3.70958757],[120.24066162,-3.70746183],[120.13007355,-3.84616923],[120.0490799,-3.86880612],[120.04232025,-3.91245461],[119.91776276,-3.93224001],[119.88670349,-4.01903534],[119.89216614,-4.10782766],[119.94848633,-4.18156862],[119.93449402,-4.25049114],[120.07320404,-4.28511095],[120.12429047,-4.22844505],[120.28343201,-4.2465806],[120.36669159,-4.22278738]]]},"properties":{"GID_0":"IDN","NAME_0":"Indonesia","GID_1":"IDN.26_1","NAME_1":"Sulawesi Selatan","NL_NAME_1":"","GID_2":"IDN.26.24_1","NAME_2":"Wajo","VARNAME_2":"","NL_NAME_2":"","TYPE_2":"Kabupaten","ENGTYPE_2":"Regency","CC_2":"7313","HASC_2":"ID.SE.WA"}},
  {"type":"Feature","geometry":{"type":"Polygon","coordinates":[[[122.06365967,-1.61600161],[122.21242523,-1.60487962],[122.30400085,-1.53288639],[122.39215088,-1.49298573],[122.42982483,-1.42921567],[122.55996704,-1.31199408],[122.55987549,-1.26812482],[122.63310242,-1.23536944],[122.66668701,-1.13927805],[122.79842377,-1.00347281],[122.79084778,-0.95554775],[122.98200989,-0.9009316],[123.0377121,-0.90936589],[123.10022736,-0.8354919],[123.13945007,-0.92635596],[123.26514435,-1.04244149],[123.37380981,-1.00912607],[123.39160919,-0.8902058],[123.43547058,-0.84173131],[123.43579865,-0.73312956],[123.41119385,-0.65412688],[123.26847839,-0.58237088],[123.06017303,-0.56426072],[123.04249573,-0.59480202],[122.89279175,-0.63544255],[122.8208847,-0.62990946],[122.76665497,-0.69652021],[122.86937714,-0.71111339],[122.91764069,-0.7661131],[122.79071045,-0.77598184],[122.6856308,-0.81033963],[122.61499786,-0.76145285],[122.52243042,-0.78429717],[122.45892334,-0.75871158],[122.41405487,-0.783292],[122.19493866,-0.79480553],[122.09533691,-0.95480692],[122.01912689,-0.93159711],[121.94236755,-0.98870784],[121.84246063,-0.96204621],[121.85258484,-1.04760194],[121.89849854,-1.14887083],[121.98188782,-1.1222167],[122.04315186,-1.1400305],[122.10079193,-1.24903452],[122.08479309,-1.30017769],[122.00824738,-1.34262395],[122.05413055,-1.41164529],[122.02970886,-1.56730795],[122.06365967,-1.61600161]]]},"properties":{"GID_0":"IDN","NAME_0":"Indonesia","GID_1":"IDN.27_1","NAME_1":"Sulawesi Tengah","NL_NAME_1":"","GID_2":"IDN.27.2_1","NAME_2":"Banggai","VARNAME_2":"","NL_NAME_2":"","TYPE_2":"Kabupaten","ENGTYPE_2":"Regency","CC_2":"7202","HASC_2":"ID.ST.BA"}},
  {"type":"Feature","geometry":{"type":"MultiPolygon","coordinates":[[[[123.07131195,-1.92241156],[123.13555145,-1.86647618],[123.14909363,-1.81724262],[123.08740234,-1.76875043],[123.05874634,-1.83084667],[123.07131195,-1.92241156]]],[[[123.41757202,-1.5188961],[123.51326752,-1.45464361],[123.55934143,-1.28135395],[123.44408417,-1.23650897],[123.36521149,-1.22694409],[123.25907135,-1.38992691],[123.18917847,-1.31900668],[123.23429871,-1.23586953],[123.19364166,-1.15371883],[123.0329361,-1.17782068],[122.96709442,-1.21518767],[122.91186523,-1.18030739],[122.83626556,-1.27322924],[122.79625702,-1.37074828],[122.78829193,-1.46242464],[122.90675354,-1.59959888],[123.01533508,-1.4934299],[123.05741119,-1.38938391],[123.11433411,-1.30666518],[123.16873169,-1.39824378],[123.17024994,-1.53598881],[123.10743713,-1.56659961],[123.15473175,-1.63957],[123.22886658,-1.59727299],[123.25643158,-1.44669175],[123.31820679,-1.42222023],[123.35258484,-1.48326802],[123.41757202,-1.5188961]]],[[[123.54394531,-1.72419989],[123.61269379,-1.69864392],[123.6229248,-1.6243943],[123.55768585,-1.59508646],[123.56370544,-1.54793441],[123.49944305,-1.50758958],[123.47782898,-1.57148063],[123.48833466,-1.71298695],[123.54394531,-1.72419989]]]]},"properties":{"GID_0":"IDN","NAME_0":"Indonesia","GID_1":"IDN.27_1","NAME_1":"Sulawesi Tengah","NL_NAME_1":"","GID_2":"IDN.27.1_1","NAME_2":"Banggai Kepulauan","VARNAME_2":"","NL_NAME_2":"","TYPE_2":"Kabupaten","ENGTYPE_2":"Regency","CC_2":"7201","HASC_2":"ID.ST.BK"}},
  {"type":"Feature","geometry":{"type":"Polygon","coordinates":[[[121.16252136,0.67659545],[121.18206787,0.74321163],[121.24584961,0.80119246],[121.35334015,0.7953108],[121.34703064,0.84827149],[121.53302765,0.85370505],[121.81190491,0.95023656],[121.86289978,0.99079394],[121.92223358,0.92742646],[121.98252869,0.90736246],[122.04232025,0.98947746],[122.19554138,1.03848374],[122.07472992,1.05953908],[121.98677063,1.02332664],[121.93212891,1.10199273],[121.74031067,1.0649581],[121.71128845,1.08185983],[121.60553741,1.05481136],[121.51210785,1.08660257],[121.42329407,1.18351591],[121.46643066,1.30566895],[121.35380554,1.24838328],[121.25104523,1.23127377],[121.17674255,1.26052797],[121.08016968,1.15158188],[121.09264374,1.10755289],[121.03977203,1.04847443],[120.99069214,0.8420257],[120.93326569,0.82696927],[120.84999847,0.70063055],[120.93453217,0.68631327],[121.0105896,0.70797014],[121.16252136,0.67659545]]]},"properties":{"GID_0":"IDN","NAME_0":"Indonesia","GID_1":"IDN.27_1","NAME_1":"Sulawesi Tengah","NL_NAME_1":"","GID_2":"IDN.27.3_1","NAME_2":"Buol","VARNAME_2":"","NL_NAME_2":"","TYPE_2":"Kabupaten","ENGTYPE_2":"Regency","CC_2":"7207","HASC_2":"ID.ST.BT"}},
  {"type":"Feature","geometry":{"type":"MultiPolygon","coordinates":[[[[119.56147003,-0.85143381],[119.55686188,-1.00954735],[119.60314941,-1.15913272],[119.47129822,-1.31693614],[119.45199585,-1.36690438],[119.54911041,-1.43309784],[119.62327576,-1.39710653],[119.69700623,-1.45252466],[119.72787476,-1.42029965],[119.74286652,-1.26371884],[119.78696442,-1.18542039],[119.80415344,-1.08856642],[119.75036621,-1.00725543],[119.68286133,-1.01446962],[119.64794159,-0.96954572],[119.78140259,-0.89757717],[119.75970459,-0.83616477],[119.80539703,-0.80265123],[119.76213074,-0.68521816],[119.67141724,-0.70235783],[119.68202209,-0.76868236],[119.56147003,-0.85143381]]],[[[119.84366608,-0.69680661],[119.8871994,-0.77800816],[120.03675842,-0.84800333],[120.01912689,-0.7475003],[120.03289032,-0.68465936],[120.00808716,-0.61528581],[119.93132782,-0.50499791],[119.90499878,-0.27006137],[119.9329834,-0.20740925],[119.89994049,-0.14025898],[119.94759369,-0.07167073],[119.96135712,0.08442726],[120.03356171,0.12723],[120.09217834,0.19918269],[120.05664825,0.33450001],[120.15505219,0.46792823],[120.19280243,0.61580557],[120.19629669,0.70096624],[120.13718414,0.74506956],[120.07659912,0.74216086],[120.01416779,0.65180248],[120.04678345,0.51367152],[119.99887085,0.48328164],[119.88211823,0.45837572],[119.88819122,0.39236248],[119.84825134,0.35176632],[119.90595245,0.23244752],[119.80888367,0.23636067],[119.77716827,0.191535],[119.87041473,0.10043056],[119.88568878,-0.00115656],[119.82237244,-0.11648951],[119.77236176,-0.10393357],[119.69881439,0.00315097],[119.60604858,-0.01214995],[119.66270447,-0.10512698],[119.72133636,-0.1444511],[119.79380798,-0.12176065],[119.81839752,-0.19248849],[119.77870178,-0.27724254],[119.75436401,-0.43748984],[119.79229736,-0.6058054],[119.84366608,-0.69680661]]]]},"properties":{"GID_0":"IDN","NAME_0":"Indonesia","GID_1":"IDN.27_1","NAME_1":"Sulawesi Tengah","NL_NAME_1":"","GID_2":"IDN.27.4_1","NAME_2":"Donggala","VARNAME_2":"","NL_NAME_2":"","TYPE_2":"Kabupaten","ENGTYPE_2":"Regency","CC_2":"7205","HASC_2":"ID.ST.DG"}},
  {"type":"Feature","geometry":{"type":"MultiPolygon","coordinates":[[[[123.17949677,-3.59839916],[123.16053772,-3.56039906],[123.04390717,-3.59278774],[123.10714722,-3.63936591],[123.17949677,-3.59839916]]],[[[122.3107605,-3.2729311],[122.43340302,-3.23998499],[122.42221832,-3.12626624],[122.37142181,-3.14157557],[122.25440216,-3.01079655],[122.32065582,-2.92101765],[122.18492889,-2.82370949],[122.08561707,-2.78872037],[122.01014709,-2.71840692],[122.01656342,-2.64581537],[121.96602631,-2.52450013],[121.72640991,-2.20141482],[121.56092834,-2.1735177],[121.53070831,-2.04797316],[121.4932785,-2.04197001],[121.42064667,-1.95342159],[121.37730408,-1.9819864],[121.31759644,-1.93692648],[121.32832336,-1.86217773],[121.30315399,-1.7929455],[121.46114349,-1.81666601],[121.46525574,-1.87807775],[121.55619812,-1.95249629],[121.67666626,-1.9466033],[121.74375916,-1.8875103],[121.80303192,-1.73821974],[122.06365967,-1.61600161],[122.02970886,-1.56730795],[122.05413055,-1.41164529],[122.00824738,-1.34262395],[121.96279144,-1.28535235],[121.82788086,-1.30644727],[121.71150208,-1.36293554],[121.66369629,-1.36443007],[121.57055664,-1.42498124],[121.47483063,-1.37744009],[121.352005,-1.47307158],[121.25733185,-1.47550833],[121.14353943,-1.57197499],[120.96187592,-1.62366104],[120.88230133,-1.62487411],[120.83356476,-1.75327194],[120.91534424,-1.93552387],[120.84365082,-2.03085637],[120.82984924,-2.09457755],[120.84210205,-2.21844101],[121.09703064,-2.27474928],[121.18540955,-2.37554431],[121.22899628,-2.36137676],[121.44061279,-2.40682077],[121.5625,-2.49168587],[121.61747742,-2.48578095],[121.65171814,-2.53832364],[121.70407104,-2.53814101],[121.78955841,-2.66699743],[121.66981506,-2.84263945],[121.68549347,-2.90076923],[121.82545471,-2.96899724],[121.92076874,-2.99001813],[122.00635529,-2.95755148],[122.07896423,-2.96208811],[122.0978775,-3.00739908],[122.17654419,-3.03001118],[122.17154694,-3.07959962],[122.22688293,-3.13881969],[122.31543732,-3.16720819],[122.3107605,-3.2729311]]]]},"properties":{"GID_0":"IDN","NAME_0":"Indonesia","GID_1":"IDN.27_1","NAME_1":"Sulawesi Tengah","NL_NAME_1":"","GID_2":"IDN.27.5_1","NAME_2":"Morowali","VARNAME_2":"","NL_NAME_2":"","TYPE_2":"Kabupaten","ENGTYPE_2":"Regency","CC_2":"7203","HASC_2":"ID.ST.MO"}},
  {"type":"Feature","geometry":{"type":"Polygon","coordinates":[[[119.78140259,-0.89757717],[119.83093262,-0.94115055],[120.00339508,-0.90257037],[120.0234375,-0.88289744],[120.03675842,-0.84800333],[119.8871994,-0.77800816],[119.84366608,-0.69680661],[119.88414001,-0.82124174],[119.80539703,-0.80265123],[119.75970459,-0.83616477],[119.78140259,-0.89757717]]]},"properties":{"GID_0":"IDN","NAME_0":"Indonesia","GID_1":"IDN.27_1","NAME_1":"Sulawesi Tengah","NL_NAME_1":"","GID_2":"IDN.27.6_1","NAME_2":"Palu","VARNAME_2":"","NL_NAME_2":"","TYPE_2":"Kota","ENGTYPE_2":"City","CC_2":"7271","HASC_2":"ID.ST.PA"}},
  {"type":"Feature","geometry":{"type":"Polygon","coordinates":[[[120.33583069,-1.18898976],[120.58104706,-1.10847461],[120.50812531,-0.99746501],[120.46051788,-0.99311543],[120.41173553,-0.92421544],[120.30891418,-0.96294087],[120.22177124,-0.84671384],[120.11029053,-0.73731542],[120.05968475,-0.62991035],[120.04943848,-0.49288931],[120.07181549,-0.43936035],[120.00870514,-0.28593853],[120.00871277,-0.17774957],[120.0351181,-0.06548639],[120.10019684,-0.01616972],[120.10597992,0.09508827],[120.15933228,0.22910149],[120.25537872,0.36171421],[120.36289215,0.45932552],[120.53289795,0.51677126],[120.68793488,0.51110512],[120.76835632,0.45678475],[120.85439301,0.4425185],[120.89669037,0.39610916],[121.02761078,0.44025233],[121.08079529,0.39759591],[121.16178894,0.41626707],[121.18484497,0.46024814],[121.29178619,0.49475721],[121.33706665,0.47377679],[121.33714294,0.57442069],[121.27450562,0.58303326],[121.16252136,0.67659545],[121.0105896,0.70797014],[120.93453217,0.68631327],[120.84999847,0.70063055],[120.75429535,0.66201699],[120.70642853,0.6685726],[120.62633514,0.58757544],[120.53816223,0.6351229],[120.44889832,0.64282876],[120.35570526,0.67817253],[120.21932983,0.6049161],[120.19280243,0.61580557],[120.15505219,0.46792823],[120.05664825,0.33450001],[120.09217834,0.19918269],[120.03356171,0.12723],[119.96135712,0.08442726],[119.94759369,-0.07167073],[119.89994049,-0.14025898],[119.9329834,-0.20740925],[119.90499878,-0.27006137],[119.93132782,-0.50499791],[120.00808716,-0.61528581],[120.03289032,-0.68465936],[120.01912689,-0.7475003],[120.03675842,-0.84800333],[120.0234375,-0.88289744],[120.07213593,-0.91481805],[120.07355499,-1.00830162],[120.20270538,-1.05425382],[120.2325592,-1.12980926],[120.32691956,-1.13701785],[120.33583069,-1.18898976]]]},"properties":{"GID_0":"IDN","NAME_0":"Indonesia","GID_1":"IDN.27_1","NAME_1":"Sulawesi Tengah","NL_NAME_1":"","GID_2":"IDN.27.7_1","NAME_2":"Parigi Moutong","VARNAME_2":"","NL_NAME_2":"","TYPE_2":"Kabupaten","ENGTYPE_2":"Regency","CC_2":"7208","HASC_2":"ID.ST.PM"}},
  {"type":"Feature","geometry":{"type":"Polygon","coordinates":[[[120.09898376,-1.98572075],[120.18395996,-2.03545022],[120.27059937,-2.02827287],[120.33493805,-2.06159616],[120.38877106,-1.8975426],[120.47054291,-1.96290767],[120.52133942,-2.05100417],[120.6151123,-2.15669608],[120.75660706,-2.23897934],[120.84210205,-2.21844101],[120.82984924,-2.09457755],[120.84365082,-2.03085637],[120.91534424,-1.93552387],[120.83356476,-1.75327194],[120.88230133,-1.62487411],[120.96187592,-1.62366104],[120.9146347,-1.57083833],[120.89054871,-1.4132762],[120.84030914,-1.35807204],[120.76301575,-1.36479902],[120.67525482,-1.41487479],[120.64042664,-1.31359708],[120.57118225,-1.25618899],[120.58104706,-1.10847461],[120.33583069,-1.18898976],[120.23201752,-1.22454572],[120.21476746,-1.28831232],[120.28790283,-1.36445975],[120.2236557,-1.45371437],[120.18184662,-1.448318],[120.109375,-1.52394235],[120.1762619,-1.78317666],[120.12136078,-1.7987715],[120.14404297,-1.88794923],[120.1026001,-1.90213513],[120.09898376,-1.98572075]]]},"properties":{"GID_0":"IDN","NAME_0":"Indonesia","GID_1":"IDN.27_1","NAME_1":"Sulawesi Tengah","NL_NAME_1":"","GID_2":"IDN.27.8_1","NAME_2":"Poso","VARNAME_2":"","NL_NAME_2":"","TYPE_2":"Kabupaten","ENGTYPE_2":"Regency","CC_2":"7204","HASC_2":"ID.ST.PO"}},
  {"type":"Feature","geometry":{"type":"Polygon","coordinates":[[[119.87026978,-2.01805973],[119.92066956,-2.03368187],[120.01000977,-1.96438348],[120.09898376,-1.98572075],[120.1026001,-1.90213513],[120.14404297,-1.88794923],[120.12136078,-1.7987715],[120.1762619,-1.78317666],[120.109375,-1.52394235],[120.18184662,-1.448318],[120.2236557,-1.45371437],[120.28790283,-1.36445975],[120.21476746,-1.28831232],[120.23201752,-1.22454572],[120.33583069,-1.18898976],[120.32691956,-1.13701785],[120.2325592,-1.12980926],[120.20270538,-1.05425382],[120.07355499,-1.00830162],[120.07213593,-0.91481805],[120.0234375,-0.88289744],[120.00339508,-0.90257037],[119.83093262,-0.94115055],[119.78140259,-0.89757717],[119.64794159,-0.96954572],[119.68286133,-1.01446962],[119.75036621,-1.00725543],[119.80415344,-1.08856642],[119.78696442,-1.18542039],[119.74286652,-1.26371884],[119.72787476,-1.42029965],[119.69700623,-1.45252466],[119.67101288,-1.54313195],[119.73563385,-1.61335588],[119.77646637,-1.70905352],[119.87127686,-1.78092229],[119.86060333,-1.92931736],[119.87026978,-2.01805973]]]},"properties":{"GID_0":"IDN","NAME_0":"Indonesia","GID_1":"IDN.27_1","NAME_1":"Sulawesi Tengah","NL_NAME_1":"","GID_2":"IDN.27.9_1","NAME_2":"Sigi","VARNAME_2":"","NL_NAME_2":"","TYPE_2":"Kabupaten","ENGTYPE_2":"Regency","CC_2":"7210","HASC_2":"ID.ST.SG"}},
  {"type":"Feature","geometry":{"type":"MultiPolygon","coordinates":[[[[120.96187592,-1.62366104],[121.14353943,-1.57197499],[121.25733185,-1.47550833],[121.352005,-1.47307158],[121.47483063,-1.37744009],[121.57055664,-1.42498124],[121.66369629,-1.36443007],[121.71150208,-1.36293554],[121.82788086,-1.30644727],[121.96279144,-1.28535235],[122.00824738,-1.34262395],[122.08479309,-1.30017769],[122.10079193,-1.24903452],[122.04315186,-1.1400305],[121.98188782,-1.1222167],[121.89849854,-1.14887083],[121.85258484,-1.04760194],[121.84246063,-0.96204621],[121.75854492,-0.97010869],[121.65594482,-0.91160291],[121.66230011,-0.81103724],[121.58351135,-0.86742949],[121.47389984,-0.90977156],[121.44382477,-0.97831643],[121.33770752,-1.06331658],[121.27955627,-1.15875685],[121.20415497,-1.23658478],[121.18202209,-1.32546329],[121.10134125,-1.43718493],[120.98382568,-1.39954638],[120.89054871,-1.4132762],[120.9146347,-1.57083833],[120.96187592,-1.62366104]]],[[[121.92272949,-0.47684509],[121.86495972,-0.40886298],[121.7786026,-0.42311016],[121.69239044,-0.47972497],[121.85988617,-0.52167761],[121.92272949,-0.47684509]]],[[[121.98683167,-0.42296487],[122.06773376,-0.39540866],[121.94759369,-0.32366693],[121.88860321,-0.34110954],[121.87286377,-0.4071337],[121.91877747,-0.43927458],[121.98683167,-0.42296487]]]]},"properties":{"GID_0":"IDN","NAME_0":"Indonesia","GID_1":"IDN.27_1","NAME_1":"Sulawesi Tengah","NL_NAME_1":"","GID_2":"IDN.27.10_1","NAME_2":"Tojo Una-Una","VARNAME_2":"","NL_NAME_2":"","TYPE_2":"Kabupaten","ENGTYPE_2":"Regency","CC_2":"7209","HASC_2":"ID.ST.TU"}},
  {"type":"Feature","geometry":{"type":"Polygon","coordinates":[[[120.19280243,0.61580557],[120.21932983,0.6049161],[120.35570526,0.67817253],[120.44889832,0.64282876],[120.53816223,0.6351229],[120.62633514,0.58757544],[120.70642853,0.6685726],[120.75429535,0.66201699],[120.84999847,0.70063055],[120.93326569,0.82696927],[120.99069214,0.8420257],[121.03977203,1.04847443],[121.09264374,1.10755289],[121.08016968,1.15158188],[121.17674255,1.26052797],[121.10005951,1.31641066],[120.94215393,1.35035586],[120.92832947,1.31858623],[120.80931091,1.32489276],[120.82706451,1.19134295],[120.77695465,1.10822904],[120.80081177,1.07504857],[120.73503876,0.97413063],[120.63474274,0.93307817],[120.5976181,0.79378355],[120.47388458,0.77795726],[120.38742065,0.8008343],[120.32872009,0.85129583],[120.34654236,0.97403556],[120.2472229,0.95594865],[120.24464417,0.81933683],[120.13718414,0.74506956],[120.19629669,0.70096624],[120.19280243,0.61580557]]]},"properties":{"GID_0":"IDN","NAME_0":"Indonesia","GID_1":"IDN.27_1","NAME_1":"Sulawesi Tengah","NL_NAME_1":"","GID_2":"IDN.27.11_1","NAME_2":"Toli-Toli","VARNAME_2":"","NL_NAME_2":"","TYPE_2":"Kabupaten","ENGTYPE_2":"Regency","CC_2":"7206","HASC_2":"ID.ST.TT"}},
  {"type":"Feature","geometry":{"type":"Polygon","coordinates":[[[122.57359314,-5.5381794],[122.62192535,-5.50856543],[122.74043274,-5.49006271],[122.75856018,-5.37471294],[122.68610382,-5.32101965],[122.65439606,-5.32416582],[122.65023041,-5.43650818],[122.56518555,-5.48126984],[122.57359314,-5.5381794]]]},"properties":{"GID_0":"IDN","NAME_0":"Indonesia","GID_1":"IDN.28_1","NAME_1":"Sulawesi Tenggara","NL_NAME_1":"","GID_2":"IDN.28.1_1","NAME_2":"Bau-Bau","VARNAME_2":"","NL_NAME_2":"","TYPE_2":"Kota","ENGTYPE_2":"City","CC_2":"7472","HASC_2":"ID.SG.BA"}},
  {"type":"Feature","geometry":{"type":"MultiPolygon","coordinates":[[[[122.04462433,-5.40130854],[122.05751801,-5.18645477],[121.92557526,-5.10235882],[121.83970642,-5.11033297],[121.79439545,-5.27748346],[121.94616699,-5.47367382],[121.95493317,-5.40470839],[122.04462433,-5.40130854]]],[[[121.47019958,-4.59144497],[121.46936798,-4.69164228],[121.54895782,-4.77345657],[121.64839935,-4.80751467],[121.67741394,-4.84413099],[121.80154419,-4.83428049],[121.87367249,-4.87391853],[122.02013397,-4.89302111],[122.10830688,-4.81785631],[122.04067993,-4.75612307],[122.0382309,-4.65087509],[122.10821533,-4.53412008],[122.09310913,-4.49527979],[121.90769958,-4.37794876],[121.80648041,-4.4048624],[121.7171402,-4.52715635],[121.6384201,-4.56782579],[121.47019958,-4.59144497]]]]},"properties":{"GID_0":"IDN","NAME_0":"Indonesia","GID_1":"IDN.28_1","NAME_1":"Sulawesi Tenggara","NL_NAME_1":"","GID_2":"IDN.28.2_1","NAME_2":"Bombana","VARNAME_2":"","NL_NAME_2":"","TYPE_2":"Kabupaten","ENGTYPE_2":"Regency","CC_2":"7406","HASC_2":"ID.SG.BO"}},
  {"type":"Feature","geometry":{"type":"MultiPolygon","coordinates":[[[[121.94616699,-5.47367382],[122.03084564,-5.47507334],[122.04462433,-5.40130854],[121.95493317,-5.40470839],[121.94616699,-5.47367382]]],[[[122.57359314,-5.5381794],[122.63457489,-5.69355345],[122.72273254,-5.62878799],[122.75547028,-5.69693661],[122.80296326,-5.69597769],[122.88504028,-5.57879829],[122.89729309,-5.51776695],[122.84846497,-5.48613071],[122.97177124,-5.39523411],[123.01519012,-5.44371176],[123.13566589,-5.39588785],[123.22434998,-5.27962685],[123.15068817,-5.24738503],[123.02824402,-5.13575459],[122.94890594,-5.14826298],[122.82758331,-5.09583187],[122.7872467,-5.0835619],[122.73748016,-5.17035866],[122.7325592,-5.24197865],[122.68610382,-5.32101965],[122.75856018,-5.37471294],[122.74043274,-5.49006271],[122.62192535,-5.50856543],[122.57359314,-5.5381794]]],[[[122.31645203,-5.14198065],[122.31536102,-5.23710251],[122.27494049,-5.2964325],[122.27890015,-5.39460897],[122.39781189,-5.38444281],[122.51971436,-5.43677759],[122.64007568,-5.35623407],[122.62631226,-5.20383263],[122.44113922,-5.22723484],[122.31645203,-5.14198065]]]]},"properties":{"GID_0":"IDN","NAME_0":"Indonesia","GID_1":"IDN.28_1","NAME_1":"Sulawesi Tenggara","NL_NAME_1":"","GID_2":"IDN.28.4_1","NAME_2":"Buton","VARNAME_2":"","NL_NAME_2":"","TYPE_2":"Kabupaten","ENGTYPE_2":"Regency","CC_2":"7401","HASC_2":"ID.SG.BN"}},
  {"type":"Feature","geometry":{"type":"Polygon","coordinates":[[[122.94890594,-5.14826298],[122.9792099,-5.06053209],[122.95489502,-5.00180769],[123.00841522,-4.90903711],[122.99378204,-4.82697344],[123.12129211,-4.7159276],[123.16864014,-4.78198481],[123.21224976,-4.71326447],[123.20519257,-4.62301016],[123.14157104,-4.48671722],[123.04501343,-4.41939974],[123.04207611,-4.36948967],[122.90797424,-4.46033907],[122.84957123,-4.60481024],[122.92871857,-4.61228657],[122.92202759,-4.87291527],[122.87849426,-5.02660799],[122.82758331,-5.09583187],[122.94890594,-5.14826298]]]},"properties":{"GID_0":"IDN","NAME_0":"Indonesia","GID_1":"IDN.28_1","NAME_1":"Sulawesi Tenggara","NL_NAME_1":"","GID_2":"IDN.28.3_1","NAME_2":"Buton Utara","VARNAME_2":"","NL_NAME_2":"","TYPE_2":"Kabupaten","ENGTYPE_2":"Regency","CC_2":"7409","HASC_2":"ID.SG.BT"}},
  {"type":"Feature","geometry":{"type":"Polygon","coordinates":[[[122.44044495,-4.00807142],[122.50673676,-4.08240271],[122.59633636,-4.07643509],[122.65112305,-4.00272512],[122.62419128,-3.94923997],[122.45180511,-3.94031477],[122.44044495,-4.00807142]]]},"properties":{"GID_0":"IDN","NAME_0":"Indonesia","GID_1":"IDN.28_1","NAME_1":"Sulawesi Tenggara","NL_NAME_1":"","GID_2":"IDN.28.5_1","NAME_2":"Kendari","VARNAME_2":"","NL_NAME_2":"","TYPE_2":"Kota","ENGTYPE_2":"City","CC_2":"7471","HASC_2":"ID.SG.KM"}},
  {"type":"Feature","geometry":{"type":"Polygon","coordinates":[[[121.47019958,-4.59144497],[121.6384201,-4.56782579],[121.7171402,-4.52715635],[121.80648041,-4.4048624],[121.90769958,-4.37794876],[122.01089478,-4.35626793],[122.01481628,-4.20175266],[121.9944458,-4.13167524],[121.95296478,-4.01197147],[121.96956635,-3.90099978],[121.93063354,-3.83183646],[121.79122162,-3.72684622],[121.70063019,-3.77778721],[121.61982727,-3.73665547],[121.50331116,-3.44952083],[121.4618454,-3.38630199],[121.36130524,-3.37730122],[121.27471161,-3.22613573],[121.16065216,-3.2926271],[121.12298584,-3.41104627],[121.12232208,-3.48897338],[121.23719025,-3.60406852],[121.25275421,-3.65847707],[121.10630798,-3.74605513],[121.16732788,-3.82309294],[121.23997498,-3.82547903],[121.3710022,-4.00367355],[121.50522614,-4.01783037],[121.6087265,-4.0672164],[121.61638641,-4.15130377],[121.57899475,-4.24579287],[121.53221893,-4.26474237],[121.51589203,-4.44318914],[121.47019958,-4.59144497]]]},"properties":{"GID_0":"IDN","NAME_0":"Indonesia","GID_1":"IDN.28_1","NAME_1":"Sulawesi Tenggara","NL_NAME_1":"","GID_2":"IDN.28.7_1","NAME_2":"Kolaka","VARNAME_2":"","NL_NAME_2":"","TYPE_2":"Kabupaten","ENGTYPE_2":"Regency","CC_2":"7404","HASC_2":"ID.SG.KO"}},
  {"type":"Feature","geometry":{"type":"Polygon","coordinates":[[[120.98827362,-2.8313272],[121.032341,-2.84088254],[121.09056091,-2.92348242],[121.05599213,-3.05726933],[121.06098938,-3.14469719],[121.02044678,-3.24472284],[120.97559357,-3.26007152],[120.86568451,-3.42819619],[120.88365173,-3.53854394],[120.94374847,-3.61958694],[121.10630798,-3.74605513],[121.25275421,-3.65847707],[121.23719025,-3.60406852],[121.12232208,-3.48897338],[121.12298584,-3.41104627],[121.16065216,-3.2926271],[121.27471161,-3.22613573],[121.36130524,-3.37730122],[121.4618454,-3.38630199],[121.43127441,-3.27329946],[121.44199371,-3.16838455],[121.36125946,-3.0520823],[121.3577652,-2.97474313],[121.35768127,-2.9038682],[121.31922913,-2.8083334],[121.20236969,-2.85730529],[121.12143707,-2.79133868],[121.03705597,-2.79148936],[120.98827362,-2.8313272]]]},"properties":{"GID_0":"IDN","NAME_0":"Indonesia","GID_1":"IDN.28_1","NAME_1":"Sulawesi Tenggara","NL_NAME_1":"","GID_2":"IDN.28.6_1","NAME_2":"Kolaka Utara","VARNAME_2":"","NL_NAME_2":"","TYPE_2":"Kabupaten","ENGTYPE_2":"Regency","CC_2":"7408","HASC_2":"ID.SG.KU"}},
  {"type":"Feature","geometry":{"type":"MultiPolygon","coordinates":[[[[123.14233398,-4.24876499],[123.24774933,-4.12393475],[123.25164795,-4.06219816],[123.19160461,-4.01010895],[123.09513855,-4.02302074],[123.01293945,-3.9777832],[122.93532562,-4.06577587],[122.99383545,-4.20325899],[123.07030487,-4.24816322],[123.14233398,-4.24876499]]],[[[121.43127441,-3.27329946],[121.55368042,-3.20273042],[121.59134674,-3.16039658],[121.64946747,-3.16734791],[121.67219543,-3.21893001],[121.76448059,-3.24997926],[121.84191895,-3.20527458],[122.07896423,-2.96208811],[122.00635529,-2.95755148],[121.92076874,-2.99001813],[121.82545471,-2.96899724],[121.68549347,-2.90076923],[121.54711914,-2.92166424],[121.45539093,-3.0129118],[121.3577652,-2.97474313],[121.36125946,-3.0520823],[121.44199371,-3.16838455],[121.43127441,-3.27329946]]],[[[122.62419128,-3.94923997],[122.62137604,-3.88849783],[122.50704956,-3.88203669],[122.46878815,-3.82007909],[122.42687225,-3.86104894],[122.31397247,-3.86855626],[122.2767334,-3.77743149],[122.17708588,-3.76832819],[122.08078766,-3.71699381],[122.04169464,-3.61969614],[121.97044373,-3.57692099],[121.85572815,-3.55875754],[121.79420471,-3.58275366],[121.76835632,-3.49021578],[121.66983795,-3.47051358],[121.55431366,-3.38614845],[121.50331116,-3.44952083],[121.61982727,-3.73665547],[121.70063019,-3.77778721],[121.79122162,-3.72684622],[121.93063354,-3.83183646],[121.96956635,-3.90099978],[121.95296478,-4.01197147],[121.9944458,-4.13167524],[122.08390808,-4.11799002],[122.22233582,-4.0049758],[122.29199219,-4.01965618],[122.44044495,-4.00807142],[122.45180511,-3.94031477],[122.62419128,-3.94923997]]]]},"properties":{"GID_0":"IDN","NAME_0":"Indonesia","GID_1":"IDN.28_1","NAME_1":"Sulawesi Tenggara","NL_NAME_1":"","GID_2":"IDN.28.10_1","NAME_2":"Konawe","VARNAME_2":"","NL_NAME_2":"","TYPE_2":"Kabupaten","ENGTYPE_2":"Regency","CC_2":"7403","HASC_2":"ID.SG.KN"}},
  {"type":"Feature","geometry":{"type":"Polygon","coordinates":[[[122.10821533,-4.53412008],[122.2204895,-4.47937202],[122.34171295,-4.47467136],[122.41464996,-4.43393135],[122.48991394,-4.4556241],[122.59508514,-4.39693546],[122.74017334,-4.50974321],[122.73402405,-4.42693043],[122.66700745,-4.3615284],[122.69622803,-4.33161259],[122.76987457,-4.40880394],[122.87641907,-4.4185214],[122.90100098,-4.37956333],[122.90235138,-4.25126171],[122.88210297,-4.12218332],[122.79973602,-4.15614986],[122.68037415,-4.15914106],[122.65089417,-4.08343601],[122.65112305,-4.00272512],[122.59633636,-4.07643509],[122.50673676,-4.08240271],[122.44044495,-4.00807142],[122.29199219,-4.01965618],[122.22233582,-4.0049758],[122.08390808,-4.11799002],[121.9944458,-4.13167524],[122.01481628,-4.20175266],[122.01089478,-4.35626793],[121.90769958,-4.37794876],[122.09310913,-4.49527979],[122.10821533,-4.53412008]]]},"properties":{"GID_0":"IDN","NAME_0":"Indonesia","GID_1":"IDN.28_1","NAME_1":"Sulawesi Tenggara","NL_NAME_1":"","GID_2":"IDN.28.8_1","NAME_2":"Konawe Selatan","VARNAME_2":"","NL_NAME_2":"","TYPE_2":"Kabupaten","ENGTYPE_2":"Regency","CC_2":"7405","HASC_2":"ID.SG.KS"}},
  {"type":"Feature","geometry":{"type":"Polygon","coordinates":[[[121.50331116,-3.44952083],[121.55431366,-3.38614845],[121.66983795,-3.47051358],[121.76835632,-3.49021578],[121.79420471,-3.58275366],[121.85572815,-3.55875754],[121.97044373,-3.57692099],[122.04169464,-3.61969614],[122.08078766,-3.71699381],[122.17708588,-3.76832819],[122.2767334,-3.77743149],[122.31397247,-3.86855626],[122.42687225,-3.86104894],[122.46878815,-3.82007909],[122.44350433,-3.75009108],[122.34078217,-3.74461007],[122.1962738,-3.60841537],[122.26939392,-3.55382824],[122.29917145,-3.46827245],[122.23950958,-3.39957929],[122.29321289,-3.35941911],[122.3107605,-3.2729311],[122.31543732,-3.16720819],[122.22688293,-3.13881969],[122.17154694,-3.07959962],[122.17654419,-3.03001118],[122.0978775,-3.00739908],[122.07896423,-2.96208811],[121.84191895,-3.20527458],[121.76448059,-3.24997926],[121.67219543,-3.21893001],[121.64946747,-3.16734791],[121.59134674,-3.16039658],[121.55368042,-3.20273042],[121.43127441,-3.27329946],[121.4618454,-3.38630199],[121.50331116,-3.44952083]]]},"properties":{"GID_0":"IDN","NAME_0":"Indonesia","GID_1":"IDN.28_1","NAME_1":"Sulawesi Tenggara","NL_NAME_1":"","GID_2":"IDN.28.9_1","NAME_2":"Konawe Utara","VARNAME_2":"","NL_NAME_2":"","TYPE_2":"Kabupaten","ENGTYPE_2":"Regency","CC_2":"7410","HASC_2":"ID.SG.KW"}},
  {"type":"Feature","geometry":{"type":"MultiPolygon","coordinates":[[[[122.82758331,-5.09583187],[122.87849426,-5.02660799],[122.92202759,-4.87291527],[122.92871857,-4.61228657],[122.84957123,-4.60481024],[122.82841492,-4.67841291],[122.85729218,-4.77945089],[122.806633,-4.86893892],[122.83119965,-4.89615583],[122.7872467,-5.0835619],[122.82758331,-5.09583187]]],[[[122.31645203,-5.14198065],[122.44113922,-5.22723484],[122.62631226,-5.20383263],[122.58542633,-5.18634605],[122.63681793,-5.05905294],[122.75402832,-4.96644926],[122.76345062,-4.90050554],[122.72532654,-4.84759998],[122.74433136,-4.79186583],[122.68225098,-4.61124086],[122.59841156,-4.63201523],[122.58460999,-4.6697135],[122.45955658,-4.74425697],[122.3736496,-4.74060202],[122.31803894,-4.83254814],[122.38446045,-4.99240589],[122.38463593,-5.0856185],[122.31645203,-5.14198065]]]]},"properties":{"GID_0":"IDN","NAME_0":"Indonesia","GID_1":"IDN.28_1","NAME_1":"Sulawesi Tenggara","NL_NAME_1":"","GID_2":"IDN.28.11_1","NAME_2":"Muna","VARNAME_2":"","NL_NAME_2":"","TYPE_2":"Kabupaten","ENGTYPE_2":"Regency","CC_2":"7402","HASC_2":"ID.SG.MU"}},
  {"type":"Feature","geometry":{"type":"MultiPolygon","coordinates":[[[[124.06099701,-6.04097986],[124.08818817,-6.00085163],[124.0510025,-5.91182995],[123.99758148,-5.8766818],[123.9890213,-5.9674139],[124.06168365,-5.98788595],[124.06099701,-6.04097986]]],[[[123.61035156,-5.38146877],[123.64935303,-5.29660797],[123.58856964,-5.24886131],[123.51924896,-5.26745415],[123.5463028,-5.35092545],[123.61035156,-5.38146877]]]]},"properties":{"GID_0":"IDN","NAME_0":"Indonesia","GID_1":"IDN.28_1","NAME_1":"Sulawesi Tenggara","NL_NAME_1":"","GID_2":"IDN.28.12_1","NAME_2":"Wakatobi","VARNAME_2":"","NL_NAME_2":"","TYPE_2":"Kabupaten","ENGTYPE_2":"Regency","CC_2":"7407","HASC_2":"ID.SG.WA"}},
  {"type":"Feature","geometry":{"type":"Polygon","coordinates":[[[125.15650177,1.57115924],[125.07686615,1.56230259],[125.07620239,1.41881859],[125.09933472,1.38832021],[125.19152832,1.43844247],[125.24137878,1.51134574],[125.15650177,1.57115924]]]},"properties":{"GID_0":"IDN","NAME_0":"Indonesia","GID_1":"IDN.29_1","NAME_1":"Sulawesi Utara","NL_NAME_1":"","GID_2":"IDN.29.1_1","NAME_2":"Bitung","VARNAME_2":"","NL_NAME_2":"","TYPE_2":"Kota","ENGTYPE_2":"City","CC_2":"7172","HASC_2":"ID.SW.BI"}},
  {"type":"Feature","geometry":{"type":"Polygon","coordinates":[[[124.35490417,0.75487739],[124.43375397,0.79255939],[124.3791275,0.86965591],[124.35583496,0.98620665],[124.29832458,1.00724578],[124.20315552,0.98973507],[124.13663483,0.9278788],[124.07160187,0.92146385],[123.91069794,0.8460058],[123.75252533,0.83065021],[123.69670868,0.86140651],[123.68008423,0.81715739],[123.7401886,0.68531168],[123.69839478,0.61261874],[123.64365387,0.573479],[123.70541382,0.5670619],[123.71347809,0.46665382],[123.80194855,0.4412843],[123.8600769,0.4591231],[123.9334259,0.43281817],[124.04930878,0.51173925],[124.27399445,0.54435408],[124.33760071,0.6169154],[124.34753418,0.70926178],[124.30342102,0.69504482],[124.2744751,0.74062252],[124.35490417,0.75487739]]]},"properties":{"GID_0":"IDN","NAME_0":"Indonesia","GID_1":"IDN.29_1","NAME_1":"Sulawesi Utara","NL_NAME_1":"","GID_2":"IDN.29.5_1","NAME_2":"Bolaang Mongondow","VARNAME_2":"","NL_NAME_2":"","TYPE_2":"Kabupaten","ENGTYPE_2":"Regency","CC_2":"7101","HASC_2":"ID.SW.BO"}},
  {"type":"Feature","geometry":{"type":"Polygon","coordinates":[[[123.47809601,0.31805393],[123.67351532,0.30002117],[123.73580933,0.32300755],[124.06440735,0.36920509],[124.08000946,0.38734546],[124.27835083,0.40204751],[124.47587585,0.46604988],[124.44149017,0.56069309],[124.33760071,0.6169154],[124.27399445,0.54435408],[124.04930878,0.51173925],[123.9334259,0.43281817],[123.8600769,0.4591231],[123.80194855,0.4412843],[123.71347809,0.46665382],[123.70541382,0.5670619],[123.64365387,0.573479],[123.53337097,0.57687449],[123.52897644,0.40752175],[123.47809601,0.31805393]]]},"properties":{"GID_0":"IDN","NAME_0":"Indonesia","GID_1":"IDN.29_1","NAME_1":"Sulawesi Utara","NL_NAME_1":"","GID_2":"IDN.29.2_1","NAME_2":"Bolaang Mongondow Selatan","VARNAME_2":"","NL_NAME_2":"","TYPE_2":"Kabupaten","ENGTYPE_2":"Regency","CC_2":"7110","HASC_2":"ID.SW.BS"}},
  {"type":"Feature","geometry":{"type":"Polygon","coordinates":[[[124.47587585,0.46604988],[124.49310303,0.54634452],[124.55754852,0.59078825],[124.55482483,0.64967477],[124.6292038,0.71242565],[124.62594604,0.76865178],[124.69314575,0.85939831],[124.6480484,0.92803919],[124.58071899,0.93421185],[124.56019592,0.86691934],[124.48845673,0.80342454],[124.43375397,0.79255939],[124.35490417,0.75487739],[124.34753418,0.70926178],[124.33760071,0.6169154],[124.44149017,0.56069309],[124.47587585,0.46604988]]]},"properties":{"GID_0":"IDN","NAME_0":"Indonesia","GID_1":"IDN.29_1","NAME_1":"Sulawesi Utara","NL_NAME_1":"","GID_2":"IDN.29.3_1","NAME_2":"Bolaang Mongondow Timur","VARNAME_2":"","NL_NAME_2":"","TYPE_2":"Kabupaten","ENGTYPE_2":"Regency","CC_2":"7111","HASC_2":"ID.SW.BT"}},
  {"type":"Feature","geometry":{"type":"Polygon","coordinates":[[[123.69670868,0.86140651],[123.58110046,0.90441883],[123.55310059,0.88694388],[123.37291718,0.91289788],[123.25837708,0.91635871],[123.21495056,0.94651574],[123.16542053,0.90206832],[123.11544037,0.92414552],[123.26956177,0.80365562],[123.25140381,0.75363976],[123.38311768,0.64007485],[123.48616791,0.62651193],[123.53337097,0.57687449],[123.64365387,0.573479],[123.69839478,0.61261874],[123.7401886,0.68531168],[123.68008423,0.81715739],[123.69670868,0.86140651]]]},"properties":{"GID_0":"IDN","NAME_0":"Indonesia","GID_1":"IDN.29_1","NAME_1":"Sulawesi Utara","NL_NAME_1":"","GID_2":"IDN.29.4_1","NAME_2":"Bolaang Mongondow Utara","VARNAME_2":"","NL_NAME_2":"","TYPE_2":"Kabupaten","ENGTYPE_2":"Regency","CC_2":"7107","HASC_2":"ID.SW.BU"}},
  {"type":"Feature","geometry":{"type":"Polygon","coordinates":[[[125.53837585,3.41704035],[125.60556793,3.37081385],[125.67636108,3.43746829],[125.57302094,3.58941269],[125.5694046,3.64920282],[125.50898743,3.7210629],[125.40402985,3.71889591],[125.41814423,3.6396873],[125.51242065,3.56525922],[125.4858551,3.48221445],[125.53837585,3.41704035]]]},"properties":{"GID_0":"IDN","NAME_0":"Indonesia","GID_1":"IDN.29_1","NAME_1":"Sulawesi Utara","NL_NAME_1":"","GID_2":"IDN.29.6_1","NAME_2":"Kepulauan Sangihe","VARNAME_2":"","NL_NAME_2":"","TYPE_2":"Kabupaten","ENGTYPE_2":"Regency","CC_2":"7103","HASC_2":"ID.SW.SG"}},
  {"type":"Feature","geometry":{"type":"MultiPolygon","coordinates":[[[[126.82817841,3.73297119],[126.80313873,3.83408523],[126.7542038,3.78606606],[126.82817841,3.73297119]]],[[[126.80802155,4.03136778],[126.79748535,4.14919806],[126.91242981,4.27130985],[126.85042572,4.3754406],[126.85700989,4.48219156],[126.80840302,4.53332233],[126.74243927,4.54584169],[126.73402405,4.46175003],[126.68139648,4.33123589],[126.71022797,4.27455616],[126.79086304,4.23936272],[126.75025177,4.14211226],[126.6675415,4.04075527],[126.67110443,4.00253296],[126.7616272,3.994277],[126.80802155,4.03136778]]]]},"properties":{"GID_0":"IDN","NAME_0":"Indonesia","GID_1":"IDN.29_1","NAME_1":"Sulawesi Utara","NL_NAME_1":"","GID_2":"IDN.29.7_1","NAME_2":"Kepulauan Talaud","VARNAME_2":"","NL_NAME_2":"","TYPE_2":"Kabupaten","ENGTYPE_2":"Regency","CC_2":"7104","HASC_2":"ID.SW.KS"}},
  {"type":"Feature","geometry":{"type":"Polygon","coordinates":[[[124.35490417,0.75487739],[124.2744751,0.74062252],[124.30342102,0.69504482],[124.34753418,0.70926178],[124.35490417,0.75487739]]]},"properties":{"GID_0":"IDN","NAME_0":"Indonesia","GID_1":"IDN.29_1","NAME_1":"Sulawesi Utara","NL_NAME_1":"","GID_2":"IDN.29.8_1","NAME_2":"Kotamobagu","VARNAME_2":"","NL_NAME_2":"","TYPE_2":"Kota","ENGTYPE_2":"City","CC_2":"7174","HASC_2":"ID.SW.KM"}},
  {"type":"Feature","geometry":{"type":"Polygon","coordinates":[[[124.78351593,1.46094286],[124.82317352,1.43076611],[124.90722656,1.45679796],[124.93095398,1.50634038],[124.90917206,1.57233095],[124.82275391,1.58154261],[124.84487152,1.5153898],[124.78351593,1.46094286]]]},"properties":{"GID_0":"IDN","NAME_0":"Indonesia","GID_1":"IDN.29_1","NAME_1":"Sulawesi Utara","NL_NAME_1":"","GID_2":"IDN.29.9_1","NAME_2":"Manado","VARNAME_2":"","NL_NAME_2":"","TYPE_2":"Kota","ENGTYPE_2":"City","CC_2":"7171","HASC_2":"ID.SW.MA"}},
  {"type":"Feature","geometry":{"type":"Polygon","coordinates":[[[124.73656464,1.11497426],[124.84719849,1.11001456],[124.91292572,1.01990962],[125.01216125,1.12490988],[125.06399536,1.28554606],[125.01895142,1.28125048],[124.93260956,1.34829795],[124.90722656,1.45679796],[124.82317352,1.43076611],[124.78351593,1.46094286],[124.68862152,1.40872836],[124.62352753,1.41819847],[124.56443787,1.37841964],[124.6223526,1.3361274],[124.71769714,1.32548356],[124.75784302,1.25461078],[124.73656464,1.11497426]],[[124.74205017,1.30081487],[124.80566406,1.36117709],[124.86476135,1.35188353],[124.84929657,1.25932074],[124.74205017,1.30081487]]]},"properties":{"GID_0":"IDN","NAME_0":"Indonesia","GID_1":"IDN.29_1","NAME_1":"Sulawesi Utara","NL_NAME_1":"","GID_2":"IDN.29.13_1","NAME_2":"Minahasa","VARNAME_2":"","NL_NAME_2":"","TYPE_2":"Kabupaten","ENGTYPE_2":"Regency","CC_2":"7102","HASC_2":"ID.SW.MI"}},
  {"type":"Feature","geometry":{"type":"Polygon","coordinates":[[[124.43375397,0.79255939],[124.48845673,0.80342454],[124.56019592,0.86691934],[124.58071899,0.93421185],[124.55304718,1.08785725],[124.73656464,1.11497426],[124.75784302,1.25461078],[124.71769714,1.32548356],[124.6223526,1.3361274],[124.56443787,1.37841964],[124.5184021,1.32823873],[124.55010986,1.27101529],[124.61160278,1.23502803],[124.56518555,1.18428421],[124.42608643,1.18899262],[124.36383057,1.16950965],[124.29832458,1.00724578],[124.35583496,0.98620665],[124.3791275,0.86965591],[124.43375397,0.79255939]]]},"properties":{"GID_0":"IDN","NAME_0":"Indonesia","GID_1":"IDN.29_1","NAME_1":"Sulawesi Utara","NL_NAME_1":"","GID_2":"IDN.29.10_1","NAME_2":"Minahasa Selatan","VARNAME_2":"","NL_NAME_2":"","TYPE_2":"Kabupaten","ENGTYPE_2":"Regency","CC_2":"7105","HASC_2":"ID.SW.ML"}},
  {"type":"Feature","geometry":{"type":"Polygon","coordinates":[[[124.58071899,0.93421185],[124.6480484,0.92803919],[124.69314575,0.85939831],[124.76688385,0.8915295],[124.79413605,0.94779587],[124.88479614,0.97113907],[124.91292572,1.01990962],[124.84719849,1.11001456],[124.73656464,1.11497426],[124.55304718,1.08785725],[124.58071899,0.93421185]]]},"properties":{"GID_0":"IDN","NAME_0":"Indonesia","GID_1":"IDN.29_1","NAME_1":"Sulawesi Utara","NL_NAME_1":"","GID_2":"IDN.29.11_1","NAME_2":"Minahasa Tenggara","VARNAME_2":"","NL_NAME_2":"","TYPE_2":"Kabupaten","ENGTYPE_2":"Regency","CC_2":"7109","HASC_2":"ID.SW.MT"}},
  {"type":"Feature","geometry":{"type":"Polygon","coordinates":[[[124.90722656,1.45679796],[124.93260956,1.34829795],[125.01895142,1.28125048],[125.06399536,1.28554606],[125.09933472,1.38832021],[125.07620239,1.41881859],[125.07686615,1.56230259],[125.15650177,1.57115924],[125.11135864,1.66379154],[125.01394653,1.68999016],[124.99219513,1.75156748],[124.82275391,1.58154261],[124.90917206,1.57233095],[124.93095398,1.50634038],[124.90722656,1.45679796]]]},"properties":{"GID_0":"IDN","NAME_0":"Indonesia","GID_1":"IDN.29_1","NAME_1":"Sulawesi Utara","NL_NAME_1":"","GID_2":"IDN.29.12_1","NAME_2":"Minahasa Utara","VARNAME_2":"","NL_NAME_2":"","TYPE_2":"Kabupaten","ENGTYPE_2":"Regency","CC_2":"7106","HASC_2":"ID.SW.MU"}},
  {"type":"Feature","geometry":{"type":"Polygon","coordinates":[[[125.4186554,2.63523197],[125.39273071,2.68252635],[125.45344543,2.75731421],[125.37540436,2.79728436],[125.3595047,2.73758435],[125.37719727,2.64987206],[125.4186554,2.63523197]]]},"properties":{"GID_0":"IDN","NAME_0":"Indonesia","GID_1":"IDN.29_1","NAME_1":"Sulawesi Utara","NL_NAME_1":"","GID_2":"IDN.29.14_1","NAME_2":"Siau Tagulandang Biaro","VARNAME_2":"","NL_NAME_2":"","TYPE_2":"Kabupaten","ENGTYPE_2":"Regency","CC_2":"7108","HASC_2":"ID.SW.SB"}},
  {"type":"Feature","geometry":{"type":"Polygon","coordinates":[[[124.74205017,1.30081487],[124.84929657,1.25932074],[124.86476135,1.35188353],[124.80566406,1.36117709],[124.74205017,1.30081487]]]},"properties":{"GID_0":"IDN","NAME_0":"Indonesia","GID_1":"IDN.29_1","NAME_1":"Sulawesi Utara","NL_NAME_1":"","GID_2":"IDN.29.15_1","NAME_2":"Tomohon","VARNAME_2":"","NL_NAME_2":"","TYPE_2":"Kota","ENGTYPE_2":"City","CC_2":"7173","HASC_2":"ID.SW.TO"}},
  {"type":"Feature","geometry":{"type":"Polygon","coordinates":[[[100.31568909,-0.42918113],[100.33376312,-0.39198548],[100.46932983,-0.39028037],[100.53556061,-0.28054681],[100.37849426,-0.14569327],[100.35538483,-0.08588786],[100.2644043,-0.03474519],[100.16081238,-0.10735937],[100.10699463,-0.07576081],[100.03744507,-0.08147044],[100.00126648,-0.1435186],[99.7678833,-0.17092893],[99.81958008,-0.30058646],[99.88507843,-0.34417555],[99.96260071,-0.43264979],[100.0005722,-0.35823619],[100.13642883,-0.31996316],[100.15771484,-0.3902792],[100.26112366,-0.4716379],[100.31568909,-0.42918113]],[[100.3328476,-0.27957737],[100.38462067,-0.28286079],[100.37091827,-0.32227898],[100.3328476,-0.27957737]]]},"properties":{"GID_0":"IDN","NAME_0":"Indonesia","GID_1":"IDN.30_1","NAME_1":"Sumatera Barat","NL_NAME_1":"","GID_2":"IDN.30.1_1","NAME_2":"Agam","VARNAME_2":"","NL_NAME_2":"","TYPE_2":"Kabupaten","ENGTYPE_2":"Regency","CC_2":"1307","HASC_2":"ID.SB.AG"}},
  {"type":"Feature","geometry":{"type":"Polygon","coordinates":[[[100.3328476,-0.27957737],[100.37091827,-0.32227898],[100.38462067,-0.28286079],[100.3328476,-0.27957737]]]},"properties":{"GID_0":"IDN","NAME_0":"Indonesia","GID_1":"IDN.30_1","NAME_1":"Sumatera Barat","NL_NAME_1":"","GID_2":"IDN.30.2_1","NAME_2":"Bukittinggi","VARNAME_2":"","NL_NAME_2":"","TYPE_2":"Kota","ENGTYPE_2":"City","CC_2":"1375","HASC_2":"ID.SB.BU"}},
  {"type":"Feature","geometry":{"type":"Polygon","coordinates":[[[100.52040863,-0.63546574],[100.57171631,-0.60839844],[100.5546875,-0.56707764],[100.48327637,-0.54467773],[100.52040863,-0.63546574]]]},"properties":{"GID_0":"IDN","NAME_0":"Indonesia","GID_1":"IDN.30_1","NAME_1":"Sumatera Barat","NL_NAME_1":"","GID_2":"IDN.30.3_1","NAME_2":"Danau","VARNAME_2":"","NL_NAME_2":"","TYPE_2":"Water Body","ENGTYPE_2":"Water Body","CC_2":"1388","HASC_2":""}},
  {"type":"Feature","geometry":{"type":"Polygon","coordinates":[[[101.42836761,-1.67859542],[101.43653107,-1.69520807],[101.5016098,-1.67917311],[101.57048035,-1.57722509],[101.63077545,-1.54270172],[101.72361755,-1.43866277],[101.69525146,-1.29130411],[101.73357391,-1.23519027],[101.81378174,-1.2209878],[101.88459778,-1.13485098],[101.8215332,-1.0591737],[101.83340454,-0.98152566],[101.75572968,-0.97493923],[101.64431763,-0.82552189],[101.59388733,-0.84842891],[101.49498749,-0.80545974],[101.43971252,-0.8402667],[101.4143219,-0.9147498],[101.33786774,-0.95836526],[101.18720245,-0.95067626],[101.1682663,-1.10212684],[101.23233032,-1.15108287],[101.34467316,-1.11750329],[101.34268188,-1.04884493],[101.45928955,-1.03034878],[101.40287781,-1.15300119],[101.46715546,-1.2812674],[101.58300018,-1.32559168],[101.67087555,-1.38860095],[101.55608368,-1.46205568],[101.50843811,-1.57243657],[101.43216705,-1.6399653],[101.42836761,-1.67859542]]]},"properties":{"GID_0":"IDN","NAME_0":"Indonesia","GID_1":"IDN.30_1","NAME_1":"Sumatera Barat","NL_NAME_1":"","GID_2":"IDN.30.4_1","NAME_2":"Dharmasraya","VARNAME_2":"","NL_NAME_2":"","TYPE_2":"Kabupaten","ENGTYPE_2":"Regency","CC_2":"1311","HASC_2":"ID.SB.DH"}},
  {"type":"Feature","geometry":{"type":"MultiPolygon","coordinates":[[[[100.34267426,-3.24813652],[100.37443542,-3.25177097],[100.43965912,-3.34414721],[100.46833801,-3.31198478],[100.38883209,-3.20198965],[100.40036011,-3.1559031],[100.47024536,-3.14392495],[100.45458984,-3.01014066],[100.23509216,-2.78360486],[100.1819458,-2.79389215],[100.20067596,-2.93917561],[100.18962097,-2.9846108],[100.33148956,-3.13102818],[100.34267426,-3.24813652]]],[[[99.81233978,-2.30302238],[99.75134277,-2.23188829],[99.70650482,-2.09815621],[99.65222168,-2.04753256],[99.55856323,-2.04580092],[99.52839661,-2.15302396],[99.55033875,-2.20717597],[99.74571228,-2.34765553],[99.81233978,-2.30302238]]],[[[99.21941376,-1.64819837],[99.26683044,-1.60546482],[99.19390106,-1.56652546],[99.15364075,-1.48821533],[99.16628265,-1.43067372],[99.09910583,-1.36534822],[99.06853485,-1.25293505],[99.00746155,-1.16088474],[99.00148773,-1.11359882],[98.94049072,-1.06900263],[98.94548035,-0.98674577],[98.90976715,-0.90885866],[98.80189514,-0.95529497],[98.7116394,-0.94499171],[98.66453552,-0.980398],[98.65184784,-1.10498703],[98.60455322,-1.22767675],[98.63708496,-1.28679228],[98.80444336,-1.51944637],[98.83056641,-1.62095511],[98.87955475,-1.6804018],[99.10621643,-1.80674982],[99.22815704,-1.78599286],[99.24067688,-1.67636871],[99.21941376,-1.64819837]]],[[[100.1209259,-2.83639383],[100.22162628,-2.75135112],[100.16692352,-2.64433694],[100.05244446,-2.56360316],[99.97141266,-2.56941795],[100.01198578,-2.68653774],[99.99294281,-2.79351282],[100.1209259,-2.83639383]]]]},"properties":{"GID_0":"IDN","NAME_0":"Indonesia","GID_1":"IDN.30_1","NAME_1":"Sumatera Barat","NL_NAME_1":"","GID_2":"IDN.30.5_1","NAME_2":"Kepulauan Mentawai","VARNAME_2":"","NL_NAME_2":"","TYPE_2":"Kabupaten","ENGTYPE_2":"Regency","CC_2":"1301","HASC_2":"ID.SB.KM"}},
  {"type":"Feature","geometry":{"type":"Polygon","coordinates":[[[100.54477692,-0.81488544],[100.63614655,-0.79520106],[100.67508698,-0.73871243],[100.54136658,-0.80908138],[100.54477692,-0.81488544]]]},"properties":{"GID_0":"IDN","NAME_0":"Indonesia","GID_1":"IDN.30_1","NAME_1":"Sumatera Barat","NL_NAME_1":"","GID_2":"IDN.30.6_1","NAME_2":"Kota Solok","VARNAME_2":"","NL_NAME_2":"","TYPE_2":"Kota","ENGTYPE_2":"City","CC_2":"1372","HASC_2":"ID.SB.SM"}},
  {"type":"Feature","geometry":{"type":"Polygon","coordinates":[[[100.82424164,-0.35159737],[100.84450531,-0.33934882],[100.84111786,-0.29688922],[100.7753067,-0.21481027],[100.75067139,-0.04464496],[100.84767151,0],[100.80105591,0.04949652],[100.7906189,0.12888102],[100.8451004,0.16246946],[100.84132385,0.22596712],[100.70137024,0.24563034],[100.68068695,0.18730929],[100.5320816,0.31665656],[100.47297668,0.31347233],[100.45018005,0.40742096],[100.30051422,0.39660057],[100.30867004,0.30020696],[100.35149384,0.18041521],[100.31581879,0.0877898],[100.33763885,0.04277417],[100.2644043,-0.03474519],[100.35538483,-0.08588786],[100.37849426,-0.14569327],[100.53556061,-0.28054681],[100.75434875,-0.36622512],[100.82424164,-0.35159737]],[[100.57957458,-0.24297327],[100.59217834,-0.19377252],[100.67760468,-0.19231097],[100.61869049,-0.27490541],[100.57957458,-0.24297327]]]},"properties":{"GID_0":"IDN","NAME_0":"Indonesia","GID_1":"IDN.30_1","NAME_1":"Sumatera Barat","NL_NAME_1":"","GID_2":"IDN.30.7_1","NAME_2":"Lima Puluh Kota","VARNAME_2":"","NL_NAME_2":"","TYPE_2":"Kabupaten","ENGTYPE_2":"Regency","CC_2":"1308","HASC_2":"ID.SB.LP"}},
  {"type":"Feature","geometry":{"type":"Polygon","coordinates":[[[100.36349487,-1.14317286],[100.47906494,-1.0034188],[100.53660583,-0.9570719],[100.56488037,-0.9052124],[100.54477692,-0.81488544],[100.54136658,-0.80908138],[100.45614624,-0.72904205],[100.29173279,-0.8162505],[100.3433609,-0.88809967],[100.35813141,-0.98761803],[100.41208649,-1.07032788],[100.36349487,-1.14317286]]]},"properties":{"GID_0":"IDN","NAME_0":"Indonesia","GID_1":"IDN.30_1","NAME_1":"Sumatera Barat","NL_NAME_1":"","GID_2":"IDN.30.10_1","NAME_2":"Padang","VARNAME_2":"","NL_NAME_2":"","TYPE_2":"Kota","ENGTYPE_2":"City","CC_2":"1371","HASC_2":"ID.SB.PD"}},
  {"type":"Feature","geometry":{"type":"Polygon","coordinates":[[[100.43267059,-0.47302884],[100.42485046,-0.45564038],[100.37755585,-0.46213561],[100.38008881,-0.48557428],[100.43267059,-0.47302884]]]},"properties":{"GID_0":"IDN","NAME_0":"Indonesia","GID_1":"IDN.30_1","NAME_1":"Sumatera Barat","NL_NAME_1":"","GID_2":"IDN.30.8_1","NAME_2":"Padang Panjang","VARNAME_2":"","NL_NAME_2":"","TYPE_2":"Kota","ENGTYPE_2":"City","CC_2":"1374","HASC_2":"ID.SB.PJ"}},
  {"type":"Feature","geometry":{"type":"Polygon","coordinates":[[[100.29173279,-0.8162505],[100.45614624,-0.72904205],[100.4310379,-0.6572932],[100.38267517,-0.52614594],[100.33074188,-0.48768958],[100.31568909,-0.42918113],[100.26112366,-0.4716379],[100.15771484,-0.3902792],[100.13642883,-0.31996316],[100.0005722,-0.35823619],[99.96260071,-0.43264979],[100.09037781,-0.56695235],[100.1787262,-0.60544574],[100.15931702,-0.67568612],[100.29173279,-0.8162505]]]},"properties":{"GID_0":"IDN","NAME_0":"Indonesia","GID_1":"IDN.30_1","NAME_1":"Sumatera Barat","NL_NAME_1":"","GID_2":"IDN.30.9_1","NAME_2":"Padang Pariaman","VARNAME_2":"","NL_NAME_2":"","TYPE_2":"Kabupaten","ENGTYPE_2":"Regency","CC_2":"1306","HASC_2":"ID.SB.PP"}},
  {"type":"Feature","geometry":{"type":"Polygon","coordinates":[[[100.15931702,-0.67568612],[100.1787262,-0.60544574],[100.09037781,-0.56695235],[100.15931702,-0.67568612]]]},"properties":{"GID_0":"IDN","NAME_0":"Indonesia","GID_1":"IDN.30_1","NAME_1":"Sumatera Barat","NL_NAME_1":"","GID_2":"IDN.30.11_1","NAME_2":"Pariaman","VARNAME_2":"","NL_NAME_2":"","TYPE_2":"Kota","ENGTYPE_2":"City","CC_2":"1377","HASC_2":"ID.SB.PA"}},
  {"type":"Feature","geometry":{"type":"Polygon","coordinates":[[[100.03744507,-0.08147044],[100.10699463,-0.07576081],[100.16081238,-0.10735937],[100.2644043,-0.03474519],[100.33763885,0.04277417],[100.31581879,0.0877898],[100.35149384,0.18041521],[100.30867004,0.30020696],[100.30051422,0.39660057],[100.2736969,0.40755057],[100.18409729,0.56095052],[100.18583679,0.62460935],[100.23781586,0.673329],[100.23925781,0.73395413],[100.18372345,0.7641837],[100.0743866,0.80121291],[99.95168304,0.87933403],[99.87155151,0.90738916],[99.84093475,0.81767744],[99.83087158,0.69621718],[99.91213989,0.67823368],[99.92037964,0.60544461],[99.96468353,0.54583728],[99.90794373,0.47247952],[99.82032776,0.46052086],[99.82540894,0.41696882],[99.7434845,0.38560069],[99.75467682,0.32004181],[100.01285553,0.27495173],[100.02953339,0.22631249],[99.97584534,0.0300887],[100.04821777,-0.03409616],[100.03744507,-0.08147044]]]},"properties":{"GID_0":"IDN","NAME_0":"Indonesia","GID_1":"IDN.30_1","NAME_1":"Sumatera Barat","NL_NAME_1":"","GID_2":"IDN.30.13_1","NAME_2":"Pasaman","VARNAME_2":"","NL_NAME_2":"","TYPE_2":"Kabupaten","ENGTYPE_2":"Regency","CC_2":"1309","HASC_2":"ID.SB.PM"}},
  {"type":"Feature","geometry":{"type":"Polygon","coordinates":[[[99.19258881,0.2697655],[99.22090149,0.21033071],[99.31439209,0.23783749],[99.41086578,0.15301086],[99.61709595,0.06593493],[99.75569916,-0.04922604],[99.7678833,-0.17092893],[100.00126648,-0.1435186],[100.03744507,-0.08147044],[100.04821777,-0.03409616],[99.97584534,0.0300887],[100.02953339,0.22631249],[100.01285553,0.27495173],[99.75467682,0.32004181],[99.7434845,0.38560069],[99.82540894,0.41696882],[99.82032776,0.46052086],[99.68280792,0.46919212],[99.63830566,0.5469647],[99.57476807,0.50949639],[99.46873474,0.52361512],[99.36611938,0.43140352],[99.31737518,0.33464625],[99.24868774,0.33251008],[99.19258881,0.2697655]]]},"properties":{"GID_0":"IDN","NAME_0":"Indonesia","GID_1":"IDN.30_1","NAME_1":"Sumatera Barat","NL_NAME_1":"","GID_2":"IDN.30.12_1","NAME_2":"Pasaman Barat","VARNAME_2":"","NL_NAME_2":"","TYPE_2":"Kabupaten","ENGTYPE_2":"Regency","CC_2":"1312","HASC_2":"ID.SB.PB"}},
  {"type":"Feature","geometry":{"type":"Polygon","coordinates":[[[100.57957458,-0.24297327],[100.61869049,-0.27490541],[100.67760468,-0.19231097],[100.59217834,-0.19377252],[100.57957458,-0.24297327]]]},"properties":{"GID_0":"IDN","NAME_0":"Indonesia","GID_1":"IDN.30_1","NAME_1":"Sumatera Barat","NL_NAME_1":"","GID_2":"IDN.30.14_1","NAME_2":"Payakumbuh","VARNAME_2":"","NL_NAME_2":"","TYPE_2":"Kota","ENGTYPE_2":"City","CC_2":"1376","HASC_2":"ID.SB.PY"}},
  {"type":"Feature","geometry":{"type":"Polygon","coordinates":[[[100.36349487,-1.14317286],[100.49569702,-1.30216551],[100.56897736,-1.36753619],[100.56167603,-1.44160485],[100.68873596,-1.66483557],[100.8667984,-1.93573606],[100.8790741,-2.05492878],[100.82142639,-2.1478734],[100.87509155,-2.24512076],[100.89179993,-2.32811856],[101.022789,-2.47845888],[101.23730469,-2.34158278],[101.28546906,-2.27675128],[101.28210449,-2.25025725],[101.26468658,-2.10181427],[101.24082947,-2.06494617],[101.20708466,-1.98420429],[101.14231873,-1.92413545],[101.17823792,-1.86305583],[101.12877655,-1.76266372],[101.13162994,-1.68520856],[101.06436157,-1.65561533],[100.94169617,-1.42289162],[100.8952179,-1.39016318],[100.87596893,-1.32046068],[100.79876709,-1.28036106],[100.79105377,-1.18462706],[100.70089722,-1.0905242],[100.65005493,-1.11085927],[100.55744934,-1.0440942],[100.53660583,-0.9570719],[100.47906494,-1.0034188],[100.36349487,-1.14317286]]]},"properties":{"GID_0":"IDN","NAME_0":"Indonesia","GID_1":"IDN.30_1","NAME_1":"Sumatera Barat","NL_NAME_1":"","GID_2":"IDN.30.15_1","NAME_2":"Pesisir Selatan","VARNAME_2":"","NL_NAME_2":"","TYPE_2":"Kabupaten","ENGTYPE_2":"Regency","CC_2":"1302","HASC_2":"ID.SB.PS"}},
  {"type":"Feature","geometry":{"type":"Polygon","coordinates":[[[100.70726776,-0.57392198],[100.6958313,-0.72422338],[100.81159973,-0.7699663],[100.79779816,-0.56454355],[100.70726776,-0.57392198]]]},"properties":{"GID_0":"IDN","NAME_0":"Indonesia","GID_1":"IDN.30_1","NAME_1":"Sumatera Barat","NL_NAME_1":"","GID_2":"IDN.30.16_1","NAME_2":"Sawahlunto","VARNAME_2":"","NL_NAME_2":"","TYPE_2":"Kota","ENGTYPE_2":"City","CC_2":"1373","HASC_2":"ID.SB.SL"}},
  {"type":"Feature","geometry":{"type":"Polygon","coordinates":[[[101.18720245,-0.95067626],[101.33786774,-0.95836526],[101.4143219,-0.9147498],[101.43971252,-0.8402667],[101.49498749,-0.80545974],[101.30779266,-0.62888891],[101.24963379,-0.62554467],[101.18338776,-0.5517388],[101.0712738,-0.50309342],[101.02529144,-0.39469931],[101.04737091,-0.37700433],[100.94766235,-0.31083009],[100.84450531,-0.33934882],[100.82424164,-0.35159737],[100.83703613,-0.39306512],[100.79779816,-0.56454355],[100.81159973,-0.7699663],[100.92512512,-0.80670917],[101.04103088,-0.88026863],[101.08279419,-0.98664176],[101.18720245,-0.95067626]]]},"properties":{"GID_0":"IDN","NAME_0":"Indonesia","GID_1":"IDN.30_1","NAME_1":"Sumatera Barat","NL_NAME_1":"","GID_2":"IDN.30.17_1","NAME_2":"Sijunjung","VARNAME_2":"","NL_NAME_2":"","TYPE_2":"Kabupaten","ENGTYPE_2":"Regency","CC_2":"1304","HASC_2":"ID.SB.SS"}},
  {"type":"Feature","geometry":{"type":"Polygon","coordinates":[[[100.87596893,-1.32046068],[101.0178833,-1.22687554],[101.05867767,-1.13345516],[101.22198486,-1.24749839],[101.24543762,-1.21375239],[101.1682663,-1.10212684],[101.18720245,-0.95067626],[101.08279419,-0.98664176],[101.04103088,-0.88026863],[100.92512512,-0.80670917],[100.81159973,-0.7699663],[100.6958313,-0.72422338],[100.70726776,-0.57392198],[100.63722992,-0.53840876],[100.57171631,-0.60839844],[100.52040863,-0.63546574],[100.4310379,-0.6572932],[100.45614624,-0.72904205],[100.54136658,-0.80908138],[100.67508698,-0.73871243],[100.63614655,-0.79520106],[100.54477692,-0.81488544],[100.56488037,-0.9052124],[100.53660583,-0.9570719],[100.55744934,-1.0440942],[100.65005493,-1.11085927],[100.70089722,-1.0905242],[100.79105377,-1.18462706],[100.79876709,-1.28036106],[100.87596893,-1.32046068]]]},"properties":{"GID_0":"IDN","NAME_0":"Indonesia","GID_1":"IDN.30_1","NAME_1":"Sumatera Barat","NL_NAME_1":"","GID_2":"IDN.30.19_1","NAME_2":"Solok","VARNAME_2":"","NL_NAME_2":"","TYPE_2":"Kabupaten","ENGTYPE_2":"Regency","CC_2":"1303","HASC_2":"ID.SB.SR"}},
  {"type":"Feature","geometry":{"type":"Polygon","coordinates":[[[100.87596893,-1.32046068],[100.8952179,-1.39016318],[100.94169617,-1.42289162],[101.06436157,-1.65561533],[101.13162994,-1.68520856],[101.23153687,-1.72415614],[101.42836761,-1.67859542],[101.43216705,-1.6399653],[101.50843811,-1.57243657],[101.55608368,-1.46205568],[101.67087555,-1.38860095],[101.58300018,-1.32559168],[101.46715546,-1.2812674],[101.40287781,-1.15300119],[101.45928955,-1.03034878],[101.34268188,-1.04884493],[101.34467316,-1.11750329],[101.23233032,-1.15108287],[101.1682663,-1.10212684],[101.24543762,-1.21375239],[101.22198486,-1.24749839],[101.05867767,-1.13345516],[101.0178833,-1.22687554],[100.87596893,-1.32046068]]]},"properties":{"GID_0":"IDN","NAME_0":"Indonesia","GID_1":"IDN.30_1","NAME_1":"Sumatera Barat","NL_NAME_1":"","GID_2":"IDN.30.18_1","NAME_2":"Solok Selatan","VARNAME_2":"","NL_NAME_2":"","TYPE_2":"Kabupaten","ENGTYPE_2":"Regency","CC_2":"1310","HASC_2":"ID.SB.SK"}},
  {"type":"Feature","geometry":{"type":"Polygon","coordinates":[[[100.79779816,-0.56454355],[100.83703613,-0.39306512],[100.82424164,-0.35159737],[100.75434875,-0.36622512],[100.53556061,-0.28054681],[100.46932983,-0.39028037],[100.33376312,-0.39198548],[100.31568909,-0.42918113],[100.33074188,-0.48768958],[100.38267517,-0.52614594],[100.4310379,-0.6572932],[100.52040863,-0.63546574],[100.48327637,-0.54467773],[100.5546875,-0.56707764],[100.57171631,-0.60839844],[100.63722992,-0.53840876],[100.70726776,-0.57392198],[100.79779816,-0.56454355]],[[100.43267059,-0.47302884],[100.38008881,-0.48557428],[100.37755585,-0.46213561],[100.42485046,-0.45564038],[100.43267059,-0.47302884]]]},"properties":{"GID_0":"IDN","NAME_0":"Indonesia","GID_1":"IDN.30_1","NAME_1":"Sumatera Barat","NL_NAME_1":"","GID_2":"IDN.30.20_1","NAME_2":"Tanah Datar","VARNAME_2":"","NL_NAME_2":"","TYPE_2":"Kabupaten","ENGTYPE_2":"Regency","CC_2":"1305","HASC_2":"ID.SB.TD"}},
  {"type":"Feature","geometry":{"type":"MultiPolygon","coordinates":[[[[104.64559937,-1.9180572],[104.55349731,-1.84926617],[104.5039978,-1.94795418],[104.57309723,-1.9933542],[104.64559937,-1.9180572]]],[[[104.79415894,-3.06296659],[104.88339996,-3.10271406],[104.89849091,-3.15572238],[104.96024323,-3.16940522],[105.02857208,-3.11258507],[105.03919983,-2.9638412],[105.07830048,-2.94102716],[105.08779907,-2.72145891],[105.20794678,-2.72977185],[105.18499756,-2.63366222],[105.35102081,-2.44444108],[105.47003937,-2.45509624],[105.56369019,-2.41696429],[105.47130585,-2.37966132],[105.29720306,-2.37182426],[105.20481873,-2.32614374],[105.12090302,-2.37383819],[105.04590607,-2.37359452],[105.00409698,-2.33384919],[104.92630005,-2.3408072],[104.91829681,-2.29152513],[104.8443985,-2.28570127],[104.81402588,-2.36618161],[104.73000336,-2.37987518],[104.77658081,-2.29216456],[104.90497589,-2.18932772],[104.87460327,-2.04204822],[104.83809662,-2.0015471],[104.68579865,-1.98304415],[104.57389832,-1.99878621],[104.46479797,-1.90641522],[104.4992981,-1.80859113],[104.54029846,-1.77730918],[104.49739838,-1.67285717],[104.42209625,-1.62636316],[104.3584671,-1.64285517],[104.34669495,-1.73902607],[104.29566956,-1.73387837],[104.16157532,-1.77037466],[104.24489594,-1.94025314],[104.36038208,-2.07092929],[104.4223938,-2.17795706],[104.54493713,-2.26328278],[104.63420105,-2.26198626],[104.65339661,-2.32654428],[104.57710266,-2.38301325],[104.45523834,-2.43795276],[104.35998535,-2.45520115],[104.27539825,-2.51850224],[104.23069763,-2.51514816],[104.12779999,-2.43156528],[104.06615448,-2.45410991],[104.13426208,-2.55002427],[104.22207642,-2.60005307],[104.2828598,-2.66237068],[104.24668121,-2.72505522],[104.13176727,-2.85507226],[104.17710114,-2.88567424],[104.16739655,-3.05479431],[104.26039124,-3.08135772],[104.28793335,-3.02842593],[104.37568665,-3.02083087],[104.39732361,-3.0602963],[104.52316284,-3.07465434],[104.64494324,-3.0254488],[104.62269592,-2.98003721],[104.67525482,-2.86576462],[104.86572266,-2.95698094],[104.78157043,-3.04065347],[104.79415894,-3.06296659]]]]},"properties":{"GID_0":"IDN","NAME_0":"Indonesia","GID_1":"IDN.31_1","NAME_1":"Sumatera Selatan","NL_NAME_1":"","GID_2":"IDN.31.1_1","NAME_2":"Banyu Asin","VARNAME_2":"","NL_NAME_2":"","TYPE_2":"Kabupaten","ENGTYPE_2":"Regency","CC_2":"1607","HASC_2":"ID.SL.BA"}},
  {"type":"Feature","geometry":{"type":"Polygon","coordinates":[[[102.6186142,-3.80109811],[102.77568817,-3.91578269],[102.85995483,-3.9926188],[102.91410828,-3.97186828],[102.99745178,-4.01908731],[103.12137604,-4.01572514],[103.14293671,-3.94352317],[103.11589813,-3.86003351],[103.17134857,-3.79790688],[103.15671539,-3.67693257],[103.12576294,-3.60306573],[103.19467926,-3.48977852],[103.11182404,-3.4875896],[103.04199982,-3.423455],[102.99145508,-3.41205597],[102.97816467,-3.52705789],[102.88580322,-3.57880783],[102.81018066,-3.53005266],[102.73878479,-3.7475965],[102.6186142,-3.80109811]]]},"properties":{"GID_0":"IDN","NAME_0":"Indonesia","GID_1":"IDN.31_1","NAME_1":"Sumatera Selatan","NL_NAME_1":"","GID_2":"IDN.31.2_1","NAME_2":"Empat Lawang","VARNAME_2":"","NL_NAME_2":"","TYPE_2":"Kabupaten","ENGTYPE_2":"Regency","CC_2":"1611","HASC_2":"ID.SL.EL"}},
  {"type":"Feature","geometry":{"type":"MultiPolygon","coordinates":[[[[102.99968719,-4.15819788],[103.06232452,-4.19825745],[103.07579041,-4.2624917],[103.18089294,-4.23603058],[103.18087006,-4.14757252],[103.12137604,-4.01572514],[102.99745178,-4.01908731],[102.91963959,-4.0965929],[102.99968719,-4.15819788]]],[[[103.30917358,-4.25187635],[103.43890381,-4.17053413],[103.45412445,-4.11184168],[103.56233215,-4.10693169],[103.63258362,-3.94066882],[103.70452118,-3.89911723],[103.73738861,-3.6922617],[103.7674942,-3.63158965],[103.72910309,-3.57548189],[103.62830353,-3.51211643],[103.53875732,-3.54778838],[103.49869537,-3.51493001],[103.33705139,-3.53009033],[103.19467926,-3.48977852],[103.12576294,-3.60306573],[103.15671539,-3.67693257],[103.17134857,-3.79790688],[103.11589813,-3.86003351],[103.14293671,-3.94352317],[103.12137604,-4.01572514],[103.18996429,-3.98888516],[103.28833008,-4.00927019],[103.41488647,-3.98581862],[103.36296082,-4.15755177],[103.30917358,-4.25187635]]]]},"properties":{"GID_0":"IDN","NAME_0":"Indonesia","GID_1":"IDN.31_1","NAME_1":"Sumatera Selatan","NL_NAME_1":"","GID_2":"IDN.31.3_1","NAME_2":"Lahat","VARNAME_2":"","NL_NAME_2":"","TYPE_2":"Kabupaten","ENGTYPE_2":"Regency","CC_2":"1604","HASC_2":"ID.SL.LT"}},
  {"type":"Feature","geometry":{"type":"Polygon","coordinates":[[[102.7604599,-3.28367758],[102.91007996,-3.3782835],[102.9659729,-3.36210561],[102.97106171,-3.26259255],[102.91015625,-3.16141748],[102.86029816,-3.12925982],[102.81282043,-3.17493844],[102.81601715,-3.23641682],[102.7604599,-3.28367758]]]},"properties":{"GID_0":"IDN","NAME_0":"Indonesia","GID_1":"IDN.31_1","NAME_1":"Sumatera Selatan","NL_NAME_1":"","GID_2":"IDN.31.4_1","NAME_2":"Lubuklinggau","VARNAME_2":"","NL_NAME_2":"","TYPE_2":"Kota","ENGTYPE_2":"City","CC_2":"1674","HASC_2":"ID.SL.LL"}},
  {"type":"Feature","geometry":{"type":"Polygon","coordinates":[[[104.30095673,-3.49759579],[104.44586945,-3.49530387],[104.44750977,-3.42504764],[104.51326752,-3.38816762],[104.5280304,-3.30205131],[104.57151031,-3.23953223],[104.51454163,-3.20515752],[104.47882843,-3.11586976],[104.57794952,-3.09407616],[104.61820984,-3.11137295],[104.69045258,-3.05602407],[104.64494324,-3.0254488],[104.52316284,-3.07465434],[104.39732361,-3.0602963],[104.37568665,-3.02083087],[104.28793335,-3.02842593],[104.26039124,-3.08135772],[104.16739655,-3.05479431],[104.12821198,-3.00733304],[104.02655792,-3.0288918],[103.94885254,-3.00537086],[103.88587952,-3.07947659],[103.84220123,-3.09027004],[103.78379822,-3.17566609],[103.77409363,-3.25420856],[103.64926147,-3.245579],[103.60694885,-3.28927779],[103.61413574,-3.4195857],[103.54058075,-3.49283481],[103.53875732,-3.54778838],[103.62830353,-3.51211643],[103.72910309,-3.57548189],[103.7674942,-3.63158965],[103.73738861,-3.6922617],[103.70452118,-3.89911723],[103.63258362,-3.94066882],[103.56233215,-4.10693169],[103.45412445,-4.11184168],[103.43890381,-4.17053413],[103.30917358,-4.25187635],[103.30506897,-4.25452328],[103.32667542,-4.29087305],[103.46813202,-4.35276747],[103.51376343,-4.37455368],[103.59870148,-4.36219978],[103.62217712,-4.29649782],[103.61748505,-4.22186279],[103.70595551,-4.18325901],[103.70487213,-4.08527994],[103.74668884,-4.08432674],[103.86884308,-3.98846173],[103.89298248,-3.92478347],[103.99473572,-3.91972518],[104.14715576,-3.88498807],[104.28811646,-3.75506902],[104.37466431,-3.76354384],[104.37528992,-3.71966243],[104.44202423,-3.68314433],[104.46789551,-3.58951974],[104.40081787,-3.58704948],[104.32720184,-3.62150455],[104.30477142,-3.56174493],[104.13143158,-3.51975727],[104.14932251,-3.34006357],[104.24165344,-3.37358975],[104.34819031,-3.37148094],[104.30095673,-3.49759579]]]},"properties":{"GID_0":"IDN","NAME_0":"Indonesia","GID_1":"IDN.31_1","NAME_1":"Sumatera Selatan","NL_NAME_1":"","GID_2":"IDN.31.5_1","NAME_2":"Muara Enim","VARNAME_2":"","NL_NAME_2":"","TYPE_2":"Kabupaten","ENGTYPE_2":"Regency","CC_2":"1603","HASC_2":"ID.SL.ME"}},
  {"type":"Feature","geometry":{"type":"Polygon","coordinates":[[[103.64926147,-3.245579],[103.77409363,-3.25420856],[103.78379822,-3.17566609],[103.84220123,-3.09027004],[103.88587952,-3.07947659],[103.94885254,-3.00537086],[104.02655792,-3.0288918],[104.12821198,-3.00733304],[104.16739655,-3.05479431],[104.17710114,-2.88567424],[104.13176727,-2.85507226],[104.24668121,-2.72505522],[104.2828598,-2.66237068],[104.22207642,-2.60005307],[104.13426208,-2.55002427],[104.06615448,-2.45410991],[104.12779999,-2.43156528],[104.23069763,-2.51514816],[104.27539825,-2.51850224],[104.35998535,-2.45520115],[104.45523834,-2.43795276],[104.57710266,-2.38301325],[104.65339661,-2.32654428],[104.63420105,-2.26198626],[104.54493713,-2.26328278],[104.4223938,-2.17795706],[104.36038208,-2.07092929],[104.24489594,-1.94025314],[104.16157532,-1.77037466],[104.15359497,-1.72465658],[103.63770294,-1.85087383],[103.53762054,-1.88857186],[103.51737213,-1.96630502],[103.56021881,-2.0000267],[103.52261353,-2.06676364],[103.52713013,-2.16722178],[103.45871735,-2.18110752],[103.45980835,-2.29780245],[103.43125916,-2.33542919],[103.22206116,-2.14179373],[103.18193054,-2.17774892],[103.17978668,-2.24956179],[103.21190643,-2.31169558],[103.13883972,-2.35677791],[103.0046463,-2.33586335],[103.01673889,-2.40012336],[103.15744781,-2.47258997],[103.20075226,-2.52774763],[103.2756958,-2.49868178],[103.36654663,-2.5864923],[103.34164429,-2.69461703],[103.27119446,-2.75302625],[103.35363007,-2.85110354],[103.43134308,-2.87711191],[103.43849945,-2.94762039],[103.51213837,-3.07814479],[103.55917358,-3.09667802],[103.63790894,-3.1883111],[103.64926147,-3.245579]]]},"properties":{"GID_0":"IDN","NAME_0":"Indonesia","GID_1":"IDN.31_1","NAME_1":"Sumatera Selatan","NL_NAME_1":"","GID_2":"IDN.31.6_1","NAME_2":"Musi Banyuasin","VARNAME_2":"","NL_NAME_2":"","TYPE_2":"Kabupaten","ENGTYPE_2":"Regency","CC_2":"1606","HASC_2":"ID.SL.MB"}},
  {"type":"Feature","geometry":{"type":"Polygon","coordinates":[[[102.7604599,-3.28367758],[102.81601715,-3.23641682],[102.81282043,-3.17493844],[102.86029816,-3.12925982],[102.91015625,-3.16141748],[102.97106171,-3.26259255],[102.9659729,-3.36210561],[102.99145508,-3.41205597],[103.04199982,-3.423455],[103.11182404,-3.4875896],[103.19467926,-3.48977852],[103.33705139,-3.53009033],[103.49869537,-3.51493001],[103.53875732,-3.54778838],[103.54058075,-3.49283481],[103.61413574,-3.4195857],[103.60694885,-3.28927779],[103.64926147,-3.245579],[103.63790894,-3.1883111],[103.55917358,-3.09667802],[103.51213837,-3.07814479],[103.43849945,-2.94762039],[103.43134308,-2.87711191],[103.35363007,-2.85110354],[103.27119446,-2.75302625],[103.34164429,-2.69461703],[103.36654663,-2.5864923],[103.2756958,-2.49868178],[103.20075226,-2.52774763],[103.15744781,-2.47258997],[103.01673889,-2.40012336],[103.0046463,-2.33586335],[102.8769455,-2.30450749],[102.84064484,-2.33785319],[102.87538147,-2.40980291],[102.72830963,-2.5861094],[102.64057159,-2.61100912],[102.5905304,-2.67963433],[102.4888382,-2.70470095],[102.32473755,-2.65398788],[102.28067017,-2.6144371],[102.23628235,-2.68843961],[102.07521057,-2.7656436],[102.06802368,-2.76790667],[102.13290405,-2.87576747],[102.22451019,-2.9291389],[102.2569046,-3.03680444],[102.32054138,-3.06981659],[102.38923645,-3.04288316],[102.47060394,-3.08186913],[102.49253082,-3.13593745],[102.49807739,-3.26005745],[102.59621429,-3.33344889],[102.74376678,-3.31562877],[102.7604599,-3.28367758]]]},"properties":{"GID_0":"IDN","NAME_0":"Indonesia","GID_1":"IDN.31_1","NAME_1":"Sumatera Selatan","NL_NAME_1":"","GID_2":"IDN.31.7_1","NAME_2":"Musi Rawas","VARNAME_2":"","NL_NAME_2":"","TYPE_2":"Kabupaten","ENGTYPE_2":"Regency","CC_2":"1605","HASC_2":"ID.SL.MR"}},
  {"type":"Feature","geometry":{"type":"Polygon","coordinates":[[[104.37466431,-3.76354384],[104.45911407,-3.76037073],[104.55567932,-3.80524325],[104.64263153,-3.65506291],[104.67881775,-3.49330735],[104.81407166,-3.45771742],[104.8191452,-3.35765743],[104.7997818,-3.29111981],[104.79415894,-3.06296659],[104.78157043,-3.04065347],[104.69045258,-3.05602407],[104.61820984,-3.11137295],[104.57794952,-3.09407616],[104.47882843,-3.11586976],[104.51454163,-3.20515752],[104.57151031,-3.23953223],[104.5280304,-3.30205131],[104.51326752,-3.38816762],[104.44750977,-3.42504764],[104.44586945,-3.49530387],[104.30095673,-3.49759579],[104.30477142,-3.56174493],[104.32720184,-3.62150455],[104.40081787,-3.58704948],[104.46789551,-3.58951974],[104.44202423,-3.68314433],[104.37528992,-3.71966243],[104.37466431,-3.76354384]]]},"properties":{"GID_0":"IDN","NAME_0":"Indonesia","GID_1":"IDN.31_1","NAME_1":"Sumatera Selatan","NL_NAME_1":"","GID_2":"IDN.31.8_1","NAME_2":"Ogan Ilir","VARNAME_2":"","NL_NAME_2":"","TYPE_2":"Kabupaten","ENGTYPE_2":"Regency","CC_2":"1610","HASC_2":"ID.SL.OI"}},
  {"type":"Feature","geometry":{"type":"Polygon","coordinates":[[[105.0499649,-4.14127111],[105.18023682,-3.90380549],[105.27481842,-3.88019228],[105.31874847,-3.73193359],[105.35152435,-3.78308821],[105.41278839,-3.77735448],[105.43675995,-3.82808757],[105.52216339,-3.83938241],[105.61167908,-3.94530272],[105.65431976,-4.09104872],[105.75299072,-4.14712477],[105.81889343,-4.1444416],[105.84716034,-4.11908102],[105.88492584,-3.97937489],[105.9603653,-3.83951855],[105.92498779,-3.77505541],[105.82374573,-3.69272614],[105.84794617,-3.52363229],[105.89079285,-3.4245553],[105.95437622,-3.34218216],[106.09809875,-3.22822142],[106.06012726,-3.11880207],[106.05131531,-2.98709416],[105.97891998,-2.95317388],[105.88061523,-2.96707273],[105.79818726,-2.87689805],[105.80261993,-2.71702266],[105.78263092,-2.68130827],[105.68893433,-2.68208408],[105.63285828,-2.64092445],[105.6034317,-2.5385685],[105.63372803,-2.43413401],[105.56369019,-2.41696429],[105.47003937,-2.45509624],[105.35102081,-2.44444108],[105.18499756,-2.63366222],[105.20794678,-2.72977185],[105.08779907,-2.72145891],[105.07830048,-2.94102716],[105.03919983,-2.9638412],[105.02857208,-3.11258507],[104.96024323,-3.16940522],[104.89849091,-3.15572238],[104.88339996,-3.10271406],[104.79415894,-3.06296659],[104.7997818,-3.29111981],[104.8191452,-3.35765743],[104.81407166,-3.45771742],[104.67881775,-3.49330735],[104.64263153,-3.65506291],[104.70500183,-3.64968395],[104.87810516,-3.81090951],[104.87360382,-3.90725851],[104.93031311,-3.94960928],[104.91371918,-4.00516176],[104.82749939,-4.07089567],[104.75578308,-4.24676991],[104.78666687,-4.2598691],[104.92922974,-4.19247818],[105.0499649,-4.14127111]]]},"properties":{"GID_0":"IDN","NAME_0":"Indonesia","GID_1":"IDN.31_1","NAME_1":"Sumatera Selatan","NL_NAME_1":"","GID_2":"IDN.31.9_1","NAME_2":"Ogan Komering Ilir","VARNAME_2":"","NL_NAME_2":"","TYPE_2":"Kabupaten","ENGTYPE_2":"Regency","CC_2":"1602","HASC_2":"ID.SL.OH"}},
  {"type":"Feature","geometry":{"type":"Polygon","coordinates":[[[103.62217712,-4.29649782],[103.6989975,-4.28529882],[103.79909515,-4.21004963],[103.84601593,-4.29149866],[103.85129547,-4.37691069],[103.90342712,-4.383214],[103.97135925,-4.4659586],[104.04510498,-4.45844793],[104.15870667,-4.40279531],[104.21923065,-4.35275221],[104.22605133,-4.24757814],[104.33332062,-4.17954016],[104.30856323,-4.08371401],[104.35163879,-4.01365232],[104.40433502,-4.00015926],[104.51232147,-3.92096376],[104.5089035,-3.87128091],[104.55567932,-3.80524325],[104.45911407,-3.76037073],[104.37466431,-3.76354384],[104.28811646,-3.75506902],[104.14715576,-3.88498807],[103.99473572,-3.91972518],[103.89298248,-3.92478347],[103.86884308,-3.98846173],[103.74668884,-4.08432674],[103.70487213,-4.08527994],[103.70595551,-4.18325901],[103.61748505,-4.22186279],[103.62217712,-4.29649782]]]},"properties":{"GID_0":"IDN","NAME_0":"Indonesia","GID_1":"IDN.31_1","NAME_1":"Sumatera Selatan","NL_NAME_1":"","GID_2":"IDN.31.12_1","NAME_2":"Ogan Komering Ulu","VARNAME_2":"","NL_NAME_2":"","TYPE_2":"Kabupaten","ENGTYPE_2":"Regency","CC_2":"1601","HASC_2":"ID.SL.OU"}},
  {"type":"Feature","geometry":{"type":"Polygon","coordinates":[[[103.46813202,-4.35276747],[103.42858887,-4.40525198],[103.39823914,-4.5175333],[103.48477936,-4.57907152],[103.62889862,-4.55070877],[103.68585968,-4.63365936],[103.70285034,-4.72507095],[103.76748657,-4.77258396],[103.8662796,-4.8481822],[103.84405518,-4.90700531],[103.92865753,-4.92129421],[104.04416656,-4.90392923],[104.16268921,-4.92202568],[104.24307251,-4.88161707],[104.34049988,-4.86473227],[104.37169647,-4.81790113],[104.33296967,-4.71307611],[104.28794861,-4.69866467],[104.32562256,-4.56062317],[104.27848053,-4.55213928],[104.20590973,-4.44189596],[104.15870667,-4.40279531],[104.04510498,-4.45844793],[103.97135925,-4.4659586],[103.90342712,-4.383214],[103.85129547,-4.37691069],[103.84601593,-4.29149866],[103.79909515,-4.21004963],[103.6989975,-4.28529882],[103.62217712,-4.29649782],[103.59870148,-4.36219978],[103.51376343,-4.37455368],[103.46813202,-4.35276747]]]},"properties":{"GID_0":"IDN","NAME_0":"Indonesia","GID_1":"IDN.31_1","NAME_1":"Sumatera Selatan","NL_NAME_1":"","GID_2":"IDN.31.10_1","NAME_2":"Ogan Komering Ulu Selatan","VARNAME_2":"","NL_NAME_2":"","TYPE_2":"Kabupaten","ENGTYPE_2":"Regency","CC_2":"1608","HASC_2":"ID.SL.OS"}},
  {"type":"Feature","geometry":{"type":"Polygon","coordinates":[[[104.32562256,-4.56062317],[104.31562805,-4.51281881],[104.34893036,-4.3999691],[104.43603516,-4.30693865],[104.59414673,-4.24244118],[104.65895081,-4.25921345],[104.75578308,-4.24676991],[104.82749939,-4.07089567],[104.91371918,-4.00516176],[104.93031311,-3.94960928],[104.87360382,-3.90725851],[104.87810516,-3.81090951],[104.70500183,-3.64968395],[104.64263153,-3.65506291],[104.55567932,-3.80524325],[104.5089035,-3.87128091],[104.51232147,-3.92096376],[104.40433502,-4.00015926],[104.35163879,-4.01365232],[104.30856323,-4.08371401],[104.33332062,-4.17954016],[104.22605133,-4.24757814],[104.21923065,-4.35275221],[104.15870667,-4.40279531],[104.20590973,-4.44189596],[104.27848053,-4.55213928],[104.32562256,-4.56062317]]]},"properties":{"GID_0":"IDN","NAME_0":"Indonesia","GID_1":"IDN.31_1","NAME_1":"Sumatera Selatan","NL_NAME_1":"","GID_2":"IDN.31.11_1","NAME_2":"Ogan Komering Ulu Timur","VARNAME_2":"","NL_NAME_2":"","TYPE_2":"Kabupaten","ENGTYPE_2":"Regency","CC_2":"1609","HASC_2":"ID.SL.OT"}},
  {"type":"Feature","geometry":{"type":"Polygon","coordinates":[[[103.30917358,-4.25187635],[103.36296082,-4.15755177],[103.41488647,-3.98581862],[103.28833008,-4.00927019],[103.18996429,-3.98888516],[103.12137604,-4.01572514],[103.18087006,-4.14757252],[103.18089294,-4.23603058],[103.28500366,-4.25718021],[103.30506897,-4.25452328],[103.30917358,-4.25187635]]]},"properties":{"GID_0":"IDN","NAME_0":"Indonesia","GID_1":"IDN.31_1","NAME_1":"Sumatera Selatan","NL_NAME_1":"","GID_2":"IDN.31.13_1","NAME_2":"Pagar Alam","VARNAME_2":"","NL_NAME_2":"","TYPE_2":"Kota","ENGTYPE_2":"City","CC_2":"1673","HASC_2":"ID.SL.PG"}},
  {"type":"Feature","geometry":{"type":"Polygon","coordinates":[[[104.69045258,-3.05602407],[104.78157043,-3.04065347],[104.86572266,-2.95698094],[104.67525482,-2.86576462],[104.62269592,-2.98003721],[104.64494324,-3.0254488],[104.69045258,-3.05602407]]]},"properties":{"GID_0":"IDN","NAME_0":"Indonesia","GID_1":"IDN.31_1","NAME_1":"Sumatera Selatan","NL_NAME_1":"","GID_2":"IDN.31.14_1","NAME_2":"Palembang","VARNAME_2":"","NL_NAME_2":"","TYPE_2":"Kota","ENGTYPE_2":"City","CC_2":"1671","HASC_2":"ID.SL.PA"}},
  {"type":"Feature","geometry":{"type":"Polygon","coordinates":[[[104.30095673,-3.49759579],[104.34819031,-3.37148094],[104.24165344,-3.37358975],[104.14932251,-3.34006357],[104.13143158,-3.51975727],[104.30477142,-3.56174493],[104.30095673,-3.49759579]]]},"properties":{"GID_0":"IDN","NAME_0":"Indonesia","GID_1":"IDN.31_1","NAME_1":"Sumatera Selatan","NL_NAME_1":"","GID_2":"IDN.31.15_1","NAME_2":"Prabumulih","VARNAME_2":"","NL_NAME_2":"","TYPE_2":"Kota","ENGTYPE_2":"City","CC_2":"1672","HASC_2":"ID.SL.PR"}},
  {"type":"Feature","geometry":{"type":"Polygon","coordinates":[[[99.07410431,2.60463619],[99.25324249,2.53986192],[99.30853271,2.57410622],[99.46120453,2.55081892],[99.5595932,2.60472393],[99.60879517,2.57517219],[99.697052,2.58696485],[99.86717987,2.73004341],[99.98469543,2.8526957],[99.99343109,2.95189309],[99.86911011,3.02901769],[99.75229645,3.17077851],[99.69355774,3.10541868],[99.62180328,3.1303885],[99.561203,3.07015562],[99.44038391,2.92926908],[99.37641907,2.88566351],[99.26561737,2.86049199],[99.24832153,2.81251836],[99.07407379,2.64436173],[99.07410431,2.60463619]],[[99.75687408,2.93928695],[99.76602936,3.00897622],[99.83506775,2.93294311],[99.75687408,2.93928695]]]},"properties":{"GID_0":"IDN","NAME_0":"Indonesia","GID_1":"IDN.32_1","NAME_1":"Sumatera Utara","NL_NAME_1":"","GID_2":"IDN.32.1_1","NAME_2":"Asahan","VARNAME_2":"","NL_NAME_2":"","TYPE_2":"Kabupaten","ENGTYPE_2":"Regency","CC_2":"1208","HASC_2":"ID.SU.AN"}},
  {"type":"Feature","geometry":{"type":"Polygon","coordinates":[[[99.561203,3.07015562],[99.62180328,3.1303885],[99.69355774,3.10541868],[99.75229645,3.17077851],[99.68815613,3.20675921],[99.54755402,3.24498248],[99.48400879,3.34792662],[99.36798096,3.39961958],[99.3152771,3.44395781],[99.2352066,3.25238156],[99.20796204,3.22357488],[99.30863953,3.29975033],[99.3975296,3.22312021],[99.421875,3.14672422],[99.54653168,3.09819174],[99.561203,3.07015562]]]},"properties":{"GID_0":"IDN","NAME_0":"Indonesia","GID_1":"IDN.32_1","NAME_1":"Sumatera Utara","NL_NAME_1":"","GID_2":"IDN.32.2_1","NAME_2":"Batu Bara","VARNAME_2":"","NL_NAME_2":"","TYPE_2":"Kabupaten","ENGTYPE_2":"Regency","CC_2":"1219","HASC_2":"ID.SU.BB"}},
  {"type":"Feature","geometry":{"type":"Polygon","coordinates":[[[98.46685028,2.55282116],[98.55407715,2.5836792],[98.57887268,2.73535442],[98.52780151,2.79447103],[98.52137756,2.8748827],[98.43996429,2.89031291],[98.30991364,2.97073054],[98.2488327,2.93121958],[98.19639587,2.99392295],[98.19824982,3.04299235],[97.98244476,3.08713412],[97.93943787,3.07622385],[97.93514252,2.98951912],[97.94869232,2.89533043],[97.99240112,2.8822031],[98.11691284,2.78503966],[98.25130463,2.70834088],[98.32862854,2.69690895],[98.41991425,2.63798213],[98.46685028,2.55282116]]]},"properties":{"GID_0":"IDN","NAME_0":"Indonesia","GID_1":"IDN.32_1","NAME_1":"Sumatera Utara","NL_NAME_1":"","GID_2":"IDN.32.3_1","NAME_2":"Dairi","VARNAME_2":"","NL_NAME_2":"","TYPE_2":"Kabupaten","ENGTYPE_2":"Regency","CC_2":"1210","HASC_2":"ID.SU.DA"}},
  {"type":"Feature","geometry":{"type":"Polygon","coordinates":[[[98.60529327,3.10405636],[98.62726593,3.06246209],[98.70578003,3.06375289],[98.74806976,3.21839237],[98.79605865,3.29835415],[98.91235352,3.35793495],[98.93682861,3.51451945],[98.91880035,3.59995127],[98.94249725,3.67489195],[98.78824615,3.71826911],[98.70703888,3.77257371],[98.69337463,3.62676001],[98.72684479,3.55108094],[98.60176086,3.51270962],[98.60677338,3.61036849],[98.66404724,3.62411141],[98.62529755,3.75959611],[98.70471954,3.79048038],[98.6977005,3.87441611],[98.66075897,3.90781331],[98.53173065,3.78654814],[98.50145721,3.67250896],[98.53624725,3.60675406],[98.50080872,3.56948757],[98.51396942,3.50192523],[98.49557495,3.39080381],[98.50946808,3.3084507],[98.46560669,3.23041296],[98.48860931,3.22826743],[98.52297974,3.24059367],[98.60145569,3.16068649],[98.60529327,3.10405636]]]},"properties":{"GID_0":"IDN","NAME_0":"Indonesia","GID_1":"IDN.32_1","NAME_1":"Sumatera Utara","NL_NAME_1":"","GID_2":"IDN.32.4_1","NAME_2":"Deli Serdang","VARNAME_2":"","NL_NAME_2":"","TYPE_2":"Kabupaten","ENGTYPE_2":"Regency","CC_2":"1212","HASC_2":"ID.SU.DS"}},
  {"type":"Feature","geometry":{"type":"Polygon","coordinates":[[[97.51022339,1.27448404],[97.55531311,1.28254521],[97.5861969,1.12043273],[97.64727783,1.10044193],[97.69019318,1.17849612],[97.60928345,1.3123467],[97.52125549,1.42344832],[97.47077942,1.34684265],[97.51022339,1.27448404]]]},"properties":{"GID_0":"IDN","NAME_0":"Indonesia","GID_1":"IDN.32_1","NAME_1":"Sumatera Utara","NL_NAME_1":"","GID_2":"IDN.32.5_1","NAME_2":"Gunungsitoli","VARNAME_2":"","NL_NAME_2":"","TYPE_2":"Kota","ENGTYPE_2":"City","CC_2":"1278","HASC_2":"ID.SU.GS"}},
  {"type":"Feature","geometry":{"type":"Polygon","coordinates":[[[98.68704987,2.01831698],[98.72537231,2.11475325],[98.81105042,2.18813109],[98.92845917,2.23357296],[98.95387268,2.32128716],[98.85762024,2.33545136],[98.83537292,2.3555007],[98.7519989,2.43806314],[98.6595459,2.42582011],[98.58184052,2.48657489],[98.47371674,2.46459508],[98.41506195,2.48033428],[98.28739929,2.41439962],[98.28752136,2.33633995],[98.25274658,2.2761066],[98.2754364,2.1880002],[98.38626862,2.11853194],[98.55393982,2.0740397],[98.60636902,2.02257919],[98.68704987,2.01831698]]]},"properties":{"GID_0":"IDN","NAME_0":"Indonesia","GID_1":"IDN.32_1","NAME_1":"Sumatera Utara","NL_NAME_1":"","GID_2":"IDN.32.6_1","NAME_2":"Humbang Hasundutan","VARNAME_2":"","NL_NAME_2":"","TYPE_2":"Kabupaten","ENGTYPE_2":"Regency","CC_2":"1215","HASC_2":"ID.SU.HH"}},
  {"type":"Feature","geometry":{"type":"Polygon","coordinates":[[[97.98244476,3.08713412],[98.19824982,3.04299235],[98.19639587,2.99392295],[98.2488327,2.93121958],[98.30991364,2.97073054],[98.43996429,2.89031291],[98.52137756,2.8748827],[98.54914856,2.89116192],[98.55702209,3.02794099],[98.60529327,3.10405636],[98.60145569,3.16068649],[98.52297974,3.24059367],[98.48860931,3.22826743],[98.46560669,3.23041296],[98.39929962,3.24958062],[98.29763031,3.22926283],[98.20094299,3.2775445],[98.11730957,3.27069378],[98.09907532,3.31401134],[98.02889252,3.33101463],[98.01385498,3.29364491],[97.91707611,3.23071003],[97.98244476,3.08713412]]]},"properties":{"GID_0":"IDN","NAME_0":"Indonesia","GID_1":"IDN.32_1","NAME_1":"Sumatera Utara","NL_NAME_1":"","GID_2":"IDN.32.7_1","NAME_2":"Karo","VARNAME_2":"","NL_NAME_2":"","TYPE_2":"Kabupaten","ENGTYPE_2":"Regency","CC_2":"1211","HASC_2":"ID.SU.KA"}},
  {"type":"Feature","geometry":{"type":"Polygon","coordinates":[[[98.50080872,3.56948757],[98.53624725,3.60675406],[98.50145721,3.67250896],[98.50080872,3.56948757]]]},"properties":{"GID_0":"IDN","NAME_0":"Indonesia","GID_1":"IDN.32_1","NAME_1":"Sumatera Utara","NL_NAME_1":"","GID_2":"IDN.32.8_1","NAME_2":"Kota Binjai","VARNAME_2":"","NL_NAME_2":"","TYPE_2":"Kota","ENGTYPE_2":"City","CC_2":"1276","HASC_2":"ID.SU.BI"}},
  {"type":"Feature","geometry":{"type":"Polygon","coordinates":[[[98.70471954,3.79048038],[98.62529755,3.75959611],[98.66404724,3.62411141],[98.60677338,3.61036849],[98.60176086,3.51270962],[98.72684479,3.55108094],[98.69337463,3.62676001],[98.70703888,3.77257371],[98.70471954,3.79048038]]]},"properties":{"GID_0":"IDN","NAME_0":"Indonesia","GID_1":"IDN.32_1","NAME_1":"Sumatera Utara","NL_NAME_1":"","GID_2":"IDN.32.9_1","NAME_2":"Kota Medan","VARNAME_2":"","NL_NAME_2":"","TYPE_2":"Kota","ENGTYPE_2":"City","CC_2":"1275","HASC_2":"ID.SU.ME"}},
  {"type":"Feature","geometry":{"type":"Polygon","coordinates":[[[99.75687408,2.93928695],[99.83506775,2.93294311],[99.76602936,3.00897622],[99.75687408,2.93928695]]]},"properties":{"GID_0":"IDN","NAME_0":"Indonesia","GID_1":"IDN.32_1","NAME_1":"Sumatera Utara","NL_NAME_1":"","GID_2":"IDN.32.10_1","NAME_2":"Kota Tanjungbalai","VARNAME_2":"","NL_NAME_2":"","TYPE_2":"Kota","ENGTYPE_2":"City","CC_2":"1272","HASC_2":"ID.SU.TB"}},
  {"type":"Feature","geometry":{"type":"Polygon","coordinates":[[[99.66189575,2.03804088],[99.69062805,1.96964025],[99.79137421,2.02471471],[99.84650421,2.01666641],[99.8393631,1.79940581],[99.85642242,1.90584946],[99.93030548,1.96917748],[100.03093719,1.9351635],[100.05727386,1.97994912],[100.04452515,2.08547974],[100.09729004,2.11460376],[100.13517761,2.19096208],[100.21310425,2.20963311],[100.36506653,2.21023178],[100.30082703,2.34014297],[100.29545593,2.42821407],[100.32289886,2.54543447],[100.23516846,2.64248347],[100.22012329,2.70523977],[100.12361908,2.66182923],[100.04923248,2.73566651],[100.07453918,2.54471612],[100.02288818,2.46148109],[99.93332672,2.2620492],[99.96359253,2.20294881],[99.89870453,2.181252],[99.77391052,2.18177366],[99.7662735,2.13785958],[99.66189575,2.03804088]]]},"properties":{"GID_0":"IDN","NAME_0":"Indonesia","GID_1":"IDN.32_1","NAME_1":"Sumatera Utara","NL_NAME_1":"","GID_2":"IDN.32.13_1","NAME_2":"Labuhanbatu","VARNAME_2":"","NL_NAME_2":"","TYPE_2":"Kabupaten","ENGTYPE_2":"Regency","CC_2":"1207","HASC_2":"ID.SU.LH"}},
  {"type":"Feature","geometry":{"type":"Polygon","coordinates":[[[99.8393631,1.79940581],[99.72792053,1.8283453],[99.69523621,1.80474079],[99.7334671,1.72411644],[99.84729767,1.63740873],[99.91413879,1.71410298],[99.95196533,1.62592447],[100.00439453,1.64152861],[100.07659912,1.72172904],[100.23342133,1.5513891],[100.31678009,1.47608316],[100.37678528,1.45534277],[100.42250061,1.52568078],[100.40342712,1.62401104],[100.41582489,1.68993151],[100.33966827,1.71247244],[100.35375214,1.78219712],[100.29615784,1.79122806],[100.2815094,1.86510766],[100.31439972,1.90961313],[100.3155365,2.05241227],[100.36506653,2.21023178],[100.21310425,2.20963311],[100.13517761,2.19096208],[100.09729004,2.11460376],[100.04452515,2.08547974],[100.05727386,1.97994912],[100.03093719,1.9351635],[99.93030548,1.96917748],[99.85642242,1.90584946],[99.8393631,1.79940581]]]},"properties":{"GID_0":"IDN","NAME_0":"Indonesia","GID_1":"IDN.32_1","NAME_1":"Sumatera Utara","NL_NAME_1":"","GID_2":"IDN.32.11_1","NAME_2":"Labuhanbatu Selatan","VARNAME_2":"","NL_NAME_2":"","TYPE_2":"Kabupaten","ENGTYPE_2":"Regency","CC_2":"1222","HASC_2":"ID.SU.LS"}},
  {"type":"Feature","geometry":{"type":"Polygon","coordinates":[[[99.66189575,2.03804088],[99.7662735,2.13785958],[99.77391052,2.18177366],[99.89870453,2.181252],[99.96359253,2.20294881],[99.93332672,2.2620492],[100.02288818,2.46148109],[100.07453918,2.54471612],[100.04923248,2.73566651],[99.99087524,2.75462985],[99.98469543,2.8526957],[99.86717987,2.73004341],[99.697052,2.58696485],[99.60879517,2.57517219],[99.5595932,2.60472393],[99.46120453,2.55081892],[99.42073822,2.45861721],[99.50308228,2.39527535],[99.54930115,2.30736232],[99.53699493,2.24809003],[99.41564941,2.21088767],[99.39391327,2.16607928],[99.45948792,2.12626147],[99.51312256,2.12181687],[99.56583405,2.02952051],[99.66189575,2.03804088]]]},"properties":{"GID_0":"IDN","NAME_0":"Indonesia","GID_1":"IDN.32_1","NAME_1":"Sumatera Utara","NL_NAME_1":"","GID_2":"IDN.32.12_1","NAME_2":"Labuhanbatu Utara","VARNAME_2":"","NL_NAME_2":"","TYPE_2":"Kabupaten","ENGTYPE_2":"Regency","CC_2":"1223","HASC_2":"ID.SU.LU"}},
  {"type":"Feature","geometry":{"type":"Polygon","coordinates":[[[98.02889252,3.33101463],[98.09907532,3.31401134],[98.11730957,3.27069378],[98.20094299,3.2775445],[98.29763031,3.22926283],[98.39929962,3.24958062],[98.46560669,3.23041296],[98.50946808,3.3084507],[98.49557495,3.39080381],[98.51396942,3.50192523],[98.50080872,3.56948757],[98.50145721,3.67250896],[98.53173065,3.78654814],[98.66075897,3.90781331],[98.58304596,3.92430162],[98.53027344,4.0152669],[98.43439484,4.04105997],[98.38859558,4.0777607],[98.31742859,4.07302523],[98.24915314,4.13044834],[98.25143433,4.28873158],[98.15400696,4.28908443],[98.07925415,4.25933361],[98.0295639,3.98061681],[97.90848541,3.90932488],[97.92151642,3.84350204],[97.82460785,3.74952602],[97.86825562,3.57103205],[97.94976807,3.47281694],[97.94998169,3.38894367],[98.02889252,3.33101463]]]},"properties":{"GID_0":"IDN","NAME_0":"Indonesia","GID_1":"IDN.32_1","NAME_1":"Sumatera Utara","NL_NAME_1":"","GID_2":"IDN.32.15_1","NAME_2":"Langkat","VARNAME_2":"","NL_NAME_2":"","TYPE_2":"Kabupaten","ENGTYPE_2":"Regency","CC_2":"1213","HASC_2":"ID.SU.LA"}},
  {"type":"Feature","geometry":{"type":"Polygon","coordinates":[[[99.82032776,0.46052086],[99.90794373,0.47247952],[99.96468353,0.54583728],[99.92037964,0.60544461],[99.91213989,0.67823368],[99.83087158,0.69621718],[99.84093475,0.81767744],[99.75940704,0.86151302],[99.68874359,0.93325788],[99.64044952,0.91996592],[99.56839752,1.06508493],[99.50988007,1.13092124],[99.44350433,1.11188149],[99.43941498,0.97582817],[99.31116486,1.0480417],[99.21903992,1.04831207],[99.19901276,1.09040833],[99.1173172,1.10750425],[99.1386261,1.15920067],[99.07060242,1.19019842],[99.02971649,1.27226543],[98.95256805,1.32804501],[98.84400177,1.29730844],[98.91291046,1.11652827],[98.92790222,1.04420185],[99.01287842,0.82373047],[99.05792236,0.73931885],[99.04987335,0.62255168],[99.08717346,0.61793393],[99.13964081,0.41720125],[99.10888672,0.34588623],[99.19258881,0.2697655],[99.24868774,0.33251008],[99.31737518,0.33464625],[99.36611938,0.43140352],[99.46873474,0.52361512],[99.57476807,0.50949639],[99.63830566,0.5469647],[99.68280792,0.46919212],[99.82032776,0.46052086]]]},"properties":{"GID_0":"IDN","NAME_0":"Indonesia","GID_1":"IDN.32_1","NAME_1":"Sumatera Utara","NL_NAME_1":"","GID_2":"IDN.32.16_1","NAME_2":"Mandailing Natal","VARNAME_2":"","NL_NAME_2":"","TYPE_2":"Kabupaten","ENGTYPE_2":"Regency","CC_2":"1202","HASC_2":"ID.SU.MN"}},
  {"type":"Feature","geometry":{"type":"MultiPolygon","coordinates":[[[[97.5861969,1.12043273],[97.55531311,1.28254521],[97.51022339,1.27448404],[97.48900604,1.15332246],[97.5861969,1.12043273]]],[[[97.61279297,1.03021717],[97.85718536,0.88460267],[97.90175629,0.88459331],[97.94631958,0.95362276],[97.91919708,1.02568996],[97.87268066,1.05230713],[97.81170654,1.13918722],[97.69019318,1.17849612],[97.64727783,1.10044193],[97.61279297,1.03021717]]]]},"properties":{"GID_0":"IDN","NAME_0":"Indonesia","GID_1":"IDN.32_1","NAME_1":"Sumatera Utara","NL_NAME_1":"","GID_2":"IDN.32.20_1","NAME_2":"Nias","VARNAME_2":"","NL_NAME_2":"","TYPE_2":"Kabupaten","ENGTYPE_2":"Regency","CC_2":"1201","HASC_2":"ID.SU.NA"}},
  {"type":"Feature","geometry":{"type":"Polygon","coordinates":[[[97.54478455,0.88715488],[97.55204773,1.00068116],[97.61279297,1.03021717],[97.64727783,1.10044193],[97.5861969,1.12043273],[97.48900604,1.15332246],[97.43227386,1.09148097],[97.36945343,1.07876515],[97.409729,0.94873047],[97.48391724,0.93911391],[97.54478455,0.88715488]]]},"properties":{"GID_0":"IDN","NAME_0":"Indonesia","GID_1":"IDN.32_1","NAME_1":"Sumatera Utara","NL_NAME_1":"","GID_2":"IDN.32.17_1","NAME_2":"Nias Barat","VARNAME_2":"","NL_NAME_2":"","TYPE_2":"Kabupaten","ENGTYPE_2":"Regency","CC_2":"1225","HASC_2":"ID.SU.NB"}},
  {"type":"Feature","geometry":{"type":"MultiPolygon","coordinates":[[[[98.50624084,-0.55456078],[98.50583649,-0.39663845],[98.49062347,-0.30138367],[98.38387299,-0.3425647],[98.376091,-0.45793697],[98.34522247,-0.5188669],[98.39774323,-0.56544954],[98.50624084,-0.55456078]]],[[[98.62249756,0.08421403],[98.75458527,0.07380228],[98.8423233,0.13460428],[98.79405212,0.17242528],[98.72022247,0.1578225],[98.56661987,0.17361829],[98.53713989,0.10120834],[98.62249756,0.08421403]]],[[[98.54689026,-0.3420077],[98.57324982,-0.27982938],[98.4937439,-0.21000051],[98.47068787,-0.09450516],[98.40303802,-0.00535516],[98.3337326,-0.00224339],[98.4331131,-0.20652762],[98.54689026,-0.3420077]]],[[[97.54478455,0.88715488],[97.63304901,0.79749942],[97.69561768,0.61723614],[97.74404907,0.55370611],[97.80665588,0.55207002],[97.90019989,0.62995112],[97.89082336,0.76684999],[97.90175629,0.88459331],[97.85718536,0.88460267],[97.61279297,1.03021717],[97.55204773,1.00068116],[97.54478455,0.88715488]]]]},"properties":{"GID_0":"IDN","NAME_0":"Indonesia","GID_1":"IDN.32_1","NAME_1":"Sumatera Utara","NL_NAME_1":"","GID_2":"IDN.32.18_1","NAME_2":"Nias Selatan","VARNAME_2":"","NL_NAME_2":"","TYPE_2":"Kabupaten","ENGTYPE_2":"Regency","CC_2":"1214","HASC_2":"ID.SU.NS"}},
  {"type":"Feature","geometry":{"type":"Polygon","coordinates":[[[97.36945343,1.07876515],[97.43227386,1.09148097],[97.48900604,1.15332246],[97.51022339,1.27448404],[97.47077942,1.34684265],[97.52125549,1.42344832],[97.42227173,1.51784384],[97.24291992,1.40887451],[97.11352539,1.41827393],[97.21209717,1.27252197],[97.24492645,1.26116371],[97.36945343,1.07876515]]]},"properties":{"GID_0":"IDN","NAME_0":"Indonesia","GID_1":"IDN.32_1","NAME_1":"Sumatera Utara","NL_NAME_1":"","GID_2":"IDN.32.19_1","NAME_2":"Nias Utara","VARNAME_2":"","NL_NAME_2":"","TYPE_2":"Kabupaten","ENGTYPE_2":"Regency","CC_2":"1224","HASC_2":"ID.SU.NU"}},
  {"type":"Feature","geometry":{"type":"Polygon","coordinates":[[[100.18372345,0.7641837],[100.12425995,0.81648833],[100.16252899,1.00222135],[100.12123871,1.06804693],[100.16441345,1.13666201],[100.02536011,1.35691619],[99.95433044,1.36757386],[99.92092896,1.51795959],[99.89746094,1.54870439],[99.62612152,1.31502604],[99.42116547,1.23058748],[99.43499756,1.18163955],[99.50988007,1.13092124],[99.56839752,1.06508493],[99.64044952,0.91996592],[99.68874359,0.93325788],[99.75940704,0.86151302],[99.84093475,0.81767744],[99.87155151,0.90738916],[99.95168304,0.87933403],[100.0743866,0.80121291],[100.18372345,0.7641837]]]},"properties":{"GID_0":"IDN","NAME_0":"Indonesia","GID_1":"IDN.32_1","NAME_1":"Sumatera Utara","NL_NAME_1":"","GID_2":"IDN.32.22_1","NAME_2":"Padang Lawas","VARNAME_2":"","NL_NAME_2":"","TYPE_2":"Kabupaten","ENGTYPE_2":"Regency","CC_2":"1221","HASC_2":"ID.SU.PL"}},
  {"type":"Feature","geometry":{"type":"Polygon","coordinates":[[[100.02536011,1.35691619],[100.04162598,1.39204013],[100.20105743,1.39886487],[100.33358765,1.43341184],[100.31678009,1.47608316],[100.23342133,1.5513891],[100.07659912,1.72172904],[100.00439453,1.64152861],[99.95196533,1.62592447],[99.91413879,1.71410298],[99.84729767,1.63740873],[99.7334671,1.72411644],[99.69523621,1.80474079],[99.72792053,1.8283453],[99.8393631,1.79940581],[99.84650421,2.01666641],[99.79137421,2.02471471],[99.69062805,1.96964025],[99.66189575,2.03804088],[99.56583405,2.02952051],[99.54493713,1.95383954],[99.57079315,1.8105185],[99.5195694,1.72848749],[99.43538666,1.65389264],[99.4541626,1.59272242],[99.40285492,1.48165464],[99.39979553,1.41361952],[99.34667206,1.4074266],[99.41900635,1.27875352],[99.42116547,1.23058748],[99.62612152,1.31502604],[99.89746094,1.54870439],[99.92092896,1.51795959],[99.95433044,1.36757386],[100.02536011,1.35691619]]]},"properties":{"GID_0":"IDN","NAME_0":"Indonesia","GID_1":"IDN.32_1","NAME_1":"Sumatera Utara","NL_NAME_1":"","GID_2":"IDN.32.21_1","NAME_2":"Padang Lawas Utara","VARNAME_2":"","NL_NAME_2":"","TYPE_2":"Kabupaten","ENGTYPE_2":"Regency","CC_2":"1220","HASC_2":"ID.SU.PU"}},
  {"type":"Feature","geometry":{"type":"Polygon","coordinates":[[[99.32546234,1.30886757],[99.29875946,1.46667469],[99.22521973,1.4531579],[99.22885132,1.39537072],[99.32546234,1.30886757]]]},"properties":{"GID_0":"IDN","NAME_0":"Indonesia","GID_1":"IDN.32_1","NAME_1":"Sumatera Utara","NL_NAME_1":"","GID_2":"IDN.32.23_1","NAME_2":"Padangsidimpuan","VARNAME_2":"","NL_NAME_2":"","TYPE_2":"Kota","ENGTYPE_2":"City","CC_2":"1277","HASC_2":"ID.SU.PD"}},
  {"type":"Feature","geometry":{"type":"Polygon","coordinates":[[[98.07876587,2.58311844],[98.0826416,2.51239157],[98.14846802,2.42126298],[98.19696808,2.31126761],[98.25274658,2.2761066],[98.28752136,2.33633995],[98.28739929,2.41439962],[98.41506195,2.48033428],[98.46685028,2.55282116],[98.41991425,2.63798213],[98.32862854,2.69690895],[98.25130463,2.70834088],[98.11691284,2.78503966],[98.0697403,2.76324797],[98.10399628,2.68213248],[98.07876587,2.58311844]]]},"properties":{"GID_0":"IDN","NAME_0":"Indonesia","GID_1":"IDN.32_1","NAME_1":"Sumatera Utara","NL_NAME_1":"","GID_2":"IDN.32.24_1","NAME_2":"Pakpak Barat","VARNAME_2":"","NL_NAME_2":"","TYPE_2":"Kabupaten","ENGTYPE_2":"Regency","CC_2":"1216","HASC_2":"ID.SU.PB"}},
  {"type":"Feature","geometry":{"type":"Polygon","coordinates":[[[99.01716614,2.89321899],[99.0898056,2.9343853],[99.09234619,3.01054978],[99.0207901,2.98124027],[99.01716614,2.89321899]]]},"properties":{"GID_0":"IDN","NAME_0":"Indonesia","GID_1":"IDN.32_1","NAME_1":"Sumatera Utara","NL_NAME_1":"","GID_2":"IDN.32.25_1","NAME_2":"Pematangsiantar","VARNAME_2":"","NL_NAME_2":"","TYPE_2":"Kota","ENGTYPE_2":"City","CC_2":"1273","HASC_2":"ID.SU.PS"}},
  {"type":"Feature","geometry":{"type":"MultiPolygon","coordinates":[[[[98.88569641,2.43322444],[98.97964478,2.45413256],[98.97234344,2.5105536],[98.9076767,2.56535459],[98.88819885,2.62204289],[98.79690552,2.73239326],[98.69623566,2.730299],[98.68909454,2.61500955],[98.72517395,2.5362401],[98.88569641,2.43322444]]],[[[98.41506195,2.48033428],[98.47371674,2.46459508],[98.58184052,2.48657489],[98.6595459,2.42582011],[98.7519989,2.43806314],[98.83537292,2.3555007],[98.80752563,2.42857575],[98.7352829,2.52232909],[98.6640625,2.56294417],[98.67262268,2.62678266],[98.57887268,2.73535442],[98.55407715,2.5836792],[98.46685028,2.55282116],[98.41506195,2.48033428]]]]},"properties":{"GID_0":"IDN","NAME_0":"Indonesia","GID_1":"IDN.32_1","NAME_1":"Sumatera Utara","NL_NAME_1":"","GID_2":"IDN.32.26_1","NAME_2":"Samosir","VARNAME_2":"","NL_NAME_2":"","TYPE_2":"Kabupaten","ENGTYPE_2":"Regency","CC_2":"1217","HASC_2":"ID.SU.SA"}},
  {"type":"Feature","geometry":{"type":"Polygon","coordinates":[[[98.74806976,3.21839237],[98.84068298,3.22237372],[98.86794281,3.26149845],[98.99901581,3.20620537],[98.96485901,3.14375091],[99.04638672,3.11781216],[99.15721893,3.16716695],[99.20796204,3.22357488],[99.2352066,3.25238156],[99.3152771,3.44395781],[99.22606659,3.51900339],[98.94249725,3.67489195],[98.91880035,3.59995127],[98.93682861,3.51451945],[98.91235352,3.35793495],[98.79605865,3.29835415],[98.74806976,3.21839237]],[[99.16002655,3.37087703],[99.18183136,3.30643177],[99.13214111,3.30784678],[99.16002655,3.37087703]]]},"properties":{"GID_0":"IDN","NAME_0":"Indonesia","GID_1":"IDN.32_1","NAME_1":"Sumatera Utara","NL_NAME_1":"","GID_2":"IDN.32.27_1","NAME_2":"Serdang Bedagai","VARNAME_2":"","NL_NAME_2":"","TYPE_2":"Kabupaten","ENGTYPE_2":"Regency","CC_2":"1218","HASC_2":"ID.SU.SD"}},
  {"type":"Feature","geometry":{"type":"Polygon","coordinates":[[[98.79623413,1.72164917],[98.7927475,1.75114155],[98.7687149,1.75638211],[98.79623413,1.72164917]]]},"properties":{"GID_0":"IDN","NAME_0":"Indonesia","GID_1":"IDN.32_1","NAME_1":"Sumatera Utara","NL_NAME_1":"","GID_2":"IDN.32.28_1","NAME_2":"Sibolga","VARNAME_2":"","NL_NAME_2":"","TYPE_2":"Kota","ENGTYPE_2":"City","CC_2":"1271","HASC_2":"ID.SU.SB"}},
  {"type":"Feature","geometry":{"type":"Polygon","coordinates":[[[98.94096375,2.65563536],[98.97478485,2.60256863],[99.04232025,2.63367319],[99.07410431,2.60463619],[99.07407379,2.64436173],[99.24832153,2.81251836],[99.26561737,2.86049199],[99.37641907,2.88566351],[99.44038391,2.92926908],[99.561203,3.07015562],[99.54653168,3.09819174],[99.421875,3.14672422],[99.3975296,3.22312021],[99.30863953,3.29975033],[99.20796204,3.22357488],[99.15721893,3.16716695],[99.04638672,3.11781216],[98.96485901,3.14375091],[98.99901581,3.20620537],[98.86794281,3.26149845],[98.84068298,3.22237372],[98.74806976,3.21839237],[98.70578003,3.06375289],[98.62726593,3.06246209],[98.60529327,3.10405636],[98.55702209,3.02794099],[98.54914856,2.89116192],[98.69184113,2.85074401],[98.79247284,2.79294205],[98.94096375,2.65563536]],[[99.01716614,2.89321899],[99.0207901,2.98124027],[99.09234619,3.01054978],[99.0898056,2.9343853],[99.01716614,2.89321899]]]},"properties":{"GID_0":"IDN","NAME_0":"Indonesia","GID_1":"IDN.32_1","NAME_1":"Sumatera Utara","NL_NAME_1":"","GID_2":"IDN.32.29_1","NAME_2":"Simalungun","VARNAME_2":"","NL_NAME_2":"","TYPE_2":"Kabupaten","ENGTYPE_2":"Regency","CC_2":"1209","HASC_2":"ID.SU.SM"}},
  {"type":"Feature","geometry":{"type":"Polygon","coordinates":[[[98.84400177,1.29730844],[98.95256805,1.32804501],[99.02971649,1.27226543],[99.07060242,1.19019842],[99.1386261,1.15920067],[99.1173172,1.10750425],[99.19901276,1.09040833],[99.21903992,1.04831207],[99.31116486,1.0480417],[99.43941498,0.97582817],[99.44350433,1.11188149],[99.50988007,1.13092124],[99.43499756,1.18163955],[99.42116547,1.23058748],[99.41900635,1.27875352],[99.34667206,1.4074266],[99.39979553,1.41361952],[99.40285492,1.48165464],[99.4541626,1.59272242],[99.43538666,1.65389264],[99.5195694,1.72848749],[99.57079315,1.8105185],[99.54493713,1.95383954],[99.56583405,2.02952051],[99.51312256,2.12181687],[99.45948792,2.12626147],[99.45456696,1.95166445],[99.36444092,1.93664968],[99.34658051,1.85353243],[99.21765137,1.69713378],[99.11871338,1.64846528],[99.06182098,1.69916546],[99.05741882,1.64421058],[98.98839569,1.5138005],[98.98825836,1.45421541],[98.92791748,1.43643463],[98.85462952,1.46624053],[98.77967834,1.43157291],[98.83525848,1.35823488],[98.84400177,1.29730844]],[[99.32546234,1.30886757],[99.22885132,1.39537072],[99.22521973,1.4531579],[99.29875946,1.46667469],[99.32546234,1.30886757]]]},"properties":{"GID_0":"IDN","NAME_0":"Indonesia","GID_1":"IDN.32_1","NAME_1":"Sumatera Utara","NL_NAME_1":"","GID_2":"IDN.32.30_1","NAME_2":"Tapanuli Selatan","VARNAME_2":"","NL_NAME_2":"","TYPE_2":"Kabupaten","ENGTYPE_2":"Regency","CC_2":"1203","HASC_2":"ID.SU.TP"}},
  {"type":"Feature","geometry":{"type":"MultiPolygon","coordinates":[[[[98.47277069,1.7029593],[98.44385529,1.65130866],[98.56376648,1.61518836],[98.56002045,1.67809856],[98.47277069,1.7029593]]],[[[98.77967834,1.43157291],[98.85462952,1.46624053],[98.92791748,1.43643463],[98.98825836,1.45421541],[98.98839569,1.5138005],[99.05741882,1.64421058],[99.06182098,1.69916546],[98.96955109,1.67836022],[98.98868561,1.76087797],[98.89177704,1.75440943],[98.813797,1.88622808],[98.79942322,1.96009302],[98.72549438,1.95873499],[98.68704987,2.01831698],[98.60636902,2.02257919],[98.55393982,2.0740397],[98.38626862,2.11853194],[98.2754364,2.1880002],[98.25274658,2.2761066],[98.19696808,2.31126761],[98.13165283,2.16506815],[98.30786133,2.03338742],[98.4469986,1.99965668],[98.60688782,1.83921516],[98.67253876,1.74604034],[98.72315979,1.71580327],[98.7687149,1.75638211],[98.7927475,1.75114155],[98.79623413,1.72164917],[98.83805847,1.64773238],[98.77508545,1.55768907],[98.77967834,1.43157291]]]]},"properties":{"GID_0":"IDN","NAME_0":"Indonesia","GID_1":"IDN.32_1","NAME_1":"Sumatera Utara","NL_NAME_1":"","GID_2":"IDN.32.31_1","NAME_2":"Tapanuli Tengah","VARNAME_2":"","NL_NAME_2":"","TYPE_2":"Kabupaten","ENGTYPE_2":"Regency","CC_2":"1204","HASC_2":"ID.SU.TT"}},
  {"type":"Feature","geometry":{"type":"Polygon","coordinates":[[[99.06182098,1.69916546],[99.11871338,1.64846528],[99.21765137,1.69713378],[99.34658051,1.85353243],[99.36444092,1.93664968],[99.45456696,1.95166445],[99.45948792,2.12626147],[99.39391327,2.16607928],[99.27754974,2.11444998],[99.21965027,2.1650815],[99.19877625,2.23091745],[99.06698608,2.27225733],[99.00536346,2.26811838],[98.98927307,2.33687592],[98.94482422,2.35973477],[98.85762024,2.33545136],[98.95387268,2.32128716],[98.92845917,2.23357296],[98.81105042,2.18813109],[98.72537231,2.11475325],[98.68704987,2.01831698],[98.72549438,1.95873499],[98.79942322,1.96009302],[98.813797,1.88622808],[98.89177704,1.75440943],[98.98868561,1.76087797],[98.96955109,1.67836022],[99.06182098,1.69916546]]]},"properties":{"GID_0":"IDN","NAME_0":"Indonesia","GID_1":"IDN.32_1","NAME_1":"Sumatera Utara","NL_NAME_1":"","GID_2":"IDN.32.32_1","NAME_2":"Tapanuli Utara","VARNAME_2":"","NL_NAME_2":"","TYPE_2":"Kabupaten","ENGTYPE_2":"Regency","CC_2":"1205","HASC_2":"ID.SU.TU"}},
  {"type":"Feature","geometry":{"type":"Polygon","coordinates":[[[99.16002655,3.37087703],[99.13214111,3.30784678],[99.18183136,3.30643177],[99.16002655,3.37087703]]]},"properties":{"GID_0":"IDN","NAME_0":"Indonesia","GID_1":"IDN.32_1","NAME_1":"Sumatera Utara","NL_NAME_1":"","GID_2":"IDN.32.33_1","NAME_2":"Tebingtinggi","VARNAME_2":"","NL_NAME_2":"","TYPE_2":"Kota","ENGTYPE_2":"City","CC_2":"1274","HASC_2":"ID.SU.TG"}},
  {"type":"Feature","geometry":{"type":"Polygon","coordinates":[[[98.98927307,2.33687592],[99.00536346,2.26811838],[99.06698608,2.27225733],[99.19877625,2.23091745],[99.21965027,2.1650815],[99.27754974,2.11444998],[99.39391327,2.16607928],[99.41564941,2.21088767],[99.53699493,2.24809003],[99.54930115,2.30736232],[99.50308228,2.39527535],[99.42073822,2.45861721],[99.46120453,2.55081892],[99.30853271,2.57410622],[99.25324249,2.53986192],[99.07410431,2.60463619],[99.04232025,2.63367319],[98.97478485,2.60256863],[98.94096375,2.65563536],[98.92549133,2.58421612],[99.00417328,2.5425179],[99.04834747,2.48903966],[99.04833984,2.39558387],[99.11512756,2.4186523],[99.14753723,2.38464403],[99.05754852,2.33502126],[98.98927307,2.33687592]]]},"properties":{"GID_0":"IDN","NAME_0":"Indonesia","GID_1":"IDN.32_1","NAME_1":"Sumatera Utara","NL_NAME_1":"","GID_2":"IDN.32.34_1","NAME_2":"Toba Samosir","VARNAME_2":"","NL_NAME_2":"","TYPE_2":"Kabupaten","ENGTYPE_2":"Regency","CC_2":"1206","HASC_2":"ID.SU.TR"}},
  {"type":"Feature","geometry":{"type":"Polygon","coordinates":[[[110.3400116,-8.02804661],[110.3664093,-7.97463322],[110.49347687,-7.93139887],[110.46754456,-7.86670828],[110.51951599,-7.83097363],[110.42156982,-7.82138109],[110.39711761,-7.78828955],[110.40490723,-7.83096409],[110.35182953,-7.82572556],[110.35102844,-7.76822138],[110.31698608,-7.81988764],[110.23342896,-7.81499577],[110.27265167,-7.89090681],[110.20529938,-7.98387527],[110.3400116,-8.02804661]]]},"properties":{"GID_0":"IDN","NAME_0":"Indonesia","GID_1":"IDN.33_1","NAME_1":"Yogyakarta","NL_NAME_1":"","GID_2":"IDN.33.1_1","NAME_2":"Bantul","VARNAME_2":"","NL_NAME_2":"","TYPE_2":"Kabupaten","ENGTYPE_2":"Regency","CC_2":"3402","HASC_2":"ID.YO.BA"}},
  {"type":"Feature","geometry":{"type":"Polygon","coordinates":[[[110.3400116,-8.02804661],[110.37516785,-8.07158089],[110.60702515,-8.1469574],[110.71813202,-8.19950962],[110.82982635,-8.20141983],[110.79019165,-8.15830421],[110.76833344,-7.98016405],[110.78567505,-7.81668663],[110.71260071,-7.79273224],[110.54395294,-7.79377174],[110.51951599,-7.83097363],[110.46754456,-7.86670828],[110.49347687,-7.93139887],[110.3664093,-7.97463322],[110.3400116,-8.02804661]]]},"properties":{"GID_0":"IDN","NAME_0":"Indonesia","GID_1":"IDN.33_1","NAME_1":"Yogyakarta","NL_NAME_1":"","GID_2":"IDN.33.2_1","NAME_2":"Gunung Kidul","VARNAME_2":"","NL_NAME_2":"","TYPE_2":"Kabupaten","ENGTYPE_2":"Regency","CC_2":"3403","HASC_2":"ID.YO.GK"}},
  {"type":"Feature","geometry":{"type":"Polygon","coordinates":[[[110.35102844,-7.76822138],[110.35182953,-7.82572556],[110.40490723,-7.83096409],[110.39711761,-7.78828955],[110.35102844,-7.76822138]]]},"properties":{"GID_0":"IDN","NAME_0":"Indonesia","GID_1":"IDN.33_1","NAME_1":"Yogyakarta","NL_NAME_1":"","GID_2":"IDN.33.3_1","NAME_2":"Kota Yogyakarta","VARNAME_2":"","NL_NAME_2":"","TYPE_2":"Kota","ENGTYPE_2":"City","CC_2":"3471","HASC_2":"ID.YO.YO"}},
  {"type":"Feature","geometry":{"type":"Polygon","coordinates":[[[110.20529938,-7.98387527],[110.27265167,-7.89090681],[110.23342896,-7.81499577],[110.21648407,-7.73831654],[110.27041626,-7.70567083],[110.24279785,-7.65315294],[110.14179993,-7.64496136],[110.11270142,-7.77691126],[110.06269073,-7.8139739],[110.01966095,-7.89167404],[110.20529938,-7.98387527]]]},"properties":{"GID_0":"IDN","NAME_0":"Indonesia","GID_1":"IDN.33_1","NAME_1":"Yogyakarta","NL_NAME_1":"","GID_2":"IDN.33.4_1","NAME_2":"Kulon Progo","VARNAME_2":"","NL_NAME_2":"","TYPE_2":"Kabupaten","ENGTYPE_2":"Regency","CC_2":"3401","HASC_2":"ID.YO.KP"}},
  {"type":"Feature","geometry":{"type":"Polygon","coordinates":[[[110.51951599,-7.83097363],[110.54395294,-7.79377174],[110.49180603,-7.7421093],[110.44610596,-7.54184151],[110.30410767,-7.65489244],[110.27041626,-7.70567083],[110.21648407,-7.73831654],[110.23342896,-7.81499577],[110.31698608,-7.81988764],[110.35102844,-7.76822138],[110.39711761,-7.78828955],[110.42156982,-7.82138109],[110.51951599,-7.83097363]]]},"properties":{"GID_0":"IDN","NAME_0":"Indonesia","GID_1":"IDN.33_1","NAME_1":"Yogyakarta","NL_NAME_1":"","GID_2":"IDN.33.5_1","NAME_2":"Sleman","VARNAME_2":"","NL_NAME_2":"","TYPE_2":"Kabupaten","ENGTYPE_2":"Regency","CC_2":"3404","HASC_2":"ID.YO.SL"}}
  ]}