{"type":"FeatureCollection", "features": [
    {"type":"Feature","geometry":{"type":"MultiPolygon","coordinates":[[[[117.6272,-8.5064],[117.6245,-8.44271],[117.5649,-8.40792],[117.4425,-8.40256],[117.39,-8.47539],[117.2359,-8.40081],[117.1216,-8.37079],[117.0946,-8.4171],[116.9356,-8.52108],[116.831,-8.54152],[116.7814,-8.59762],[116.7527,-8.67578],[116.7648,-8.74296],[116.8032,-8.79202],[116.7335,-8.87307],[116.7278,-8.98057],[116.7943,-9.04135],[116.8858,-9.06688],[116.9575,-9.06298],[117.0162,-9.11278],[117.1348,-9.08871],[117.206,-9.02215],[117.3334,-9.05713],[117.4106,-9.05105],[117.5918,-8.98328],[117.6781,-8.92221],[117.8884,-8.92488],[117.9719,-8.89648],[117.994,-8.85823],[118.0707,-8.84253],[118.1125,-8.88099],[118.1936,-8.83756],[118.2689,-8.74803],[118.4147,-8.64578],[118.4155,-8.7207],[118.3683,-8.76699],[118.368,-8.84007],[118.4338,-8.88751],[118.5264,-8.87052],[118.6678,-8.8026],[118.7604,-8.79343],[118.823,-8.83576],[118.9095,-8.84041],[118.952,-8.80798],[118.9111,-8.7657],[118.7364,-8.75995],[118.7487,-8.69728],[118.8719,-8.72035],[118.9094,-8.67704],[118.9733,-8.74543],[119.0251,-8.73356],[119.136,-8.7498],[119.1626,-8.63554],[119.0402,-8.64027],[119.0193,-8.52801],[119.058,-8.5075],[119.0554,-8.44954],[118.9956,-8.37304],[119.0086,-8.3121],[118.8935,-8.28139],[118.8045,-8.28351],[118.7351,-8.33774],[118.7031,-8.40608],[118.7134,-8.49515],[118.666,-8.49455],[118.696,-8.43382],[118.6959,-8.3531],[118.6543,-8.28915],[118.4821,-8.24431],[118.3766,-8.30573],[118.3065,-8.37104],[118.2371,-8.34483],[118.1403,-8.20128],[118.1397,-8.13938],[118.0027,-8.09299],[117.923,-8.08018],[117.8297,-8.12762],[117.7187,-8.16267],[117.69,-8.23815],[117.8264,-8.36613],[117.9755,-8.46654],[118.0745,-8.45144],[118.0921,-8.49019],[118.2602,-8.58876],[118.2592,-8.65611],[118.1907,-8.67446],[118.1307,-8.65005],[118.042,-8.66336],[117.9643,-8.74235],[117.8649,-8.69836],[117.7706,-8.71411],[117.7339,-8.56494],[117.6347,-8.5577],[117.6272,-8.5064]]],[[[116.3869,-8.95521],[116.3951,-8.86296],[116.475,-8.82107],[116.4524,-8.89981],[116.4771,-8.92124],[116.5681,-8.89245],[116.5104,-8.78135],[116.5379,-8.76436],[116.6227,-8.60767],[116.6654,-8.55788],[116.6622,-8.48923],[116.7078,-8.44609],[116.7153,-8.35162],[116.6502,-8.2903],[116.6033,-8.28462],[116.4473,-8.2233],[116.37,-8.2136],[116.2819,-8.25297],[116.1331,-8.39276],[116.058,-8.44775],[116.0939,-8.52486],[116.0982,-8.66515],[116.0682,-8.72393],[116.0066,-8.73022],[115.913,-8.77189],[115.852,-8.71975],[115.8193,-8.74502],[115.833,-8.7992],[115.9412,-8.83306],[116.0229,-8.90188],[116.1736,-8.86446],[116.1917,-8.91269],[116.3737,-8.90937],[116.3869,-8.95521]]],[[[117.5764,-8.1487],[117.4797,-8.19131],[117.478,-8.25889],[117.509,-8.27402],[117.4692,-8.35647],[117.5289,-8.39122],[117.6109,-8.23826],[117.6882,-8.17372],[117.6696,-8.15196],[117.5764,-8.1487]]],[[[119.0875,-8.12935],[119.0052,-8.17625],[119.0052,-8.23024],[119.0524,-8.26051],[119.1206,-8.22137],[119.1209,-8.16271],[119.0875,-8.12935]]]]},"properties":{"ID":2,"kode":52,"Propinsi":"NUSATENGGARA BARAT","SUMBER":"Peta Dasar BAKOSURTANAL Skala 1 : 250.000"},"id":52},
    {"type":"Feature","geometry":{"type":"Polygon","coordinates":[[[122.188141,1.045298],[122.067818,0.997213],[121.993927,0.94102],[121.968292,0.894658],[121.882187,0.9727],[121.754608,0.926077],[121.499672,0.850688],[121.386032,0.870693],[121.294579,0.82408],[121.225578,0.708211],[121.168579,0.690562],[121.247383,0.597502],[121.35453,0.571319],[121.345665,0.474487],[121.45018,0.468869],[121.528786,0.49727],[121.534134,0.550474],[121.717461,0.521079],[121.814293,0.414142],[121.876221,0.44692],[121.949081,0.445606],[122.138397,0.491899],[122.177422,0.471345],[122.280655,0.475349],[122.406532,0.518997],[122.423508,0.502104],[122.712585,0.478211],[122.836777,0.495058],[123.000008,0.484606],[123.071152,0.510825],[123.165573,0.404253],[123.269981,0.325868],[123.343658,0.309153],[123.465736,0.330308],[123.51918,0.449638],[123.527229,0.57175],[123.494171,0.636227],[123.368813,0.661965],[123.257477,0.749624],[123.240799,0.83596],[123.1465,0.881753],[123.117294,0.92862],[123.088364,0.911231],[122.989319,0.968382],[122.948494,0.965814],[122.925346,0.861357],[122.847275,0.816487],[122.653801,0.949849],[122.494095,0.990939],[122.4674,1.025363],[122.375313,0.997158],[122.226273,1.00335],[122.188141,1.045298]],[[122.957306,0.584448],[123.007317,0.617577],[123.020927,0.563377],[122.957306,0.584448]]]},"properties":{"ID":3,"kode":75,"Propinsi":"GORONTALO","SUMBER":"Peta Dasar BAKOSURTANAL Skala 1 : 250.000"},"id":75},
    {"type":"Feature","geometry":{"type":"MultiPolygon","coordinates":[[[[121.797012,-2.710249],[121.760185,-2.71899],[121.645721,-2.883784],[121.568336,-2.914573],[121.486954,-2.992209],[121.355957,-3.019798],[121.315308,-3.065957],[121.255768,-3.057803],[121.210396,-2.97805],[121.167259,-2.970928],[121.078339,-2.778087],[120.98423,-2.835341],[121.071167,-2.89214],[121.084557,-2.923684],[121.056152,-3.070598],[121.051331,-3.184905],[121.016693,-3.244607],[120.966698,-3.26637],[120.858788,-3.440268],[120.876328,-3.525793],[120.910744,-3.582204],[121.020912,-3.690099],[121.061172,-3.703674],[121.181694,-3.828741],[121.226234,-3.822368],[121.293785,-3.888254],[121.337173,-3.98036],[121.499374,-4.014913],[121.599144,-4.055925],[121.608521,-4.13802],[121.564728,-4.245612],[121.522499,-4.277308],[121.506104,-4.435465],[121.45945,-4.585207],[121.455299,-4.681352],[121.56263,-4.786319],[121.651039,-4.805225],[121.662598,-4.848654],[121.808197,-4.830569],[121.904724,-4.88616],[121.992233,-4.894716],[122.108398,-4.812253],[122.04731,-4.770176],[122.025444,-4.649319],[122.082832,-4.536929],[122.36808,-4.461316],[122.42131,-4.430861],[122.503342,-4.448484],[122.586288,-4.393665],[122.681007,-4.479528],[122.746147,-4.507518],[122.767426,-4.449976],[122.663979,-4.351196],[122.683952,-4.323638],[122.773346,-4.407986],[122.840179,-4.445022],[122.904427,-4.377195],[122.88662,-4.297779],[122.905563,-4.196556],[122.8918,-4.125212],[122.842255,-4.057042],[122.771515,-4.059357],[122.843758,-4.125524],[122.792816,-4.1576],[122.704361,-4.158368],[122.643234,-4.129524],[122.663445,-4.008508],[122.603531,-3.976277],[122.671906,-3.897003],[122.515129,-3.882586],[122.448067,-3.749501],[122.367409,-3.752801],[122.308617,-3.691788],[122.248512,-3.666231],[122.195618,-3.608036],[122.198738,-3.56528],[122.275734,-3.552534],[122.302132,-3.471626],[122.238159,-3.398722],[122.277771,-3.365802],[122.322395,-3.380808],[122.372299,-3.463288],[122.373749,-3.379456],[122.292755,-3.35732],[122.312798,-3.271106],[122.285965,-3.253934],[122.274086,-3.138374],[122.190437,-3.094346],[122.191582,-3.032609],[122.130539,-3.015782],[122.090057,-2.961801],[122.000359,-2.962439],[121.940231,-2.932159],[121.899376,-2.80432],[121.81871,-2.763949],[121.797012,-2.710249]]],[[[122.97496,-5.080378],[122.955971,-5.000822],[123.001671,-4.93299],[122.993774,-4.828905],[123.038658,-4.800051],[123.103752,-4.713612],[123.149704,-4.735183],[123.171539,-4.834829],[123.21109,-4.722411],[123.199295,-4.605664],[123.136269,-4.483249],[123.080978,-4.45977],[123.040962,-4.370708],[122.910202,-4.460138],[122.850807,-4.590418],[122.831207,-4.679556],[122.858742,-4.783739],[122.807869,-4.866568],[122.832375,-4.890354],[122.811577,-4.978685],[122.768929,-5.008087],[122.80249,-5.037634],[122.788528,-5.106222],[122.737282,-5.170575],[122.806274,-5.200619],[122.793892,-5.241115],[122.732628,-5.241536],[122.682716,-5.320218],[122.651276,-5.326329],[122.617264,-5.403909],[122.647797,-5.425014],[122.563545,-5.480018],[122.578278,-5.571494],[122.623024,-5.679935],[122.661079,-5.689842],[122.744087,-5.637722],[122.797371,-5.695441],[122.897095,-5.56276],[122.897339,-5.518404],[122.846359,-5.485299],[122.972809,-5.394393],[123.014626,-5.44086],[123.135201,-5.395737],[123.21479,-5.304791],[123.032532,-5.13616],[122.962776,-5.195495],[122.942909,-5.160937],[122.97496,-5.080378]]],[[[122.311989,-5.189582],[122.315941,-5.233175],[122.268753,-5.306668],[122.275864,-5.388109],[122.463638,-5.400284],[122.495522,-5.34572],[122.481499,-5.295955],[122.539757,-5.326673],[122.511826,-5.402669],[122.545418,-5.438321],[122.599274,-5.35376],[122.640091,-5.352726],[122.637917,-5.2589],[122.58609,-5.182532],[122.637512,-5.059143],[122.679199,-5.035037],[122.762848,-4.887722],[122.727425,-4.832773],[122.747383,-4.792154],[122.721161,-4.689926],[122.730896,-4.638964],[122.668556,-4.609775],[122.596466,-4.641494],[122.536934,-4.704957],[122.451523,-4.74067],[122.374245,-4.743024],[122.321449,-4.834823],[122.377975,-4.944457],[122.382103,-5.084469],[122.322166,-5.108933],[122.311989,-5.189582]]],[[[121.805817,-5.245513],[121.802193,-5.27901],[121.875435,-5.380198],[121.945465,-5.446015],[121.944969,-5.474207],[122.043472,-5.455512],[122.060753,-5.18434],[121.992439,-5.15234],[121.986343,-5.092185],[121.94725,-5.05961],[121.930122,-5.102027],[121.859879,-5.074867],[121.808357,-5.201829],[121.805817,-5.245513]]],[[[123.003357,-3.999794],[122.945335,-4.099027],[122.996155,-4.201651],[123.118874,-4.261611],[123.149765,-4.243471],[123.254288,-4.114],[123.215721,-4.022439],[123.086868,-4.022165],[123.03022,-3.981664],[123.003357,-3.999794]]],[[[123.537064,-5.338479],[123.618355,-5.385718],[123.647369,-5.299086],[123.581436,-5.249413],[123.51709,-5.270007],[123.537064,-5.338479]]],[[[124.07579,-5.99996],[124.050156,-5.91096],[123.991692,-5.87584],[123.987404,-5.965688],[124.07579,-5.99996]]],[[[123.092873,-3.570833],[123.045197,-3.594425],[123.113304,-3.638883],[123.181412,-3.602412],[123.161133,-3.560991],[123.092873,-3.570833]]],[[[123.721954,-5.477765],[123.718681,-5.512402],[123.784508,-5.591027],[123.827209,-5.571645],[123.721954,-5.477765]]],[[[123.959496,-5.727983],[123.896194,-5.737903],[123.928597,-5.776584],[123.997734,-5.768229],[123.959496,-5.727983]]],[[[122.547577,-5.634616],[122.507607,-5.62051],[122.487648,-5.661558],[122.532173,-5.690142],[122.547577,-5.634616]]],[[[122.417923,-3.397853],[122.400879,-3.439657],[122.436958,-3.505473],[122.470146,-3.466125],[122.417923,-3.397853]]],[[[123.062531,-4.839228],[123.108261,-4.845974],[123.115738,-4.797104],[123.062531,-4.839228]]]]},"properties":{"ID":4,"kode":74,"Propinsi":"SULAWESI TENGGARA","SUMBER":"Peta Dasar BAKOSURTANAL Skala 1 : 250.000"},"id":74},
    {"type":"Feature","geometry":{"type":"Polygon","coordinates":[[[110.011826,-7.886903],[110.116516,-7.927296],[110.217957,-7.985723],[110.345947,-8.028257],[110.438988,-8.095153],[110.584984,-8.139478],[110.677467,-8.182687],[110.836136,-8.202934],[110.788666,-8.154592],[110.758797,-8.030742],[110.786538,-7.818944],[110.723794,-7.791503],[110.54336,-7.798195],[110.498291,-7.745311],[110.444958,-7.536631],[110.254532,-7.683113],[110.25954,-7.645667],[110.142883,-7.645877],[110.132286,-7.741732],[110.06321,-7.813906],[110.042953,-7.89204],[110.011826,-7.886903]]]},"properties":{"ID":5,"kode":34,"Propinsi":"DAERAH ISTIMEWA YOGYAKARTA","SUMBER":"Peta Dasar BAKOSURTANAL Skala 1 : 250.000"},"id":34},
    {"type":"Feature","geometry":{"type":"MultiPolygon","coordinates":[[[[108.829338,-6.74608],[108.824615,-6.829293],[108.76516,-6.896383],[108.761101,-6.98307],[108.798622,-7.004968],[108.777687,-7.104835],[108.696854,-7.151166],[108.628929,-7.137631],[108.556373,-7.171165],[108.582017,-7.240565],[108.560766,-7.334588],[108.662295,-7.340506],[108.714968,-7.421927],[108.753132,-7.543514],[108.738433,-7.609161],[108.804252,-7.673145],[108.827862,-7.599123],[108.865476,-7.611036],[108.876058,-7.694295],[108.993577,-7.744561],[109.048995,-7.697629],[109.105467,-7.685618],[109.277812,-7.701472],[109.380403,-7.724499],[109.424683,-7.76845],[109.47419,-7.756908],[109.690193,-7.792683],[109.896675,-7.844425],[110.011826,-7.886903],[110.042953,-7.89204],[110.06321,-7.813906],[110.132286,-7.741732],[110.142883,-7.645877],[110.25954,-7.645667],[110.254532,-7.683113],[110.444958,-7.536631],[110.498291,-7.745311],[110.54336,-7.798195],[110.723794,-7.791503],[110.786538,-7.818944],[110.758797,-8.030742],[110.788666,-8.154592],[110.836136,-8.202934],[110.904457,-8.210409],[110.911171,-8.121149],[110.956131,-8.063713],[111.031685,-8.082599],[111.108658,-8.065952],[111.140442,-7.938492],[111.181503,-7.916514],[111.231346,-7.948041],[111.269707,-7.930492],[111.314003,-7.85079],[111.283073,-7.744789],[111.230736,-7.747669],[111.180164,-7.709611],[111.189209,-7.603958],[111.151654,-7.563807],[111.112659,-7.415796],[111.132803,-7.386832],[111.146592,-7.262771],[111.241771,-7.24923],[111.219641,-7.295056],[111.346387,-7.352231],[111.438232,-7.353508],[111.448722,-7.280662],[111.580716,-7.201196],[111.62486,-7.065532],[111.612236,-6.971057],[111.566604,-6.951681],[111.609039,-6.903624],[111.615326,-6.836943],[111.648499,-6.828923],[111.694595,-6.752857],[111.563789,-6.638492],[111.493095,-6.616364],[111.460175,-6.661293],[111.353966,-6.700903],[111.208681,-6.687917],[111.135153,-6.652081],[111.089495,-6.595203],[111.03451,-6.421138],[110.8402,-6.409402],[110.72816,-6.449049],[110.63764,-6.680221],[110.567362,-6.805168],[110.482428,-6.918728],[110.360636,-6.958464],[110.282545,-6.910134],[110.224055,-6.898671],[110.218449,-6.858777],[109.994609,-6.926026],[109.83173,-6.91085],[109.704632,-6.859836],[109.574196,-6.837207],[109.525772,-6.783483],[109.444908,-6.835716],[109.284729,-6.873732],[109.116945,-6.849453],[109.027512,-6.774646],[108.952652,-6.83733],[108.854889,-6.799195],[108.829338,-6.74608]]],[[[108.864219,-7.706541],[108.828885,-7.685307],[108.811508,-7.734937],[108.98867,-7.776379],[108.957728,-7.718627],[108.864219,-7.706541]]]]},"properties":{"ID":6,"kode":33,"Propinsi":"JAWA TENGAH","SUMBER":"Peta Dasar BAKOSURTANAL Skala 1 : 250.000"},"id":33},
    {"type":"Feature","geometry":{"type":"MultiPolygon","coordinates":[[[[106.721344,-6.089998],[106.684662,-6.016144],[106.570259,-6.035616],[106.534706,-6.012048],[106.472466,-6.052454],[106.388206,-5.992125],[106.292465,-5.950864],[106.245636,-5.961533],[106.222588,-6.015579],[106.165306,-6.02962],[106.099228,-5.986111],[106.113579,-5.930358],[106.074554,-5.885445],[106.021919,-5.888695],[105.976501,-5.999971],[105.883545,-6.074547],[105.825676,-6.252214],[105.825912,-6.429081],[105.771484,-6.516271],[105.713791,-6.53336],[105.648323,-6.488072],[105.595924,-6.650365],[105.505432,-6.729187],[105.467102,-6.827007],[105.38649,-6.738562],[105.374222,-6.655813],[105.263069,-6.761764],[105.218208,-6.747766],[105.269058,-6.843428],[105.300941,-6.801612],[105.372208,-6.813282],[105.476051,-6.862449],[105.546936,-6.867788],[105.684792,-6.836181],[105.775536,-6.849614],[105.913567,-6.815527],[106.060333,-6.833915],[106.093071,-6.874006],[106.236198,-6.931706],[106.263062,-6.972657],[106.379082,-6.995171],[106.396103,-6.979798],[106.390602,-6.90497],[106.43618,-6.818825],[106.511475,-6.765959],[106.429398,-6.695778],[106.431358,-6.583818],[106.401779,-6.529884],[106.404884,-6.453141],[106.45713,-6.419496],[106.432259,-6.359931],[106.466515,-6.313413],[106.500175,-6.356728],[106.532104,-6.333633],[106.599113,-6.361764],[106.767433,-6.361234],[106.775894,-6.316725],[106.718864,-6.185875],[106.688759,-6.174209],[106.692719,-6.095602],[106.721344,-6.089998]]],[[[105.246979,-6.565058],[105.250877,-6.532654],[105.183006,-6.542505],[105.167686,-6.576644],[105.204712,-6.650276],[105.242393,-6.63545],[105.246979,-6.565058]]]]},"properties":{"ID":7,"kode":36,"Propinsi":"BANTEN","SUMBER":"Peta Dasar BAKOSURTANAL Skala 1 : 250.000"},"id":36},
    {"type":"Feature","geometry":{"type":"MultiPolygon","coordinates":[[[[111.694595,-6.752857],[111.648499,-6.828923],[111.615326,-6.836943],[111.609039,-6.903624],[111.566604,-6.951681],[111.612236,-6.971057],[111.62486,-7.065532],[111.580716,-7.201196],[111.448722,-7.280662],[111.438232,-7.353508],[111.346387,-7.352231],[111.219641,-7.295056],[111.241771,-7.24923],[111.146592,-7.262771],[111.132803,-7.386832],[111.112659,-7.415796],[111.151654,-7.563807],[111.189209,-7.603958],[111.180164,-7.709611],[111.230736,-7.747669],[111.283073,-7.744789],[111.314003,-7.85079],[111.269707,-7.930492],[111.231346,-7.948041],[111.181503,-7.916514],[111.140442,-7.938492],[111.108658,-8.065952],[111.031685,-8.082599],[110.956131,-8.063713],[110.911171,-8.121149],[110.904457,-8.210409],[111.023735,-8.252783],[111.118698,-8.254065],[111.188499,-8.278602],[111.254616,-8.248837],[111.41066,-8.279475],[111.513535,-8.335917],[111.625053,-8.325221],[111.672142,-8.373858],[111.710297,-8.294887],[111.769699,-8.290105],[111.776794,-8.257344],[111.897675,-8.301271],[111.969475,-8.282909],[112.031502,-8.319978],[112.142982,-8.318054],[112.265106,-8.349245],[112.329979,-8.334126],[112.44194,-8.398211],[112.552414,-8.401976],[112.670242,-8.446231],[112.781456,-8.387782],[112.875587,-8.409164],[112.937477,-8.383437],[112.972435,-8.326396],[113.072037,-8.284934],[113.243156,-8.284298],[113.364845,-8.353276],[113.387894,-8.398775],[113.425812,-8.380055],[113.524757,-8.430819],[113.61882,-8.442991],[113.646294,-8.494339],[113.73201,-8.526714],[113.79007,-8.488746],[113.8125,-8.546223],[113.905838,-8.579295],[113.942947,-8.56012],[113.970848,-8.609504],[114.021385,-8.595541],[114.045151,-8.639547],[114.090469,-8.615832],[114.216881,-8.643929],[114.225525,-8.602414],[114.317375,-8.624228],[114.375259,-8.698574],[114.349121,-8.744769],[114.530891,-8.780732],[114.591324,-8.750443],[114.569321,-8.661139],[114.467758,-8.61793],[114.443161,-8.637075],[114.372826,-8.53333],[114.337181,-8.422754],[114.395546,-8.121264],[114.42569,-8.064825],[114.41713,-7.920804],[114.460304,-7.88781],[114.449234,-7.804945],[114.368515,-7.751497],[114.286819,-7.74787],[114.239769,-7.700929],[114.208633,-7.719072],[114.095688,-7.699542],[114.0299,-7.606591],[113.931564,-7.699339],[113.838509,-7.684821],[113.784576,-7.733948],[113.706665,-7.709392],[113.667999,-7.736984],[113.481895,-7.698964],[113.337135,-7.77614],[113.280533,-7.786507],[113.212761,-7.73906],[113.154587,-7.746615],[113.048615,-7.659442],[112.901512,-7.62622],[112.843674,-7.586721],[112.857704,-7.548725],[112.830528,-7.46781],[112.836922,-7.30876],[112.782669,-7.214118],[112.727264,-7.199742],[112.674713,-7.225679],[112.66918,-7.166654],[112.625006,-7.126014],[112.652966,-7.041649],[112.608869,-6.982774],[112.602792,-6.89387],[112.544864,-6.848775],[112.5198,-6.905662],[112.411819,-6.865529],[112.23793,-6.871494],[112.16993,-6.89966],[112.060112,-6.890543],[111.972176,-6.765804],[111.832825,-6.799014],[111.694595,-6.752857]]],[[[113.638163,-6.887474],[113.499718,-6.897233],[113.42231,-6.88627],[113.118645,-6.894146],[113.042206,-6.880765],[112.845161,-6.898797],[112.787674,-6.985271],[112.725105,-7.040094],[112.683548,-7.031513],[112.708206,-7.102842],[112.690369,-7.151152],[112.721176,-7.174918],[112.866043,-7.164714],[112.962181,-7.200501],[113.092392,-7.229101],[113.328033,-7.214845],[113.551178,-7.2346],[113.604645,-7.127305],[113.678551,-7.110577],[113.883873,-7.135548],[113.880783,-7.07095],[113.941284,-7.057282],[113.985703,-7.011945],[114.121918,-6.980549],[114.086349,-6.927759],[113.912071,-6.864436],[113.797623,-6.884495],[113.638163,-6.887474]]],[[[115.499336,-6.946886],[115.534569,-6.96106],[115.553787,-6.90412],[115.394707,-6.834252],[115.251526,-6.826602],[115.193825,-6.931066],[115.320747,-6.993716],[115.390144,-6.98852],[115.38356,-6.911211],[115.499336,-6.946886]]],[[[112.67501,-5.859471],[112.722518,-5.834838],[112.71614,-5.742655],[112.671714,-5.72369],[112.578552,-5.779873],[112.564216,-5.833381],[112.67501,-5.859471]]],[[[114.28257,-7.073864],[114.267868,-7.098571],[114.3144,-7.167445],[114.404289,-7.172804],[114.362137,-7.081872],[114.325409,-7.053657],[114.28257,-7.073864]]],[[[115.899406,-7.107687],[115.843468,-7.16076],[115.778282,-7.109709],[115.736443,-7.153445],[115.832756,-7.205947],[115.891769,-7.186985],[115.899406,-7.107687]]],[[[113.271072,-8.464405],[113.30629,-8.509363],[113.399284,-8.49789],[113.400581,-8.458902],[113.271072,-8.464405]]],[[[114.48246,-7.141308],[114.60331,-7.171029],[114.604576,-7.134747],[114.538559,-7.120292],[114.48246,-7.141308]]]]},"properties":{"ID":8,"kode":35,"Propinsi":"JAWA TIMUR","SUMBER":"Peta Dasar BAKOSURTANAL Skala 1 : 250.000"},"id":35},
    {"type":"Feature","geometry":{"type":"MultiPolygon","coordinates":[[[[127.742072,0.816295],[127.6535,0.90266],[127.6247,0.96958],[127.6534,1.0226],[127.7644,1.06888],[127.8325,1.14733],[127.8934,1.14881],[127.9317,1.236],[127.9776,1.27595],[128.0265,1.47197],[128.0335,1.58746],[127.9915,1.61054],[128.0203,1.70558],[127.9917,1.76257],[127.9263,1.80236],[127.8422,1.81305],[127.8478,1.92255],[127.9438,1.98637],[127.9575,2.04664],[128.0675,2.17477],[128.0521,2.20415],[127.9303,2.16371],[127.8375,2.09089],[127.7764,1.99706],[127.7001,1.93801],[127.5565,1.70354],[127.5751,1.68532],[127.5242,1.57819],[127.5333,1.48478],[127.5177,1.42418],[127.4067,1.22822],[127.4301,1.14734],[127.3987,1.0772],[127.4192,1.02931],[127.4721,1.059],[127.51,0.95334],[127.5083,0.85684],[127.5627,0.8698],[127.6378,0.83297],[127.6029,0.76229],[127.5449,0.72851],[127.5249,0.55191],[127.5623,0.5117],[127.5751,0.41658],[127.619,0.36049],[127.7144,0.3493],[127.7323,0.31467],[127.6981,0.19853],[127.6883,0.10672],[127.7194,0.06459],[127.6984,0.01083],[127.6996,-0.08177],[127.6595,-0.21024],[127.6863,-0.26548],[127.7496,-0.31774],[127.8621,-0.36417],[127.936,-0.49685],[128.0045,-0.66521],[128.063,-0.7163],[128.239,-0.77439],[128.2714,-0.82066],[128.2325,-0.8483],[128.3489,-0.88716],[128.3741,-0.84649],[128.3036,-0.76573],[128.2195,-0.70072],[128.1851,-0.62383],[128.0997,-0.50944],[127.9867,-0.26911],[127.9483,-0.11003],[127.8873,0.00948],[127.8861,0.07639],[127.9243,0.13099],[127.9191,0.27721],[127.8716,0.30896],[127.9102,0.39127],[127.9154,0.45615],[127.9746,0.4816],[128.1369,0.46332],[128.2183,0.4098],[128.3124,0.39049],[128.4753,0.39434],[128.5584,0.31668],[128.6011,0.31807],[128.8473,0.26065],[128.7976,0.31372],[128.6767,0.33845],[128.6909,0.54882],[128.5697,0.56647],[128.4445,0.62671],[128.3137,0.6577],[128.2052,0.80334],[128.3166,0.81788],[128.2815,0.86741],[128.3338,0.91042],[128.3849,0.91071],[128.5361,0.97025],[128.5998,1.04118],[128.6842,1.07075],[128.6878,1.19439],[128.7071,1.29313],[128.7418,1.33011],[128.7364,1.3984],[128.6797,1.48842],[128.7197,1.57194],[128.6649,1.58865],[128.5524,1.56312],[128.5052,1.52351],[128.4626,1.54464],[128.3597,1.49011],[128.3401,1.45979],[128.2424,1.41862],[128.1604,1.36163],[128.0916,1.26956],[128.1092,1.23794],[128.18,1.23451],[128.2007,1.19261],[128.1659,1.12245],[128.0883,1.12649],[127.98,1.08488],[127.9239,0.95794],[127.932,0.88722],[127.8397,0.80633],[127.742072,0.816295]]],[[[124.936874,-1.929927],[125.020279,-1.930932],[125.059608,-1.88656],[125.167656,-1.875936],[125.311661,-1.895589],[125.32077,-1.784913],[125.292274,-1.733136],[125.202957,-1.727396],[125.131844,-1.686383],[125.076996,-1.762628],[124.955513,-1.699806],[124.897141,-1.711954],[124.869881,-1.68325],[124.798882,-1.686176],[124.636864,-1.644307],[124.52462,-1.634892],[124.398499,-1.661184],[124.344444,-1.811057],[124.339363,-1.883676],[124.384331,-1.94311],[124.398903,-2.024912],[124.449631,-2.030549],[124.669197,-1.977551],[124.77874,-1.916949],[124.865112,-1.893923],[124.936874,-1.929927]]],[[[127.5001,-1.72513],[127.6446,-1.72921],[127.7037,-1.6869],[127.8162,-1.69945],[127.885,-1.68033],[128.0372,-1.71459],[128.0989,-1.71322],[128.159,-1.67794],[128.1673,-1.6148],[128.1245,-1.56462],[128.0786,-1.57834],[127.9399,-1.45149],[127.8465,-1.43784],[127.7904,-1.37072],[127.71,-1.33658],[127.5734,-1.36802],[127.4126,-1.48042],[127.3915,-1.61568],[127.4048,-1.66221],[127.5001,-1.72513]]],[[[128.2792,2.00001],[128.3047,2.03752],[128.5306,2.07179],[128.6307,2.21973],[128.6547,2.3753],[128.6958,2.42752],[128.6942,2.48003],[128.5646,2.64851],[128.5255,2.57971],[128.459,2.59769],[128.4117,2.53086],[128.2987,2.44234],[128.2787,2.35976],[128.2244,2.30658],[128.2514,2.25059],[128.2571,2.12537],[128.3096,2.08133],[128.2792,2.00001]]],[[[127.3592,-0.57986],[127.4752,-0.65588],[127.438,-0.74074],[127.4728,-0.81791],[127.6537,-0.74391],[127.693,-0.84385],[127.7942,-0.85696],[127.8678,-0.82488],[127.906,-0.77903],[127.8704,-0.72379],[127.8006,-0.67786],[127.6861,-0.70913],[127.6448,-0.6237],[127.5993,-0.61639],[127.6037,-0.57387],[127.6887,-0.46297],[127.6123,-0.36417],[127.5376,-0.31027],[127.481,-0.3414],[127.4514,-0.41708],[127.3553,-0.32239],[127.285,-0.46953],[127.3592,-0.57986]]],[[[125.9997,-1.91651],[126.1065,-1.88032],[126.1545,-1.89238],[126.2614,-1.87942],[126.3354,-1.84281],[126.2828,-1.8179],[126.1406,-1.81564],[125.9168,-1.79541],[125.8765,-1.81093],[125.7522,-1.80754],[125.7029,-1.83132],[125.5512,-1.80585],[125.4913,-1.82035],[125.4809,-1.78226],[125.4305,-1.81122],[125.372,-1.78057],[125.3303,-1.83265],[125.4385,-1.89255],[125.4509,-1.94292],[125.5886,-1.93069],[125.7902,-1.9299],[125.8447,-1.89649],[125.9263,-1.94223],[125.9997,-1.91651]]],[[[126,-2.44711],[126.0422,-2.47304],[126.0692,-2.41961],[125.9634,-2.18431],[125.9613,-2.12136],[125.9938,-2.05085],[125.9811,-2.01085],[125.9136,-1.9759],[125.8583,-2.08804],[125.8816,-2.21248],[125.9575,-2.32236],[125.9594,-2.37442],[126,-2.44711]]],[[[127.2619,-0.41957],[127.2834,-0.37313],[127.2358,-0.24834],[127.1443,-0.2604],[127.1134,-0.37269],[127.1193,-0.51607],[127.214,-0.51609],[127.2517,-0.49356],[127.2619,-0.41957]]],[[[127.1612,-0.72234],[127.191,-0.77644],[127.2356,-0.7631],[127.2906,-0.79626],[127.3295,-0.78217],[127.2881,-0.72649],[127.2975,-0.68594],[127.2087,-0.64521],[127.1612,-0.72234]]],[[[127.4999,-1.27043],[127.5595,-1.24815],[127.6721,-1.29242],[127.6935,-1.22769],[127.5378,-1.17793],[127.4654,-1.23999],[127.4999,-1.27043]]],[[[129.463684,-0.090001],[129.398895,-0.025581],[129.375412,-0.064561],[129.455719,-0.108978],[129.510452,-0.205838],[129.562119,-0.181339],[129.536438,-0.137458],[129.463684,-0.090001]]],[[[127.3835,0.72289],[127.3691,0.64163],[127.4277,0.63181],[127.4573,0.67694],[127.4478,0.74363],[127.404,0.75954],[127.3835,0.72289]]],[[[127.2924,0.82257],[127.3044,0.76429],[127.3733,0.7637],[127.3848,0.83086],[127.3168,0.86424],[127.2924,0.82257]]],[[[127.3804,0.28067],[127.4215,0.28311],[127.4427,0.33914],[127.4175,0.37392],[127.3442,0.33348],[127.3804,0.28067]]],[[[127.4613,0.00001],[127.4404,0.10221],[127.4134,0.05743],[127.4613,0.00001]]],[[[127.3164,-1.43808],[127.3989,-1.40281],[127.347,-1.3666],[127.2912,-1.40862],[127.3164,-1.43808]]],[[[128.1611,2.41114],[128.129,2.32644],[128.184,2.29051],[128.1882,2.36684],[128.1611,2.41114]]],[[[128.350814,-1.033596],[128.4037,-1.03638],[128.4029,-0.99246],[128.3414,-0.97438],[128.350814,-1.033596]]],[[[128.4984,-0.56781],[128.5155,-0.62451],[128.5917,-0.64074],[128.5987,-0.61046],[128.4984,-0.56781]]],[[[128.3113,-0.54382],[128.4003,-0.57154],[128.3684,-0.51991],[128.3113,-0.54382]]],[[[127.3309,-0.62605],[127.359,-0.6629],[127.4108,-0.633],[127.3309,-0.62605]]],[[[124.303452,-2.000366],[124.365074,-2.013639],[124.366676,-1.967357],[124.303452,-2.000366]]],[[[126.375684,1.346717],[126.412223,1.282993],[126.43995,1.344847],[126.375684,1.346717]]]]},"properties":{"ID":9,"kode":82,"Propinsi":"MALUKU UTARA","SUMBER":"Peta Dasar BAKOSURTANAL Skala 1 : 250.000"},"id":82},
    {"type":"Feature","geometry":{"type":"MultiPolygon","coordinates":[[[[130.8313,-3.47141],[130.8015,-3.41255],[130.6609,-3.40861],[130.5932,-3.15459],[130.4896,-3.10319],[130.4287,-3.02831],[130.34,-2.97073],[130.2655,-2.96975],[130.2095,-3.00005],[130.1593,-2.98459],[130.0093,-2.99152],[129.8639,-2.92376],[129.8424,-2.88833],[129.7981,-2.90508],[129.7802,-2.86243],[129.4677,-2.77901],[129.3758,-2.78267],[129.3442,-2.85179],[129.1264,-2.96181],[129.0813,-2.93207],[129.0634,-2.8102],[129.0271,-2.79063],[128.9475,-2.83844],[128.797,-2.86403],[128.6526,-2.8384],[128.5428,-2.84749],[128.5049,-2.8312],[128.3975,-2.86835],[128.1604,-2.8631],[128.0854,-3.01254],[128.0965,-3.06632],[127.9926,-3.06595],[127.866,-3.18653],[127.8799,-3.2655],[127.9325,-3.36832],[127.8864,-3.48258],[127.9101,-3.53896],[127.9723,-3.37984],[128.0454,-3.33848],[128.0515,-3.25021],[128.0849,-3.12556],[128.1415,-3.06945],[128.1891,-3.06464],[128.1945,-3.12455],[128.1589,-3.16823],[128.1976,-3.20564],[128.2827,-3.22196],[128.3251,-3.32516],[128.3948,-3.42432],[128.4506,-3.45653],[128.5858,-3.42633],[128.6643,-3.43326],[128.6635,-3.37588],[128.7788,-3.25702],[128.8912,-3.19893],[128.9612,-3.22166],[128.9624,-3.2814],[128.918,-3.3311],[128.9589,-3.35402],[129.0764,-3.33637],[129.2791,-3.40822],[129.4135,-3.41433],[129.532,-3.466],[129.5639,-3.40784],[129.4952,-3.30992],[129.7948,-3.31658],[129.9239,-3.33397],[130.0123,-3.47822],[130.4058,-3.6243],[130.4664,-3.69326],[130.5704,-3.72628],[130.6133,-3.7912],[130.7655,-3.83031],[130.8279,-3.87666],[130.8219,-3.70138],[130.8796,-3.58872],[130.8059,-3.49896],[130.8313,-3.47141]]],[[[126.0006,-3.3093],[126.0465,-3.44963],[126.1605,-3.54538],[126.198,-3.62769],[126.5235,-3.79459],[126.5525,-3.79009],[126.6818,-3.85857],[126.7496,-3.84348],[126.8629,-3.78245],[126.8914,-3.78843],[127.045,-3.68912],[127.1262,-3.65913],[127.2178,-3.66125],[127.2481,-3.59206],[127.2546,-3.37528],[127.159,-3.33658],[127.1212,-3.38484],[127.0728,-3.37474],[127.0297,-3.26615],[127.1038,-3.22728],[126.9815,-3.14039],[126.9244,-3.14334],[126.7883,-3.06155],[126.5983,-3.06836],[126.4644,-3.08945],[126.2956,-3.09941],[126.2245,-3.14467],[126.2217,-3.18936],[126.1275,-3.16512],[126.1009,-3.12067],[126.0156,-3.18204],[126.0006,-3.3093]]],[[[131.148111,-7.733321],[131.112411,-7.777601],[131.146711,-7.799841],[131.086911,-7.837771],[131.122011,-7.905691],[131.105011,-7.990961],[131.230311,-8.002691],[131.271711,-7.956001],[131.301711,-8.016321],[131.341811,-7.985141],[131.333411,-7.936211],[131.374111,-7.855401],[131.480311,-7.774321],[131.483211,-7.727291],[131.553011,-7.719511],[131.583311,-7.658131],[131.621311,-7.645961],[131.657511,-7.548331],[131.675411,-7.359271],[131.637311,-7.304361],[131.652611,-7.225321],[131.738411,-7.219041],[131.716911,-7.159711],[131.650311,-7.174691],[131.646611,-7.112811],[131.517611,-7.158241],[131.529611,-7.228881],[131.475911,-7.229681],[131.436911,-7.321361],[131.365311,-7.366271],[131.340311,-7.442291],[131.309711,-7.418691],[131.233511,-7.473591],[131.164311,-7.667571],[131.107111,-7.701931],[131.148111,-7.733321]]],[[[125.8047,-8.00014],[125.9438,-7.9134],[126.061,-7.89072],[126.1508,-7.90081],[126.177,-7.92564],[126.3332,-7.91575],[126.4293,-7.93509],[126.4649,-7.97483],[126.4953,-7.94762],[126.5588,-7.81877],[126.7227,-7.74454],[126.8188,-7.75456],[126.8458,-7.73482],[126.8208,-7.66033],[126.7264,-7.66638],[126.645,-7.60431],[126.6433,-7.56392],[126.545,-7.56934],[126.3889,-7.63476],[126.3278,-7.69185],[126.2498,-7.68395],[126.1872,-7.72471],[126.0316,-7.69334],[125.9467,-7.66017],[125.8663,-7.81319],[125.8037,-7.85616],[125.8214,-7.90089],[125.8047,-8.00014]]],[[[134.4336,-6.68109],[134.4821,-6.66863],[134.5276,-6.60318],[134.4858,-6.58192],[134.4599,-6.43869],[134.298,-6.36197],[134.3115,-6.30646],[134.2173,-6.22012],[134.17,-6.21557],[134.1377,-6.17052],[134.097,-6.17273],[134.1277,-6.25815],[134.134,-6.34636],[134.117,-6.41609],[134.1407,-6.46422],[134.1005,-6.48848],[134.0766,-6.71568],[134.0503,-6.77574],[134.0711,-6.83181],[134.1372,-6.8557],[134.2023,-6.92197],[134.3282,-6.86583],[134.4336,-6.68109]]],[[[134.2807,-6.05256],[134.2849,-6.14636],[134.3368,-6.21551],[134.4592,-6.27077],[134.5489,-6.3525],[134.6866,-6.34413],[134.7274,-6.3072],[134.7817,-6.09747],[134.6703,-5.98357],[134.6581,-5.94721],[134.5357,-5.92285],[134.4244,-6.02619],[134.3267,-6.02579],[134.2807,-6.05256]]],[[[134.7577,-5.85453],[134.6972,-5.81007],[134.6405,-5.71887],[134.619,-5.7287],[134.538,-5.63655],[134.5289,-5.56647],[134.4543,-5.5571],[134.4186,-5.64292],[134.355,-5.69253],[134.3467,-5.73121],[134.2405,-5.67587],[134.2142,-5.72281],[134.2634,-5.76163],[134.3688,-5.77119],[134.3723,-5.85071],[134.3007,-5.90053],[134.334,-5.95209],[134.3167,-5.99975],[134.3546,-6.0354],[134.4315,-6.02112],[134.4715,-5.9604],[134.5374,-5.92008],[134.6304,-5.92205],[134.7117,-5.97952],[134.7697,-5.89399],[134.7577,-5.85453]]],[[[128.2655,-3.61441],[128.3374,-3.63375],[128.3097,-3.56217],[128.3348,-3.50381],[128.2809,-3.48812],[128.2057,-3.52147],[128.1683,-3.58184],[128.0169,-3.58674],[127.9109,-3.67892],[127.9318,-3.76827],[127.9853,-3.77568],[128.0116,-3.74275],[128.1484,-3.66138],[128.1211,-3.74962],[128.2518,-3.72545],[128.2877,-3.69248],[128.2655,-3.61441]]],[[[129.789611,-8.048421],[129.860811,-7.922381],[129.843311,-7.844541],[129.675811,-7.791501],[129.608311,-7.812481],[129.576011,-7.901111],[129.702611,-8.045571],[129.789611,-8.048421]]],[[[132.918211,-5.790491],[132.876411,-5.898311],[132.900311,-5.950561],[132.963011,-5.856341],[132.968511,-5.737791],[133.020311,-5.665601],[133.089711,-5.614901],[133.122111,-5.555371],[133.179011,-5.291151],[133.117011,-5.274701],[133.054611,-5.449861],[133.006711,-5.643821],[132.946411,-5.681341],[132.941011,-5.772471],[132.918211,-5.790491]]],[[[131.002945,-4.443814],[130.957397,-4.476324],[130.989182,-4.514464],[131.086044,-4.477498],[131.22493,-4.506531],[131.272049,-4.541338],[131.455231,-4.502821],[131.493683,-4.41465],[131.453949,-4.374352],[131.390854,-4.377274],[131.343292,-4.421241],[131.228928,-4.456224],[131.155197,-4.44084],[131.002945,-4.443814]]],[[[132.696911,-5.752801],[132.671911,-5.903691],[132.729911,-5.942501],[132.789511,-5.938101],[132.820311,-5.849941],[132.744211,-5.672451],[132.692111,-5.601881],[132.644411,-5.635551],[132.654111,-5.708561],[132.696911,-5.752801]]],[[[134.2773,-6.17358],[134.2339,-6.12277],[134.2289,-6.0174],[134.1245,-6.0387],[134.1176,-6.10945],[134.1807,-6.20193],[134.2305,-6.20123],[134.2868,-6.28248],[134.3152,-6.27647],[134.3477,-6.34415],[134.4229,-6.28203],[134.2773,-6.17358]]],[[[134.4041,-6.30569],[134.3625,-6.36106],[134.4437,-6.4401],[134.493,-6.45866],[134.5202,-6.53328],[134.548,-6.53803],[134.6113,-6.43346],[134.5967,-6.38789],[134.5468,-6.36615],[134.4624,-6.27898],[134.4041,-6.30569]]],[[[127.778111,-8.140231],[127.793211,-8.190191],[127.936211,-8.222341],[127.954811,-8.249611],[128.044211,-8.257411],[128.097211,-8.140591],[127.930311,-8.143591],[127.804411,-8.104221],[127.778111,-8.140231]]],[[[131.087511,-8.172361],[131.145511,-8.157911],[131.169111,-8.112971],[131.079511,-8.108431],[131.035511,-8.071791],[130.977011,-8.131751],[130.912811,-8.147011],[130.929811,-8.191911],[130.829211,-8.248821],[130.767511,-8.313871],[130.789911,-8.342211],[130.896411,-8.286951],[130.891211,-8.238591],[130.990911,-8.230581],[131.087511,-8.172361]]],[[[134.6442,-5.58602],[134.5345,-5.5749],[134.5488,-5.65219],[134.6165,-5.72584],[134.731,-5.72249],[134.7514,-5.63225],[134.6442,-5.58602]]],[[[134.5938,-5.42747],[134.506,-5.42404],[134.5092,-5.54835],[134.6341,-5.58476],[134.7011,-5.5677],[134.7046,-5.51648],[134.6513,-5.44671],[134.5938,-5.42747]]],[[[131.897411,-7.176801],[131.949211,-7.248091],[131.971311,-7.199891],[131.929811,-7.111851],[131.752311,-7.110931],[131.723211,-7.169341],[131.845711,-7.156551],[131.897411,-7.176801]]],[[[128.690311,-7.103501],[128.587111,-7.069881],[128.519911,-7.132791],[128.534511,-7.168821],[128.636911,-7.222311],[128.674811,-7.177831],[128.690311,-7.103501]]],[[[127.369111,-7.502501],[127.366611,-7.577711],[127.325411,-7.631321],[127.370311,-7.661551],[127.409411,-7.607281],[127.481111,-7.583221],[127.485211,-7.525411],[127.369111,-7.502501]]],[[[128.4108,-3.55199],[128.4048,-3.63179],[128.5329,-3.61114],[128.5658,-3.58219],[128.5416,-3.53703],[128.4361,-3.50583],[128.4108,-3.55199]]],[[[134.7075,-6.72872],[134.7601,-6.63249],[134.7244,-6.58593],[134.6857,-6.59563],[134.6723,-6.66742],[134.6232,-6.76017],[134.6705,-6.78497],[134.7075,-6.72872]]],[[[128.6085,-3.57854],[128.6368,-3.62703],[128.6678,-3.5731],[128.7303,-3.60021],[128.7227,-3.50944],[128.6756,-3.54095],[128.5962,-3.49247],[128.5457,-3.5238],[128.6085,-3.57854]]],[[[131.006851,-4.338299],[130.995056,-4.371799],[131.043167,-4.401302],[131.130356,-4.40931],[131.147736,-4.32551],[131.056335,-4.294552],[131.006851,-4.338299]]],[[[131.041011,-7.499981],[131.114011,-7.472901],[131.162611,-7.400661],[130.990111,-7.424961],[130.969711,-7.484171],[131.041011,-7.499981]]],[[[127.6479,-3.20179],[127.6987,-3.25287],[127.786,-3.24502],[127.789,-3.18783],[127.7537,-3.14518],[127.6479,-3.20179]]],[[[134.8759,-6.29141],[134.7981,-6.39306],[134.8068,-6.46157],[134.8507,-6.4427],[134.9079,-6.32475],[134.8759,-6.29141]]],[[[127.9522,-3.00023],[128.0001,-2.93658],[127.9352,-2.92238],[127.8735,-2.95421],[127.8416,-3.03203],[127.9018,-3.03362],[127.9522,-3.00023]]],[[[128.087511,-8.231111],[128.086211,-8.269521],[128.227411,-8.275191],[128.190711,-8.200321],[128.087511,-8.231111]]],[[[129.000611,-8.266451],[129.020211,-8.221081],[128.953211,-8.189821],[128.859611,-8.185831],[128.825211,-8.210451],[128.915111,-8.253071],[129.000611,-8.266451]]],[[[127.5001,-3.32302],[127.5758,-3.33546],[127.6241,-3.31356],[127.5485,-3.24207],[127.4816,-3.29371],[127.5001,-3.32302]]],[[[134.7314,-6.47601],[134.6917,-6.44599],[134.6397,-6.49611],[134.6709,-6.55956],[134.7625,-6.53462],[134.7314,-6.47601]]],[[[132.763011,-5.660381],[132.821311,-5.673781],[132.797511,-5.559731],[132.756311,-5.574361],[132.763011,-5.660381]]],[[[131.043911,-7.653431],[130.968111,-7.678161],[130.969211,-7.737981],[131.105911,-7.688891],[131.122811,-7.635551],[131.043911,-7.653431]]],[[[127.636911,-8.177851],[127.600011,-8.206561],[127.656011,-8.237481],[127.747611,-8.200721],[127.684011,-8.153111],[127.636911,-8.177851]]],[[[130.872111,-7.499971],[130.839211,-7.497951],[130.846511,-7.562131],[130.972711,-7.562581],[130.998211,-7.527311],[130.872111,-7.499971]]],[[[127.172,-8.11934],[127.2309,-8.11386],[127.2011,-8.02771],[127.1359,-8.04633],[127.1417,-8.11181],[127.172,-8.11934]]],[[[131.621311,-6.695521],[131.559711,-6.681411],[131.511911,-6.762721],[131.526611,-6.802571],[131.581311,-6.772751],[131.562011,-6.719951],[131.621311,-6.695521]]],[[[127.1987,-3.89045],[127.2362,-3.86309],[127.1915,-3.81556],[127.1369,-3.84772],[127.1987,-3.89045]]],[[[131.4279,-4.00002],[131.4184,-3.94902],[131.3673,-3.96939],[131.4216,-4.07687],[131.4501,-4.07044],[131.4279,-4.00002]]],[[[134.7166,-5.7494],[134.6595,-5.73844],[134.6982,-5.80898],[134.7493,-5.7861],[134.7166,-5.7494]]],[[[134.2541,-5.78689],[134.1989,-5.75416],[134.2099,-5.83785],[134.2541,-5.78689]]],[[[134.5586,-5.33935],[134.511,-5.37494],[134.5386,-5.41645],[134.5999,-5.34036],[134.5586,-5.33935]]]]},"properties":{"ID":10,"kode":81,"Propinsi":"MALUKU","SUMBER":"Peta Dasar BAKOSURTANAL Skala 1 : 250.000"},"id":81},
    {"type":"Feature","geometry":{"type":"MultiPolygon","coordinates":[[[[119.484596,-3.18489],[119.420471,-3.176799],[119.389656,-3.21247],[119.43866,-3.266739],[119.435226,-3.345711],[119.516594,-3.571808],[119.46389,-3.639999],[119.451942,-3.713609],[119.583611,-3.976388],[119.641388,-3.961668],[119.605278,-4.083888],[119.638023,-4.173174],[119.594444,-4.240834],[119.639999,-4.302221],[119.59671,-4.416243],[119.591652,-4.55424],[119.481392,-4.750834],[119.525558,-4.923611],[119.447716,-5.086544],[119.409447,-5.112136],[119.353889,-5.325833],[119.362976,-5.41842],[119.430275,-5.487501],[119.438889,-5.596667],[119.514442,-5.53444],[119.512871,-5.56993],[119.656113,-5.640278],[119.646667,-5.682223],[119.785614,-5.701977],[119.849953,-5.664043],[119.840088,-5.635554],[119.935448,-5.544427],[120.13028,-5.589722],[120.314857,-5.507519],[120.472504,-5.623055],[120.404861,-5.341689],[120.35833,-5.331111],[120.271667,-5.14394],[120.300552,-5.055555],[120.303391,-4.87538],[120.383614,-4.838332],[120.400108,-4.710047],[120.458572,-4.658292],[120.397186,-4.600131],[120.377472,-4.512521],[120.402496,-4.480834],[120.348145,-4.425264],[120.393501,-4.332041],[120.365067,-4.298959],[120.380867,-4.163501],[120.330696,-4.104164],[120.361115,-4.02389],[120.33667,-3.9375],[120.358917,-3.849969],[120.442497,-3.739167],[120.413612,-3.667221],[120.418892,-3.573057],[120.379723,-3.503611],[120.421249,-3.264168],[120.382217,-3.202221],[120.255547,-3.16028],[120.254723,-3.05167],[120.189453,-2.967989],[120.256111,-2.945834],[120.353615,-2.860277],[120.453331,-2.824721],[120.569725,-2.711666],[120.666107,-2.639441],[120.799156,-2.60833],[120.857224,-2.658057],[120.945709,-2.64595],[121.006386,-2.679166],[121.073677,-2.642818],[121.046944,-2.701666],[121.09816,-2.71633],[120.972656,-2.81988],[120.985046,-2.83115],[121.101349,-2.77383],[121.172737,-2.96713],[121.215973,-2.974619],[121.269417,-3.06436],[121.305733,-3.069639],[121.367706,-3.01218],[121.497948,-2.98648],[121.57132,-2.912889],[121.656937,-2.878121],[121.742439,-2.735281],[121.800636,-2.709759],[121.71553,-2.558119],[121.504707,-2.490139],[121.328552,-2.372219],[121.164711,-2.33201],[120.975296,-2.2411],[120.706909,-2.212381],[120.581871,-2.121749],[120.399567,-1.884479],[120.336891,-2.053441],[120.122032,-2.007521],[120.093803,-1.96225],[119.99604,-1.963381],[119.880997,-2.047519],[119.733871,-2.07421],[119.629776,-2.163379],[119.596573,-2.294341],[119.690308,-2.33612],[119.715866,-2.39282],[119.689026,-2.437739],[119.720917,-2.500069],[119.700089,-2.553469],[119.751106,-2.604909],[119.76104,-2.68366],[119.727882,-2.72763],[119.643578,-2.75641],[119.493317,-2.74063],[119.5252,-2.793351],[119.534187,-2.94152],[119.629059,-3.121519],[119.545479,-3.13092],[119.484596,-3.18489]]],[[[120.458115,-6.38956],[120.483971,-6.49799],[120.509979,-6.443737],[120.495674,-6.391684],[120.53833,-6.327239],[120.524467,-6.222331],[120.568466,-6.055651],[120.493111,-5.7675],[120.461388,-5.792778],[120.445137,-5.956089],[120.466187,-6.093651],[120.443039,-6.2589],[120.480293,-6.281098],[120.458115,-6.38956]]],[[[120.429733,-6.10583],[120.392365,-6.178013],[120.414795,-6.20879],[120.429733,-6.10583]]],[[[120.629715,-7.000628],[120.603889,-7.072223],[120.631943,-7.133331],[120.767731,-7.134739],[120.785904,-7.059813],[120.736809,-7.075277],[120.629715,-7.000628]]],[[[120.906303,-7.277767],[120.79528,-7.270555],[121,-7.33333],[121.063889,-7.300556],[120.906303,-7.277767]]],[[[121.096947,-7.302219],[121.059723,-7.372499],[121.099167,-7.398055],[121.168335,-7.354165],[121.096947,-7.302219]]],[[[121.819725,-7.330278],[121.756386,-7.347777],[121.753891,-7.423055],[121.823608,-7.39694],[121.819725,-7.330278]]]]},"properties":{"ID":13,"kode":73,"Propinsi":"SULAWESI SELATAN","SUMBER":"Peta Dasar BAKOSURTANAL Skala 1 : 250.000"},"id":73},
    {"type":"Feature","geometry":{"type":"Polygon","coordinates":[[[106.721344,-6.089998],[106.692719,-6.095602],[106.688759,-6.174209],[106.718864,-6.185875],[106.775894,-6.316725],[106.9132,-6.366885],[106.909164,-6.263964],[106.945602,-6.25469],[106.972893,-6.185318],[106.972267,-6.089283],[106.857552,-6.117222],[106.721344,-6.089998]]]},"properties":{"ID":14,"kode":31,"Propinsi":"DKI JAKARTA","SUMBER":"Peta Dasar BAKOSURTANAL Skala 1 : 250.000"},"id":31},
    {"type":"Feature","geometry":{"type":"Polygon","coordinates":[[[106.396103,-6.979798],[106.441109,-6.952632],[106.543465,-6.982475],[106.539734,-7.056473],[106.456253,-7.127603],[106.455795,-7.184799],[106.398254,-7.188931],[106.370895,-7.310125],[106.421753,-7.357368],[106.519707,-7.405331],[106.788452,-7.434358],[107.077705,-7.451569],[107.242142,-7.487233],[107.39267,-7.492356],[107.602493,-7.571478],[107.673851,-7.627574],[107.679466,-7.660038],[107.782387,-7.677471],[107.839561,-7.7341],[107.928497,-7.730316],[108.261208,-7.806957],[108.430328,-7.822663],[108.48156,-7.801749],[108.513016,-7.699345],[108.586388,-7.684473],[108.657326,-7.69776],[108.804252,-7.673145],[108.738433,-7.609161],[108.753132,-7.543514],[108.714968,-7.421927],[108.662295,-7.340506],[108.560766,-7.334588],[108.582017,-7.240565],[108.556373,-7.171165],[108.628929,-7.137631],[108.696854,-7.151166],[108.777687,-7.104835],[108.798622,-7.004968],[108.761101,-6.98307],[108.76516,-6.896383],[108.824615,-6.829293],[108.829338,-6.74608],[108.763901,-6.815747],[108.683212,-6.80682],[108.677612,-6.768246],[108.605278,-6.770391],[108.554527,-6.676128],[108.538673,-6.485534],[108.429184,-6.416264],[108.368279,-6.329412],[108.361443,-6.274672],[108.301331,-6.245291],[108.19416,-6.261509],[108.194878,-6.30224],[108.103218,-6.334497],[107.940582,-6.249246],[107.893303,-6.238593],[107.822433,-6.178484],[107.722885,-6.232824],[107.654709,-6.242166],[107.621086,-6.189385],[107.465004,-6.141714],[107.387733,-6.01634],[107.302711,-5.956646],[107.191887,-5.985764],[107.139267,-5.978195],[107.103302,-5.932775],[107.038139,-5.911394],[107.008194,-5.994798],[107.018662,-6.078872],[106.972267,-6.089283],[106.972893,-6.185318],[106.945602,-6.25469],[106.909164,-6.263964],[106.9132,-6.366885],[106.775894,-6.316725],[106.767433,-6.361234],[106.599113,-6.361764],[106.532104,-6.333633],[106.500175,-6.356728],[106.466515,-6.313413],[106.432259,-6.359931],[106.45713,-6.419496],[106.404884,-6.453141],[106.401779,-6.529884],[106.431358,-6.583818],[106.429398,-6.695778],[106.511475,-6.765959],[106.43618,-6.818825],[106.390602,-6.90497],[106.396103,-6.979798]]]},"properties":{"ID":15,"kode":32,"Propinsi":"JAWA BARAT","SUMBER":"Peta Dasar BAKOSURTANAL Skala 1 : 250.000"},"id":32},
    {"type":"Feature","geometry":{"type":"MultiPolygon","coordinates":[[[[122.6195,-8.40327],[122.5472,-8.46883],[122.4979,-8.46913],[122.5221,-8.55195],[122.4794,-8.61589],[122.3636,-8.61847],[122.2939,-8.65004],[122.227,-8.62796],[122.1615,-8.55955],[122.1068,-8.53397],[122.0162,-8.52998],[122.0267,-8.44553],[121.9504,-8.45808],[121.9275,-8.49713],[121.8425,-8.48957],[121.808,-8.51648],[121.7317,-8.50041],[121.6751,-8.51677],[121.6083,-8.49767],[121.6049,-8.54726],[121.5044,-8.61735],[121.4573,-8.56206],[121.4223,-8.58897],[121.3439,-8.5619],[121.306,-8.49264],[120.9947,-8.39561],[120.9799,-8.34873],[120.7431,-8.34189],[120.6582,-8.28036],[120.5603,-8.29137],[120.5241,-8.2609],[120.4648,-8.28285],[120.4419,-8.23714],[120.4055,-8.27102],[120.26,-8.27393],[120.2008,-8.29826],[120.1542,-8.37109],[120.034,-8.37535],[120.0002,-8.45481],[119.9154,-8.46571],[119.8019,-8.57549],[119.8127,-8.65842],[119.7994,-8.73838],[119.8216,-8.78411],[119.9371,-8.8341],[120.1793,-8.77632],[120.2396,-8.83066],[120.3207,-8.83812],[120.3745,-8.79988],[120.6032,-8.80507],[120.6248,-8.83975],[120.7266,-8.87758],[120.827,-8.82198],[120.9069,-8.92252],[120.9975,-8.9596],[121.1267,-8.90792],[121.2515,-8.90006],[121.3111,-8.92514],[121.3611,-8.89566],[121.3854,-8.79636],[121.5405,-8.82249],[121.7381,-8.88868],[121.8184,-8.88101],[121.8651,-8.84578],[121.9284,-8.8417],[122.0352,-8.80331],[122.1256,-8.73763],[122.1999,-8.75926],[122.3794,-8.76204],[122.5333,-8.71705],[122.5684,-8.67269],[122.6701,-8.63274],[122.73,-8.6417],[122.8381,-8.59432],[122.8367,-8.52308],[122.783,-8.46163],[122.7916,-8.43101],[122.8928,-8.45255],[122.8828,-8.38951],[122.9302,-8.33062],[122.9648,-8.3543],[123.0215,-8.32064],[122.9647,-8.19849],[122.9764,-8.14032],[122.8691,-8.06508],[122.7859,-8.11148],[122.7432,-8.21051],[122.7905,-8.23832],[122.8688,-8.17643],[122.9248,-8.19796],[122.877,-8.29701],[122.8147,-8.30079],[122.7693,-8.36789],[122.729,-8.36376],[122.6195,-8.40327]]],[[[124.046476,-9.342838],[123.9833,-9.35745],[123.9361,-9.42633],[123.8279,-9.50221],[123.7921,-9.4971],[123.7766,-9.55646],[123.7317,-9.57434],[123.6675,-9.64933],[123.6799,-9.75675],[123.6432,-9.77904],[123.6688,-9.81791],[123.6492,-9.89468],[123.5828,-9.92561],[123.5803,-10.03243],[123.6479,-10.00887],[123.7477,-10.0302],[123.7442,-10.09523],[123.5297,-10.17631],[123.4568,-10.3559],[123.5448,-10.3308],[123.6052,-10.36942],[123.7969,-10.3545],[123.9107,-10.29561],[124.015,-10.26787],[124.0928,-10.18045],[124.1707,-10.15307],[124.379,-10.17015],[124.4956,-10.09939],[124.5237,-10.03156],[124.7463,-9.89112],[124.8459,-9.74556],[124.9834,-9.64711],[125.0071,-9.53962],[125.092,-9.46447],[125.0505,-9.33069],[125.0001,-9.298],[124.9847,-9.21434],[125.0155,-9.17832],[125.1018,-9.2008],[125.1722,-9.17896],[125.182,-9.02754],[125.1141,-8.97605],[125.0678,-9.02986],[124.9889,-9.06706],[124.9422,-9.04616],[124.949953,-8.967377],[124.8162,-9.01365],[124.7393,-9.06466],[124.7107,-9.05728],[124.6696,-9.12933],[124.5359,-9.19723],[124.472284,-9.18241],[124.4542,-9.31137],[124.3785,-9.35658],[124.3536,-9.47901],[124.292,-9.50619],[124.2687,-9.41875],[124.2065,-9.37529],[124.157,-9.42968],[124.0983,-9.41876],[124.046476,-9.342838]]],[[[119.6801,-9.82812],[119.7904,-9.92132],[119.8393,-9.92739],[119.9365,-9.98009],[119.9956,-10.0374],[120.0313,-10.1239],[120.1432,-10.22396],[120.2091,-10.25562],[120.3543,-10.24881],[120.4281,-10.30201],[120.5584,-10.23103],[120.6116,-10.24588],[120.7342,-10.17339],[120.8192,-10.08719],[120.8238,-10.02323],[120.7962,-9.97115],[120.6418,-9.87525],[120.5523,-9.71446],[120.4984,-9.70313],[120.4517,-9.6284],[120.3607,-9.64701],[120.2569,-9.644],[120.2226,-9.4938],[120.1738,-9.46924],[120.1028,-9.47526],[119.9617,-9.32425],[119.9419,-9.28043],[119.7973,-9.39664],[119.6837,-9.37922],[119.6311,-9.3427],[119.5257,-9.38095],[119.4637,-9.35966],[119.3813,-9.38571],[119.3002,-9.36271],[119.2117,-9.39543],[119.1876,-9.37625],[119.0918,-9.42535],[118.9939,-9.45514],[118.9281,-9.55858],[119.0334,-9.68038],[119.1805,-9.74634],[119.3025,-9.74462],[119.389,-9.79727],[119.4709,-9.74123],[119.6782,-9.794],[119.6801,-9.82812]]],[[[124.3539,-8.38033],[124.3329,-8.4252],[124.4346,-8.45537],[124.5042,-8.41943],[124.5477,-8.44335],[124.6638,-8.39523],[124.7889,-8.40916],[124.8983,-8.37272],[125.1257,-8.34491],[125.1393,-8.22922],[125.0878,-8.15317],[124.8305,-8.17319],[124.7815,-8.15302],[124.5932,-8.19252],[124.5972,-8.12891],[124.4739,-8.13038],[124.3938,-8.22276],[124.4021,-8.27409],[124.4662,-8.25809],[124.3539,-8.38033]]],[[[123.5276,-8.36233],[123.5023,-8.33801],[123.5591,-8.25389],[123.5372,-8.23502],[123.4363,-8.27322],[123.4715,-8.3368],[123.3403,-8.39887],[123.234,-8.51171],[123.2864,-8.5495],[123.3148,-8.52816],[123.3883,-8.58505],[123.4487,-8.53498],[123.5049,-8.52237],[123.5455,-8.57183],[123.5829,-8.54344],[123.5531,-8.4716],[123.6204,-8.4061],[123.6734,-8.42844],[123.7639,-8.28847],[123.911,-8.25849],[123.9044,-8.21861],[123.8399,-8.21125],[123.7785,-8.16919],[123.6976,-8.21665],[123.7002,-8.25179],[123.6222,-8.2463],[123.5963,-8.33362],[123.5276,-8.36233]]],[[[123.1958,-10.58802],[123.178,-10.63356],[123.1265,-10.64254],[123.0472,-10.72532],[122.8534,-10.75584],[122.8044,-10.80657],[122.8195,-10.91942],[122.9112,-10.91875],[122.968,-10.86041],[123.0742,-10.84782],[123.1347,-10.81048],[123.2161,-10.81699],[123.2572,-10.73333],[123.4286,-10.65562],[123.3768,-10.55145],[123.4078,-10.45521],[123.2635,-10.51636],[123.1958,-10.58802]]],[[[123.9428,-8.40262],[124.0329,-8.42446],[124.0619,-8.55243],[124.1385,-8.53854],[124.2077,-8.4605],[124.2035,-8.41588],[124.2955,-8.33138],[124.3162,-8.18454],[124.2778,-8.17424],[124.1009,-8.36503],[124.057,-8.294],[123.9618,-8.34731],[123.9428,-8.40262]]],[[[123.165,-8.39172],[123.2869,-8.39409],[123.3056,-8.29655],[123.2464,-8.2287],[123.1511,-8.23307],[123.0336,-8.31035],[123.0019,-8.40353],[123.165,-8.39172]]],[[[121.8719,-10.6122],[121.9944,-10.5213],[121.9928,-10.43927],[121.8946,-10.42433],[121.8228,-10.5064],[121.6963,-10.57643],[121.7565,-10.6104],[121.8719,-10.6122]]],[[[119.4425,-8.75035],[119.4358,-8.67357],[119.5005,-8.58569],[119.5624,-8.58388],[119.5754,-8.4895],[119.5122,-8.49349],[119.4765,-8.45059],[119.4231,-8.44954],[119.4252,-8.54893],[119.3781,-8.58177],[119.4106,-8.6473],[119.3824,-8.72088],[119.4425,-8.75035]]],[[[123.3282,-10.3451],[123.4236,-10.29639],[123.4184,-10.2343],[123.4525,-10.22088],[123.4535,-10.11986],[123.3919,-10.14384],[123.3686,-10.20903],[123.3042,-10.26902],[123.3282,-10.3451]]],[[[123,-8.49739],[123.1484,-8.46317],[123.12,-8.4369],[122.9816,-8.43728],[122.9503,-8.48984],[122.8848,-8.53292],[122.8954,-8.61934],[122.9458,-8.59493],[123,-8.49739]]],[[[119.6352,-8.60281],[119.6432,-8.65507],[119.6133,-8.74851],[119.7173,-8.79128],[119.7245,-8.68237],[119.8027,-8.65049],[119.8027,-8.61757],[119.7274,-8.61727],[119.6742,-8.68424],[119.666,-8.61178],[119.6352,-8.60281]]],[[[125.5443,-8.30659],[125.5862,-8.31465],[125.6448,-8.17069],[125.6169,-8.14468],[125.5038,-8.26816],[125.5443,-8.30659]]],[[[122.3898,-8.50424],[122.4208,-8.48212],[122.3804,-8.43406],[122.3385,-8.44026],[122.3898,-8.50424]]],[[[121.7251,-8.36166],[121.7321,-8.30295],[121.681,-8.3275],[121.7251,-8.36166]]]]},"properties":{"ID":17,"kode":53,"Propinsi":"NUSA TENGGARA TIMUR","SUMBER":"Peta Dasar BAKOSURTANAL Skala 1 : 250.000"},"id":53},
    {"type":"Feature","geometry":{"type":"MultiPolygon","coordinates":[[[[115.194942,-8.732323],[115.260429,-8.703996],[115.264145,-8.655357],[115.359718,-8.577768],[115.499054,-8.547023],[115.543221,-8.499585],[115.609451,-8.505023],[115.716316,-8.397886],[115.701965,-8.354779],[115.634735,-8.322159],[115.564995,-8.233503],[115.452835,-8.162612],[115.338425,-8.111131],[115.179657,-8.058906],[115.114624,-8.079416],[114.997383,-8.17379],[114.853981,-8.195267],[114.582436,-8.116596],[114.536934,-8.138295],[114.48764,-8.09358],[114.438026,-8.0937],[114.445526,-8.21899],[114.522606,-8.33624],[114.627663,-8.407767],[114.714836,-8.394822],[114.801537,-8.414222],[114.929085,-8.474201],[115.068596,-8.591315],[115.166382,-8.717985],[115.161148,-8.779349],[115.087341,-8.835617],[115.170486,-8.847422],[115.23497,-8.799568],[115.180252,-8.757741],[115.194942,-8.732323]]],[[[115.623787,-8.773455],[115.565613,-8.670997],[115.488922,-8.672191],[115.445183,-8.722188],[115.484924,-8.767053],[115.588226,-8.818159],[115.623787,-8.773455]]]]},"properties":{"ID":18,"kode":51,"Propinsi":"BALI","SUMBER":"Peta Dasar BAKOSURTANAL Skala 1 : 250.000"},"id":51},
    {"type":"Feature","geometry":{"type":"MultiPolygon","coordinates":[[[[103.126038,-0.746429],[103.360077,-0.80318],[103.485001,-0.771112],[103.435143,-0.710556],[103.362617,-0.696942],[103.421112,-0.669167],[103.373337,-0.651111],[103.436386,-0.541945],[103.400467,-0.517549],[103.553055,-0.496112],[103.604721,-0.395834],[103.786392,-0.340556],[103.709442,-0.255829],[103.547226,-0.215831],[103.442245,-0.352848],[103.521393,-0.21111],[103.424141,-0.207049],[103.501549,-0.147554],[103.454102,-0.11187],[103.583702,-0.06066],[103.567307,-0.025967],[103.614273,-0.006715],[103.811668,-0.010834],[103.753052,0.229166],[103.712776,0.299446],[103.614403,0.345418],[103.6007,0.294215],[103.585732,0.393189],[103.414749,0.521301],[103.32621,0.545462],[103.195908,0.475206],[103.142067,0.39348],[102.859177,0.25005],[102.69117,0.248486],[102.598793,0.201912],[102.612465,0.230497],[102.899178,0.33559],[103.10733,0.455001],[103.104446,0.478611],[102.894142,0.728491],[102.674683,0.755719],[102.570236,0.738701],[102.407532,0.811556],[102.229172,0.995434],[102.191437,1.093891],[102.209427,1.187251],[102.180069,1.230281],[102.166817,1.133411],[102.149017,1.378252],[102.006752,1.45814],[101.751945,1.664723],[101.561386,1.637221],[101.409721,1.698055],[101.356941,1.779443],[101.305,2.041667],[101.078056,2.214441],[101.053665,2.28401],[100.789444,2.286945],[100.760902,2.252232],[100.795021,2.112496],[100.773567,2.081344],[100.670403,2.124381],[100.645546,2.110561],[100.43,2.272778],[100.361389,2.393055],[100.3293,2.529452],[100.307129,2.357482],[100.361328,2.201904],[100.285522,1.813293],[100.421158,1.767701],[100.411362,1.69775],[100.455322,1.629089],[100.415894,1.537212],[100.434021,1.511289],[100.381348,1.450509],[100.315857,1.416461],[100.077881,1.387211],[100.130478,1.174599],[100.183029,1.12499],[100.102188,1.09181],[100.161377,0.999161],[100.14064,0.951121],[100.081863,0.938071],[100.13134,0.902851],[100.130508,0.80901],[100.25573,0.709401],[100.206459,0.584121],[100.280533,0.41644],[100.281677,0.33296],[100.376022,0.35071],[100.451752,0.229109],[100.605743,0.183469],[100.668938,0.18083],[100.74514,0.250221],[100.812531,0.268481],[100.842186,0.189851],[100.824219,0.118061],[100.845413,0.01544],[100.809166,-0.041148],[100.776741,-0.01239],[100.733833,-0.04317],[100.781006,-0.230419],[100.838783,-0.2906],[100.844856,-0.337659],[100.907509,-0.371669],[100.915039,-0.32568],[100.996368,-0.31436],[101.036423,-0.34944],[101.024826,-0.398439],[101.068939,-0.50064],[101.162247,-0.53627],[101.253769,-0.62543],[101.359833,-0.65925],[101.395836,-0.738651],[101.595917,-0.851199],[101.650337,-0.93408],[101.845276,-0.982571],[101.914047,-0.920961],[102.007767,-0.878599],[102.116623,-0.921171],[102.165001,-0.89873],[102.20359,-0.94852],[102.306816,-0.91736],[102.326332,-0.963339],[102.38623,-0.99338],[102.382446,-1.02669],[102.44252,-1.02545],[102.48381,-1.080979],[102.616806,-1.094629],[102.63903,-1.121101],[102.779449,-1.026619],[102.789528,-0.976889],[102.913399,-0.886409],[103.007942,-0.75602],[103.126038,-0.746429]]],[[[103.208931,0.7028],[103.148483,0.66511],[103.138641,0.552931],[103.169434,0.497803],[103.30043,0.550661],[103.281151,0.653311],[103.208931,0.7028]]],[[[103.067978,0.563381],[103.083977,0.591011],[103.035622,0.660158],[103.067978,0.563381]]],[[[102.908363,0.30936],[102.819542,0.26782],[102.853996,0.26006],[102.908363,0.30936]]],[[[101.415833,1.83972],[101.454445,1.725555],[101.61528,1.688055],[101.732224,1.763888],[101.777779,1.928332],[101.777779,1.986669],[101.708885,2.091945],[101.655724,2.124963],[101.516388,2.0275],[101.446945,2.057222],[101.398056,2.0075],[101.383057,1.91056],[101.415833,1.83972]]],[[[102.03833,1.609171],[101.99855,1.584105],[102.084999,1.481667],[102.181946,1.43778],[102.294716,1.428889],[102.508278,1.254549],[102.497498,1.469171],[102.462502,1.5175],[102.03833,1.609171]]],[[[102.44252,1.08239],[102.484993,1.238279],[102.290672,1.41322],[102.213898,1.41431],[102.229706,1.352399],[102.205338,1.277218],[102.245789,1.194704],[102.236137,1.101478],[102.277443,1.003204],[102.386307,0.91344],[102.478317,0.941141],[102.44252,1.08239]]],[[[102.657677,1.03797],[102.778641,1.020097],[102.811562,1.080421],[102.854736,1.085342],[102.880127,1.042189],[102.821716,1.04924],[102.806084,0.992549],[102.88929,0.964007],[103.071854,0.831692],[103.153206,0.847245],[103.154999,0.894719],[103.003326,1.072781],[102.874504,1.134391],[102.73597,1.1547],[102.680397,1.108101],[102.657677,1.03797]]],[[[102.536591,1.127383],[102.48484,1.12999],[102.45977,1.076551],[102.500656,0.945325],[102.6082,1.005649],[102.614899,1.047572],[102.536591,1.127383]]],[[[102.905869,0.778383],[102.994003,0.689499],[103.048889,0.718611],[103.046654,0.82447],[102.77578,1.005175],[102.69558,0.937002],[102.646317,0.95067],[102.743286,0.995879],[102.737106,1.02234],[102.638046,0.97948],[102.589317,1.001665],[102.48465,0.929567],[102.440979,0.93514],[102.408745,0.887096],[102.43708,0.82588],[102.56028,0.76921],[102.691811,0.792222],[102.905869,0.778383]]],[[[103.581146,-0.077897],[103.473335,-0.108055],[103.542999,-0.121347],[103.581146,-0.077897]]],[[[100.735832,2.149445],[100.785553,2.121667],[100.739441,2.261945],[100.710281,2.21722],[100.735832,2.149445]]]]},"properties":{"ID":19,"kode":14,"Propinsi":"RIAU","SUMBER":"Peta Dasar BAKOSURTANAL Skala 1 : 250.000"},"id":14},
    {"type":"Feature","geometry":{"type":"MultiPolygon","coordinates":[[[[103.991943,1.134721],[103.920227,1.14296],[103.937225,1.08389],[103.888046,1.0925],[103.94265,1.008161],[103.990829,1.017414],[104.100166,0.982464],[104.079712,1.024154],[104.136948,1.039722],[104.138885,1.169166],[104.071953,1.18778],[104.101944,1.140834],[104.071663,1.118888],[104.013611,1.189443],[103.991943,1.134721]]],[[[103.749954,1.026713],[103.806206,0.972775],[103.791252,1.04645],[103.749954,1.026713]]],[[[103.832474,0.989007],[103.941902,0.909791],[103.974998,0.954444],[103.868256,1.037678],[103.832474,0.989007]]],[[[104.178719,0.78228],[104.265961,0.85921],[104.184509,0.88475],[104.140556,0.942221],[104.078018,0.959827],[104.09214,0.870374],[104.14537,0.856911],[104.178719,0.78228]]],[[[104.193886,0.78806],[104.196388,0.720833],[104.253304,0.692524],[104.276863,0.796511],[104.193886,0.78806]]],[[[104.264999,0.621389],[104.285561,0.66168],[104.212471,0.718914],[104.264999,0.621389]]],[[[103.375,1.13806],[103.310898,1.0875],[103.350723,1.004977],[103.438919,0.988355],[103.389725,1.066666],[103.375,1.13806]]],[[[103.448593,0.92195],[103.409561,0.892529],[103.486595,0.854903],[103.448593,0.92195]]],[[[103.932793,0.76699],[103.898209,0.854561],[103.810516,0.899544],[103.835861,0.838657],[103.918098,0.755371],[103.932793,0.76699]]],[[[103.505753,0.723843],[103.486664,0.794171],[103.370277,0.894444],[103.34333,0.800561],[103.400017,0.649092],[103.458176,0.638205],[103.505753,0.723843]]],[[[103.748337,0.886391],[103.719788,0.85222],[103.829681,0.752109],[103.83432,0.812035],[103.748337,0.886391]]],[[[103.422485,0.875584],[103.527649,0.76686],[103.494286,0.845531],[103.422485,0.875584]]],[[[103.746147,0.736406],[103.692604,0.728509],[103.741257,0.684986],[103.746147,0.736406]]],[[[104.221107,1.058612],[104.250557,1.00417],[104.331375,0.994548],[104.316818,1.039859],[104.37925,1.010575],[104.416954,1.039773],[104.498337,1.03639],[104.440353,0.99803],[104.495552,0.97972],[104.40889,0.963611],[104.498665,0.935507],[104.438118,0.932751],[104.491501,0.875025],[104.476234,0.849759],[104.594337,0.810601],[104.621002,0.900818],[104.660164,0.9152],[104.634163,0.986188],[104.657051,1.045382],[104.562225,1.190556],[104.499443,1.169166],[104.39389,1.204445],[104.311668,1.182501],[104.334999,1.145],[104.238609,1.124171],[104.221107,1.058612]]],[[[104.821388,0.968055],[104.849442,1.01333],[104.78611,1.02889],[104.821388,0.968055]]],[[[107.531166,1.02283],[107.547775,0.949444],[107.603615,0.991111],[107.531166,1.02283]]],[[[107.42778,0.97889],[107.468613,0.923334],[107.471107,0.969441],[107.42778,0.97889]]],[[[104.648331,0.86889],[104.62603,0.803713],[104.666389,0.82],[104.648331,0.86889]]],[[[104.548058,0.795278],[104.50972,0.743335],[104.587502,0.776111],[104.548058,0.795278]]],[[[104.696114,0.763334],[104.734398,0.717881],[104.757629,0.74733],[104.696114,0.763334]]],[[[104.414612,0.301367],[104.424026,0.326898],[104.328743,0.375651],[104.354446,0.313888],[104.414612,0.301367]]],[[[104.515556,0.225561],[104.504723,0.191389],[104.564049,0.115879],[104.702049,0.018291],[104.704475,0.046888],[104.514519,0.247661],[104.515556,0.225561]]],[[[104.435089,0.064922],[104.494789,0.014492],[104.492004,0.072191],[104.401947,0.162431],[104.435089,0.064922]]],[[[104.659157,-0.110831],[104.653336,-0.051667],[104.552177,0.02917],[104.531387,-0.02444],[104.493614,0.003333],[104.504997,-0.129166],[104.426109,-0.184169],[104.429169,-0.236666],[104.498611,-0.24194],[104.521667,-0.276239],[104.703331,-0.20472],[104.849167,-0.322499],[104.915833,-0.339722],[104.921944,-0.277777],[105.001732,-0.30332],[104.997498,-0.278056],[104.896942,-0.231112],[104.827225,-0.132779],[104.823334,-0.195277],[104.788055,-0.204863],[104.682777,-0.083889],[104.659157,-0.110831]]],[[[104.470001,-0.277219],[104.385834,-0.298611],[104.459717,-0.328329],[104.470001,-0.277219]]],[[[104.320831,-0.360834],[104.276947,-0.395556],[104.2425,-0.485833],[104.30722,-0.539719],[104.330559,-0.514445],[104.355835,-0.679443],[104.389168,-0.666944],[104.395279,-0.604722],[104.428886,-0.57639],[104.503326,-0.64694],[104.517776,-0.57167],[104.597427,-0.45986],[104.480415,-0.335485],[104.440277,-0.340278],[104.385834,-0.413334],[104.346947,-0.3875],[104.346107,-0.44639],[104.311119,-0.416878],[104.320831,-0.360834]]],[[[107.964722,4.66889],[108.007179,4.775322],[107.927498,4.693334],[107.964722,4.66889]]],[[[108.120285,3.726185],[108.089989,3.67947],[108.156494,3.630646],[108.223572,3.663732],[108.296234,3.657469],[108.309113,3.730069],[108.387474,3.793217],[108.407944,3.886981],[108.378372,3.856221],[108.402809,3.96678],[108.233963,4.128587],[108.242348,4.216281],[108.218857,4.23043],[108.07386,4.06799],[107.961945,4.003333],[108.061745,3.83516],[108.208305,3.802454],[108.275383,3.710817],[108.18882,3.783804],[108.120285,3.726185]]],[[[108.105278,3.637221],[108.07,3.583609],[108.121407,3.606961],[108.105278,3.637221]]],[[[106.185555,3.300832],[106.226669,3.31167],[106.226967,3.394551],[106.171387,3.332779],[106.185555,3.300832]]],[[[106.260559,3.34778],[106.226936,3.259441],[106.284164,3.224999],[106.302643,3.38014],[106.260559,3.34778]]],[[[106.202011,3.228541],[106.210556,3.120833],[106.278267,3.07611],[106.288063,3.179441],[106.202011,3.228541]]],[[[106.316948,3.163056],[106.284447,3.123055],[106.308411,3.083893],[106.343544,3.123333],[106.316948,3.163056]]],[[[105.835556,2.99167],[105.7425,2.97222],[105.739998,3.05],[105.675003,3.008611],[105.713058,2.983333],[105.693054,2.850277],[105.72583,2.816667],[105.769997,2.839166],[105.78389,2.907499],[105.828056,2.910556],[105.835556,2.99167]]],[[[107.785553,3.02028],[107.757477,2.971379],[107.813263,2.98029],[107.785553,3.02028]]],[[[108.867599,3.010284],[108.774979,2.89059],[108.817139,2.843667],[108.884453,2.879908],[108.890396,2.99946],[108.867599,3.010284]]],[[[106.221657,2.745001],[106.254448,2.72389],[106.228333,2.804441],[106.196114,2.811112],[106.221657,2.745001]]],[[[109.053337,2.495001],[109.120514,2.530496],[108.975914,2.555733],[108.979179,2.520744],[109.053337,2.495001]]],[[[108.949013,2.500911],[108.906662,2.501989],[108.933647,2.44834],[108.973106,2.454099],[108.949013,2.500911]]]]},"properties":{"ID":76,"kode":21,"Propinsi":"KEPULAUAN RIAU","SUMBER":"Peta Dasar BAKOSURTANAL Skala 1 : 250.000"},"id":21},
    {"type":"Feature","geometry":{"type":"Polygon","coordinates":[[[119.596573,-2.294341],[119.61335,-2.204939],[119.727409,-2.07925],[119.817101,-2.044529],[119.873543,-1.948739],[119.860428,-1.87573],[119.909172,-1.834719],[119.867416,-1.76982],[119.756668,-1.755519],[119.777779,-1.692499],[119.659027,-1.50289],[119.695396,-1.450899],[119.623283,-1.395169],[119.529373,-1.427779],[119.423126,-1.356679],[119.508636,-1.31016],[119.474258,-1.287229],[119.581657,-1.25812],[119.610977,-1.12573],[119.584396,-1.118209],[119.550926,-1.008439],[119.553627,-0.860949],[119.464722,-1.06861],[119.376663,-1.165556],[119.339722,-1.17],[119.30278,-1.273612],[119.332779,-1.349445],[119.291656,-1.390281],[119.28833,-1.450555],[119.325836,-1.589167],[119.28167,-1.68972],[119.311111,-1.798611],[119.363609,-1.853891],[119.330559,-1.962223],[119.288063,-1.9525],[119.211937,-1.99778],[119.187775,-2.151111],[119.144722,-2.200281],[119.121391,-2.319721],[119.144447,-2.470001],[119.044724,-2.506667],[119.030479,-2.58205],[118.91111,-2.666111],[118.868889,-2.679672],[118.818298,-2.61948],[118.756668,-2.785],[118.769447,-2.867222],[118.84639,-2.849721],[118.886108,-2.890834],[118.838623,-3.081085],[118.775139,-3.10422],[118.828476,-3.168945],[118.85833,-3.30111],[118.845711,-3.379756],[118.936943,-3.570281],[118.996391,-3.564717],[119.021446,-3.512368],[119.108658,-3.516343],[119.236168,-3.479168],[119.304726,-3.425277],[119.373055,-3.463334],[119.490921,-3.48397],[119.396072,-3.19317],[119.484596,-3.18489],[119.539963,-3.133521],[119.62973,-3.113259],[119.534187,-2.94152],[119.5252,-2.793351],[119.493317,-2.74063],[119.643578,-2.75641],[119.73996,-2.71976],[119.761757,-2.677659],[119.751106,-2.604909],[119.700089,-2.553469],[119.720917,-2.500069],[119.689026,-2.437739],[119.715866,-2.39282],[119.690308,-2.33612],[119.596573,-2.294341]]]},"properties":{"ID":77,"kode":76,"Propinsi":"SULAWESI BARAT","SUMBER":"Peta Dasar BAKOSURTANAL Skala 1 : 250.000"},"id":76},
    {"type":"Feature","geometry":{"type":"MultiPolygon","coordinates":[[[[122.188141,1.045298],[122.105263,1.073977],[121.991379,1.027292],[121.936829,1.106721],[121.858894,1.099807],[121.707085,1.060967],[121.561028,1.069681],[121.483253,1.112933],[121.431061,1.172257],[121.43441,1.230314],[121.470947,1.272841],[121.44651,1.318008],[121.407257,1.269449],[121.232872,1.241835],[121.100578,1.321008],[121.065201,1.308341],[120.976059,1.348508],[120.83316,1.320694],[120.808014,1.271],[120.824081,1.183676],[120.776329,1.112198],[120.78904,1.036012],[120.721901,0.959311],[120.67897,0.960633],[120.606506,0.872798],[120.577087,0.769187],[120.388908,0.801644],[120.328423,0.85386],[120.347801,0.986282],[120.246323,0.957992],[120.231522,0.792128],[120.131271,0.739655],[120.07708,0.73949],[120.017326,0.662879],[120.045471,0.508192],[119.999992,0.48103],[119.912537,0.474808],[119.87677,0.437173],[119.889595,0.39088],[119.849724,0.35105],[119.906456,0.230215],[119.886375,0.210903],[119.803307,0.235098],[119.773888,0.195469],[119.869308,0.103943],[119.888161,-0.012285],[119.836311,-0.110336],[119.777496,-0.112435],[119.719109,-0.007734],[119.606422,-0.011014],[119.675064,-0.120693],[119.730637,-0.144836],[119.793221,-0.1203],[119.817886,-0.188819],[119.777512,-0.278784],[119.759331,-0.489319],[119.82312,-0.687051],[119.858978,-0.711951],[119.877937,-0.860083],[119.844048,-0.881364],[119.810547,-0.824481],[119.761536,-0.681504],[119.725906,-0.65805],[119.672073,-0.701232],[119.680214,-0.767804],[119.620102,-0.827921],[119.551262,-0.861102],[119.567673,-1.02293],[119.603714,-1.166935],[119.570869,-1.272736],[119.505157,-1.277503],[119.505386,-1.30987],[119.431,-1.336197],[119.450577,-1.395969],[119.497852,-1.394083],[119.516769,-1.436377],[119.639478,-1.405974],[119.696596,-1.459508],[119.659355,-1.496283],[119.669128,-1.545653],[119.732208,-1.607528],[119.775932,-1.693306],[119.762688,-1.764873],[119.865753,-1.770845],[119.907639,-1.835855],[119.815765,-2.015383],[119.887428,-2.045559],[119.994949,-1.963335],[120.101303,-1.966918],[120.11956,-2.008276],[120.181938,-2.029071],[120.26606,-2.022335],[120.329796,-2.054484],[120.383064,-1.890121],[120.469643,-1.962179],[120.480461,-1.998821],[120.595131,-2.138367],[120.74411,-2.228615],[120.821678,-2.207236],[120.953987,-2.237536],[121.15377,-2.328169],[121.304352,-2.365168],[121.391274,-2.409437],[121.510712,-2.495261],[121.56945,-2.49626],[121.700546,-2.548773],[121.797012,-2.710249],[121.81871,-2.763949],[121.899376,-2.80432],[121.940231,-2.932159],[122.000359,-2.962439],[122.090057,-2.961801],[122.130539,-3.015782],[122.191582,-3.032609],[122.190437,-3.094346],[122.274086,-3.138374],[122.285965,-3.253934],[122.312798,-3.271106],[122.323967,-3.240767],[122.428352,-3.248899],[122.425407,-3.203624],[122.486099,-3.180516],[122.412956,-3.128048],[122.383438,-3.143221],[122.25071,-3.022647],[122.319016,-2.914855],[122.292221,-2.890996],[122.180618,-2.869903],[122.181404,-2.823496],[122.085533,-2.788894],[122.004349,-2.712314],[122.033119,-2.65964],[121.986511,-2.601621],[121.957466,-2.521174],[121.839111,-2.348679],[121.724426,-2.20448],[121.680809,-2.181712],[121.549866,-2.171898],[121.525383,-2.049364],[121.418983,-1.939971],[121.375557,-1.963591],[121.317474,-1.937669],[121.333565,-1.87836],[121.291077,-1.858329],[121.322395,-1.77549],[121.372246,-1.809819],[121.451309,-1.804206],[121.462646,-1.864683],[121.525887,-1.893084],[121.565193,-1.949181],[121.684959,-1.943017],[121.749054,-1.887227],[121.809525,-1.730459],[121.8778,-1.675358],[121.959595,-1.675115],[122.023979,-1.613491],[122.220932,-1.595521],[122.316772,-1.522827],[122.390541,-1.48866],[122.415749,-1.437588],[122.556595,-1.30897],[122.560532,-1.262113],[122.618118,-1.238488],[122.63237,-1.171871],[122.708473,-1.134077],[122.723732,-1.085598],[122.794479,-0.999178],[122.790009,-0.950041],[122.978981,-0.905142],[123.056534,-0.902925],[123.101006,-0.840044],[123.147484,-0.889334],[123.144241,-0.943434],[123.263397,-1.05125],[123.34938,-1.03729],[123.452087,-0.765581],[123.381783,-0.675253],[123.409821,-0.660818],[123.273453,-0.591004],[123.113899,-0.574524],[123.014275,-0.603136],[122.956444,-0.648756],[122.936707,-0.627541],[122.811676,-0.634691],[122.762383,-0.702591],[122.879929,-0.722777],[122.914139,-0.768896],[122.77961,-0.777899],[122.685989,-0.814966],[122.627403,-0.767298],[122.526512,-0.787241],[122.455696,-0.763],[122.417145,-0.786604],[122.312874,-0.79761],[122.202255,-0.790099],[122.151131,-0.864294],[122.140907,-0.926582],[122.101791,-0.963619],[122.005463,-0.941112],[121.949707,-0.997026],[121.79818,-0.96249],[121.768211,-0.973061],[121.654663,-0.911058],[121.65081,-0.806444],[121.587563,-0.869395],[121.472191,-0.905653],[121.446655,-0.974778],[121.391403,-1.007929],[121.300293,-1.103074],[121.277924,-1.157306],[121.21608,-1.211487],[121.201614,-1.279033],[121.117386,-1.423487],[121.050652,-1.441153],[120.978638,-1.403112],[120.858665,-1.41577],[120.842125,-1.368169],[120.729805,-1.384694],[120.690422,-1.420703],[120.6409,-1.37013],[120.637337,-1.313295],[120.570587,-1.253602],[120.591782,-1.168508],[120.505188,-0.999639],[120.458672,-0.993287],[120.40947,-0.924922],[120.31295,-0.967754],[120.218369,-0.845644],[120.102646,-0.729293],[120.054924,-0.630386],[120.046967,-0.490172],[120.070221,-0.443157],[120.00975,-0.29075],[120.008202,-0.176373],[120.040031,-0.140389],[120.031914,-0.088148],[120.089226,-0.040358],[120.121338,0.157835],[120.211548,0.269989],[120.304108,0.413597],[120.364449,0.452948],[120.528976,0.514094],[120.698936,0.508861],[120.730331,0.473514],[120.861519,0.438808],[120.905403,0.393952],[121.032486,0.439164],[121.088135,0.397582],[121.152977,0.409079],[121.183212,0.459422],[121.246132,0.462963],[121.296829,0.496804],[121.345665,0.474487],[121.35453,0.571319],[121.247383,0.597502],[121.168579,0.690562],[121.225578,0.708211],[121.294579,0.82408],[121.386032,0.870693],[121.499672,0.850688],[121.754608,0.926077],[121.882187,0.9727],[121.968292,0.894658],[121.993927,0.94102],[122.067818,0.997213],[122.188141,1.045298]],[[120.531853,-1.873765],[120.530083,-1.7894],[120.599411,-1.790897],[120.657585,-1.881136],[120.672348,-1.972287],[120.707199,-2.024403],[120.685783,-2.066975],[120.631844,-2.059787],[120.606293,-1.995662],[120.528267,-1.913569],[120.531853,-1.873765]]],[[[123.169479,-1.634564],[123.229568,-1.599808],[123.26075,-1.470734],[123.300964,-1.414419],[123.367729,-1.503777],[123.459213,-1.518635],[123.539093,-1.397947],[123.556793,-1.288018],[123.440392,-1.235385],[123.360313,-1.231369],[123.284081,-1.361707],[123.248268,-1.394754],[123.191849,-1.327573],[123.2453,-1.232014],[123.186867,-1.162364],[123.145302,-1.208792],[123.109581,-1.169781],[122.97934,-1.202721],[122.904968,-1.184323],[122.833527,-1.271164],[122.791542,-1.383733],[122.78537,-1.451908],[122.820557,-1.480622],[122.865974,-1.600239],[122.909073,-1.605003],[123.021568,-1.495429],[123.103828,-1.349413],[123.157669,-1.31768],[123.185196,-1.513129],[123.103592,-1.583008],[123.169479,-1.634564]]],[[[123.476669,-1.656222],[123.492409,-1.71136],[123.576256,-1.726763],[123.615463,-1.694854],[123.627731,-1.62471],[123.571487,-1.607135],[123.547562,-1.509387],[123.501411,-1.507485],[123.476669,-1.656222]]],[[[121.914711,-0.453557],[121.843658,-0.414951],[121.783325,-0.451543],[121.754837,-0.431368],[121.694901,-0.492329],[121.662193,-0.558711],[121.701439,-0.564406],[121.73484,-0.512026],[121.834412,-0.496036],[121.917236,-0.519645],[121.914711,-0.453557]]],[[[121.96521,-0.420374],[122.059982,-0.404818],[122.054825,-0.352623],[121.872589,-0.35888],[121.8722,-0.416031],[121.916389,-0.440287],[121.96521,-0.420374]]],[[[123.135948,-1.780573],[123.092239,-1.770375],[123.062195,-1.831136],[123.063591,-1.920046],[123.140778,-1.866415],[123.135948,-1.780573]]],[[[122.096016,-0.40342],[122.149895,-0.39855],[122.098,-0.295803],[122.056259,-0.36745],[122.096016,-0.40342]]],[[[123.86039,-1.997033],[123.80835,-1.893784],[123.772453,-1.903466],[123.789017,-1.979887],[123.86039,-1.997033]]],[[[122.362381,-0.362636],[122.375923,-0.284257],[122.306877,-0.23959],[122.29538,-0.268201],[122.362381,-0.362636]]],[[[121.620766,-0.211886],[121.644028,-0.13074],[121.601471,-0.129324],[121.562981,-0.181929],[121.620766,-0.211886]]],[[[123.31263,-1.720765],[123.267799,-1.787167],[123.314911,-1.784292],[123.39093,-1.708563],[123.360176,-1.677891],[123.31263,-1.720765]]],[[[123.325485,-1.200815],[123.274651,-1.221891],[123.313316,-1.265722],[123.325485,-1.200815]]]]},"properties":{"ID":20,"kode":72,"Propinsi":"SULAWESI TENGAH","SUMBER":"Peta Dasar BAKOSURTANAL Skala 1 : 250.000"},"id":72},
    {"type":"Feature","geometry":{"type":"MultiPolygon","coordinates":[[[[123.465736,0.330308],[123.683281,0.30451],[123.814941,0.337797],[124.065895,0.36997],[124.08503,0.38917],[124.281578,0.404371],[124.32338,0.442996],[124.512131,0.473545],[124.495369,0.548974],[124.560966,0.58909],[124.554062,0.635617],[124.625069,0.7633],[124.725716,0.893974],[124.763794,0.888915],[124.788437,0.943151],[124.883057,0.963803],[125.020775,1.146533],[125.07621,1.367611],[125.147789,1.439471],[125.229156,1.461808],[125.242546,1.505849],[125.154076,1.579512],[125.111847,1.663243],[125.014381,1.693482],[124.994385,1.754779],[124.86174,1.604014],[124.806114,1.5772],[124.845001,1.523865],[124.829369,1.468621],[124.746124,1.4518],[124.674355,1.396016],[124.626411,1.418952],[124.533218,1.356623],[124.51638,1.302175],[124.589989,1.269574],[124.583717,1.194596],[124.544029,1.214211],[124.489716,1.18741],[124.41391,1.196132],[124.345238,1.158185],[124.357475,1.136346],[124.308136,1.021709],[124.197304,0.986574],[124.137665,0.928344],[124.075935,0.923523],[123.920517,0.849172],[123.784668,0.835112],[123.605904,0.906905],[123.553619,0.891023],[123.266968,0.919489],[123.222198,0.951997],[123.183815,0.906404],[123.117294,0.92862],[123.1465,0.881753],[123.240799,0.83596],[123.257477,0.749624],[123.368813,0.661965],[123.494171,0.636227],[123.527229,0.57175],[123.51918,0.449638],[123.465736,0.330308]]],[[[126.688919,4.37135],[126.714409,4.282143],[126.788681,4.253698],[126.733093,4.127583],[126.664978,4.057411],[126.761673,4.012424],[126.799889,4.058125],[126.792336,4.169112],[126.9142,4.283608],[126.851578,4.38552],[126.855713,4.498095],[126.805336,4.546466],[126.750732,4.560368],[126.720451,4.525645],[126.688919,4.37135]]],[[[125.650261,3.509186],[125.573135,3.580348],[125.597404,3.60578],[125.509193,3.716769],[125.422775,3.724515],[125.398689,3.663957],[125.51297,3.5587],[125.485748,3.47762],[125.523735,3.433616],[125.640015,3.37788],[125.678253,3.424114],[125.650261,3.509186]]],[[[125.379097,2.797428],[125.357231,2.737662],[125.449631,2.75286],[125.422615,2.805127],[125.379097,2.797428]]],[[[126.723343,3.903965],[126.704918,3.95399],[126.667656,3.946121],[126.678856,3.872737],[126.723343,3.903965]]],[[[126.82341,3.745728],[126.849304,3.770062],[126.798347,3.854081],[126.742836,3.864257],[126.753197,3.806978],[126.82341,3.745728]]],[[[125.37558,2.35449],[125.439598,2.319543],[125.4674,2.352841],[125.434448,2.386659],[125.37558,2.35449]]],[[[125.129044,1.830128],[125.132607,1.753805],[125.181602,1.774388],[125.129044,1.830128]]]]},"properties":{"ID":22,"kode":71,"Propinsi":"SULAWESI UTARA","SUMBER":"Peta Dasar BAKOSURTANAL Skala 1 : 250.000"},"id":71},
    {"type":"Feature","geometry":{"type":"MultiPolygon","coordinates":[[[[98.25574,4.290953],[98.145401,4.287369],[98.090927,4.19672],[98.059311,4.190727],[98.023132,3.969775],[97.89991,3.89141],[97.908562,3.820508],[97.803185,3.731739],[97.869896,3.57131],[97.906899,3.553616],[97.949715,3.391531],[98.029823,3.329871],[97.984924,3.275573],[97.872261,3.249049],[97.925278,3.226437],[97.983467,3.083911],[97.939224,3.071936],[97.954605,2.900333],[98.006783,2.889557],[98.042084,2.828039],[98.088196,2.821929],[98.086838,2.7349],[98.12426,2.655123],[98.085129,2.63422],[98.075233,2.57553],[98.112091,2.424448],[98.155571,2.413039],[98.18766,2.319383],[98.153148,2.146027],[98.271065,2.049494],[98.338593,2.045849],[98.389442,2.007457],[98.466949,1.987465],[98.611458,1.838434],[98.67894,1.740839],[98.707138,1.789281],[98.769341,1.7595],[98.840958,1.628664],[98.759827,1.528909],[98.777878,1.434891],[98.844856,1.333901],[98.839851,1.286661],[98.910728,1.122399],[98.969215,0.931165],[98.991776,0.822795],[99.057587,0.726479],[99.135689,0.435732],[99.109512,0.342637],[99.153839,0.308747],[99.16198,0.231812],[99.235527,0.327712],[99.331474,0.362899],[99.407265,0.493468],[99.499702,0.538817],[99.587463,0.516625],[99.640007,0.547226],[99.670876,0.481021],[99.716553,0.454064],[99.765022,0.481917],[99.82309,0.461878],[99.908188,0.474805],[99.964767,0.554445],[99.919365,0.605901],[99.914688,0.680979],[99.845169,0.686254],[99.835236,0.889678],[99.881943,0.90572],[99.957077,0.875112],[100.083336,0.791869],[100.183716,0.761895],[100.140305,0.797662],[100.132614,0.891546],[100.092819,0.915075],[100.161377,0.999156],[100.108658,1.071883],[100.16082,1.151491],[100.130478,1.174596],[100.123497,1.254924],[100.077881,1.387209],[100.242752,1.392655],[100.408829,1.470363],[100.415886,1.537141],[100.455269,1.629147],[100.408333,1.777267],[100.292068,1.802315],[100.322128,1.919015],[100.322708,2.014011],[100.360146,2.220377],[100.309578,2.34065],[100.302208,2.413565],[100.33075,2.534235],[100.241371,2.637462],[100.222885,2.703859],[100.098732,2.676424],[100.060226,2.733359],[99.981476,2.742654],[100.000282,2.799706],[99.998863,2.93651],[99.917145,2.979943],[99.737755,3.170621],[99.670906,3.209138],[99.546608,3.244231],[99.485054,3.348217],[99.372841,3.402371],[99.205673,3.535731],[99.131668,3.565329],[98.991402,3.652537],[98.788483,3.718319],[98.70237,3.811335],[98.672783,3.9084],[98.558937,3.939592],[98.528557,4.011974],[98.435066,4.039406],[98.387726,4.076143],[98.30899,4.072206],[98.272324,4.119934],[98.171654,4.108615],[98.168282,4.159943],[98.251678,4.20263],[98.25574,4.290953]],[[98.92707,2.662123],[98.924484,2.584452],[99.027946,2.516789],[99.062157,2.391961],[99.148209,2.430922],[99.151482,2.391701],[99.055664,2.329031],[99.029228,2.357742],[98.991257,2.324367],[98.917976,2.348454],[98.854034,2.333492],[98.733681,2.51731],[98.667595,2.545009],[98.69825,2.601211],[98.72554,2.532148],[98.874153,2.425913],[98.98819,2.455078],[98.921768,2.541882],[98.854713,2.665531],[98.777992,2.739367],[98.723587,2.754783],[98.695267,2.72581],[98.683029,2.637003],[98.616501,2.648208],[98.624992,2.681004],[98.527939,2.792798],[98.531593,2.892692],[98.625786,2.878684],[98.79274,2.79301],[98.922714,2.694872],[98.92707,2.662123]]],[[[97.500496,0.916113],[97.58802,0.838179],[97.645798,0.737644],[97.658752,0.659734],[97.704224,0.559856],[97.795334,0.558244],[97.8918,0.628914],[97.875778,0.743668],[97.89946,0.793721],[97.893776,0.898828],[97.935623,0.960954],[97.889046,1.051632],[97.854446,1.053744],[97.787994,1.149787],[97.678436,1.177108],[97.530159,1.407647],[97.476486,1.468499],[97.340027,1.4905],[97.257141,1.410369],[97.19696,1.395284],[97.122917,1.424893],[97.073105,1.417242],[97.136726,1.3638],[97.182999,1.289336],[97.253624,1.231068],[97.358147,1.075364],[97.399849,0.942146],[97.500496,0.916113]]],[[[98.409668,-0.596789],[98.498367,-0.555216],[98.516144,-0.35539],[98.442184,-0.244816],[98.436165,-0.295887],[98.380356,-0.337618],[98.370155,-0.452895],[98.341278,-0.512249],[98.409668,-0.596789]]],[[[98.371108,0.005866],[98.314896,-0.011829],[98.356728,-0.054339],[98.384697,-0.132913],[98.51564,-0.321089],[98.56321,-0.328114],[98.568024,-0.27773],[98.488098,-0.203953],[98.465797,-0.0922],[98.371108,0.005866]]],[[[98.598198,0.094976],[98.74559,0.073061],[98.777519,0.098079],[98.844627,0.082099],[98.850594,0.117946],[98.796844,0.171431],[98.717834,0.159357],[98.60891,0.183891],[98.522354,0.144102],[98.5308,0.106037],[98.598198,0.094976]]],[[[98.460686,1.702748],[98.444466,1.652204],[98.50116,1.625],[98.460686,1.702748]]]]},"properties":{"ID":24,"kode":12,"Propinsi":"SUMATERA UTARA","SUMBER":"Peta Dasar BAKOSURTANAL Skala 1 : 250.000"},"id":12},
    {"type":"Feature","geometry":{"type":"MultiPolygon","coordinates":[[[[105.106688,-2.022016],[105.128064,-2.082688],[105.217216,-2.06432],[105.301184,-2.142848],[105.358336,-2.12],[105.437184,-2.133312],[105.503616,-2.080512],[105.55904,-2.08192],[105.590464,-2.119936],[105.733952,-2.128384],[105.776192,-2.156288],[105.785856,-2.244864],[105.82368,-2.30688],[105.801792,-2.35872],[105.831104,-2.40768],[105.932224,-2.473024],[105.884544,-2.635776],[105.91584,-2.735872],[105.962816,-2.805312],[106.097408,-2.833472],[106.276224,-2.902592],[106.330944,-2.963264],[106.412288,-2.966656],[106.520832,-3.112192],[106.562496,-3.0832],[106.704064,-3.09504],[106.742592,-3.053824],[106.737536,-3.004288],[106.595136,-2.953152],[106.587264,-2.916224],[106.65664,-2.72064],[106.705984,-2.641472],[106.798336,-2.5664],[106.515712,-2.511936],[106.444928,-2.470464],[106.340864,-2.45632],[106.23424,-2.328064],[106.225216,-2.258176],[106.175616,-2.150848],[106.153344,-2.016064],[106.163776,-1.92672],[106.192512,-1.896128],[106.146688,-1.85952],[106.04224,-1.698368],[106.008896,-1.567616],[105.876224,-1.51872],[105.753664,-1.531264],[105.72064,-1.57952],[105.764864,-1.648128],[105.744704,-1.68576],[105.792768,-1.755264],[105.731264,-1.780544],[105.674432,-1.761728],[105.65472,-1.716672],[105.714752,-1.655552],[105.644352,-1.641792],[105.600512,-1.545152],[105.464384,-1.560448],[105.360896,-1.649792],[105.334016,-1.693568],[105.393152,-1.779392],[105.34688,-1.841024],[105.124608,-1.957248],[105.106688,-2.022016]]],[[[107.62494,-2.74277],[107.598656,-2.788224],[107.600064,-2.858496],[107.545408,-2.902208],[107.610816,-2.926144],[107.569728,-3.027648],[107.628416,-3.142848],[107.589952,-3.197696],[107.642048,-3.23136],[107.713856,-3.18752],[107.839552,-3.146784],[107.85152,-3.053248],[107.961664,-3.149376],[107.96832,-3.237568],[108.062976,-3.235776],[108.073408,-3.166144],[108.169472,-3.14816],[108.209472,-3.048064],[108.199616,-3.011008],[108.245184,-2.908544],[108.290432,-2.85312],[108.26048,-2.766976],[108.183744,-2.6768],[108.083328,-2.606464],[107.994752,-2.57472],[107.909824,-2.575872],[107.81536,-2.53632],[107.769664,-2.556928],[107.662464,-2.5584],[107.618688,-2.695936],[107.62494,-2.74277]]],[[[106.881216,-2.999872],[106.900608,-2.935168],[106.803776,-2.885888],[106.707712,-2.962624],[106.793344,-3.019648],[106.872896,-3.028288],[106.881216,-2.999872]]],[[[107.488,-2.853568],[107.426752,-2.828096],[107.362176,-2.896256],[107.416256,-2.94496],[107.472128,-2.908416],[107.488,-2.853568]]],[[[107.094272,-2.87296],[107.054208,-2.81888],[107.020736,-2.873088],[107.0608,-2.907392],[107.094272,-2.87296]]]]},"properties":{"ID":25,"kode":19,"Propinsi":"BANGKA BELITUNG","SUMBER":"Peta Dasar BAKOSURTANAL Skala 1 : 250.000"},"id":19},
    {"type":"Feature","geometry":{"type":"MultiPolygon","coordinates":[[[[99.16198,0.231812],[99.253555,0.211412],[99.353981,0.230505],[99.394257,0.152445],[99.471992,0.134715],[99.610626,0.069696],[99.765541,-0.065272],[99.750984,-0.153287],[99.806374,-0.245461],[99.820641,-0.306837],[99.886421,-0.349305],[99.918625,-0.404366],[100.080696,-0.549656],[100.117134,-0.631379],[100.269402,-0.782622],[100.342545,-0.882115],[100.364952,-0.995286],[100.410194,-1.037552],[100.382729,-1.178114],[100.417633,-1.200178],[100.402206,-1.268252],[100.458786,-1.26039],[100.544067,-1.308304],[100.576469,-1.376961],[100.555435,-1.403785],[100.633499,-1.562898],[100.64151,-1.618727],[100.684204,-1.661846],[100.78273,-1.819229],[100.858192,-1.919218],[100.884331,-2.042843],[100.831245,-2.188847],[100.877205,-2.247514],[100.897308,-2.337769],[101.027755,-2.482182],[101.155373,-2.390157],[101.244644,-2.344946],[101.294159,-2.280203],[101.291611,-2.133106],[101.243668,-2.021798],[101.194092,-1.989151],[101.144699,-1.917723],[101.124443,-1.78474],[101.125816,-1.679094],[101.18763,-1.677177],[101.21579,-1.714355],[101.415512,-1.671203],[101.492464,-1.681019],[101.567154,-1.572305],[101.694035,-1.480637],[101.720899,-1.42113],[101.691318,-1.397239],[101.719172,-1.344921],[101.689585,-1.295043],[101.709229,-1.237597],[101.815407,-1.209807],[101.878525,-1.110225],[101.830315,-1.10193],[101.821533,-0.977189],[101.6539,-0.935173],[101.595917,-0.8512],[101.500015,-0.807856],[101.407272,-0.736848],[101.359833,-0.659254],[101.256569,-0.626754],[101.181267,-0.549494],[101.06768,-0.498227],[101.024826,-0.398442],[101.031708,-0.340868],[100.94133,-0.312437],[100.910423,-0.370743],[100.833672,-0.318377],[100.838776,-0.290596],[100.781006,-0.23042],[100.748398,-0.065219],[100.770103,-0.033094],[100.753342,0.048535],[100.792191,0.120829],[100.778122,0.169268],[100.727119,0.193165],[100.605743,0.183473],[100.464088,0.222191],[100.394623,0.339763],[100.281677,0.332958],[100.282326,0.408069],[100.219559,0.524918],[100.205925,0.593234],[100.25573,0.709395],[100.183716,0.761895],[100.083336,0.791869],[99.957077,0.875112],[99.881943,0.90572],[99.835236,0.889678],[99.845169,0.686254],[99.914688,0.680979],[99.919365,0.605901],[99.964767,0.554445],[99.908188,0.474805],[99.82309,0.461878],[99.765022,0.481917],[99.716553,0.454064],[99.670876,0.481021],[99.640007,0.547226],[99.587463,0.516625],[99.499702,0.538817],[99.407265,0.493468],[99.331474,0.362899],[99.235527,0.327712],[99.16198,0.231812]],[[100.148926,-0.294198],[100.194832,-0.252879],[100.226418,-0.288869],[100.218018,-0.396025],[100.165375,-0.388144],[100.148926,-0.294198]],[[100.500008,-0.534535],[100.544914,-0.55475],[100.59713,-0.680994],[100.540764,-0.666713],[100.487389,-0.577913],[100.500008,-0.534535]]],[[[99.263031,-1.718946],[99.280853,-1.628746],[99.22258,-1.605247],[99.192131,-1.505583],[99.159073,-1.492668],[99.162605,-1.427637],[99.095047,-1.360714],[99.069817,-1.264657],[99.003639,-1.159117],[98.997421,-1.109993],[98.930374,-1.056429],[98.905327,-0.907312],[98.786461,-0.954942],[98.715179,-0.94198],[98.65641,-0.979386],[98.64505,-1.10431],[98.597008,-1.222869],[98.628815,-1.283929],[98.798141,-1.519863],[98.81971,-1.61324],[98.872444,-1.675564],[99.104195,-1.809051],[99.170258,-1.775342],[99.241554,-1.791817],[99.263031,-1.718946]]],[[[100.432472,-3.000107],[100.354225,-2.895449],[100.261101,-2.820208],[100.23597,-2.778423],[100.17469,-2.801497],[100.200531,-2.933076],[100.186508,-2.986326],[100.228333,-3.045524],[100.296883,-3.080192],[100.332291,-3.129642],[100.325836,-3.212034],[100.421425,-3.310643],[100.475174,-3.334633],[100.389984,-3.197419],[100.394447,-3.149384],[100.468422,-3.144241],[100.465523,-3.033659],[100.432472,-3.000107]]],[[[99.995766,-2.749434],[100.015343,-2.805559],[100.11644,-2.831824],[100.221405,-2.740431],[100.168579,-2.640264],[100.070412,-2.575727],[99.994774,-2.498358],[99.970131,-2.509001],[100.004059,-2.723478],[99.995766,-2.749434]]],[[[99.822586,-2.306719],[99.783386,-2.28467],[99.710625,-2.154402],[99.689621,-2.074452],[99.618942,-2.025629],[99.545197,-2.067696],[99.571342,-2.143682],[99.52739,-2.152481],[99.598953,-2.281999],[99.673538,-2.286497],[99.74221,-2.344413],[99.833534,-2.360941],[99.822586,-2.306719]]]]},"properties":{"ID":26,"kode":13,"Propinsi":"SUMATERA BARAT","SUMBER":"Peta Dasar BAKOSURTANAL Skala 1 : 250.000"},"id":13},
    {"type":"Feature","geometry":{"type":"Polygon","coordinates":[[[103.777597,-4.796539],[103.864089,-4.847539],[103.86399,-4.918034],[103.93436,-4.886683],[103.955718,-4.904517],[104.060074,-4.894125],[104.160093,-4.922752],[104.190925,-4.865033],[104.311096,-4.885782],[104.349944,-4.85207],[104.303461,-4.764368],[104.294205,-4.647204],[104.332608,-4.612251],[104.311634,-4.521019],[104.330181,-4.424722],[104.448685,-4.298732],[104.601004,-4.232642],[104.788078,-4.261929],[104.966435,-4.170873],[105.011985,-4.173651],[105.063462,-4.11991],[105.112688,-3.999992],[105.201302,-3.892022],[105.245973,-3.907812],[105.290791,-3.839618],[105.281975,-3.798395],[105.339727,-3.729057],[105.353288,-3.794026],[105.414685,-3.776846],[105.432106,-3.826865],[105.476404,-3.821803],[105.51181,-3.870661],[105.609012,-3.941194],[105.651817,-4.087366],[105.705254,-4.098131],[105.736504,-4.14257],[105.785599,-4.117105],[105.82164,-4.166204],[105.840332,-4.159925],[105.866005,-4.018025],[105.956879,-3.848718],[105.92809,-3.777244],[105.827038,-3.712559],[105.815506,-3.649148],[105.843343,-3.525817],[105.912909,-3.384527],[106.015045,-3.287257],[106.07856,-3.250618],[106.079933,-3.193721],[106.046761,-3.109661],[106.043472,-2.992686],[106.007011,-2.965389],[105.858688,-2.955325],[105.78997,-2.874425],[105.787621,-2.712982],[105.633308,-2.645045],[105.601795,-2.553382],[105.625537,-2.432843],[105.615726,-2.390048],[105.55791,-2.419285],[105.531751,-2.395946],[105.294975,-2.370025],[105.227684,-2.334802],[105.122139,-2.382225],[104.997681,-2.337891],[104.934425,-2.343508],[104.913132,-2.283812],[104.853081,-2.288282],[104.853889,-2.239455],[104.908005,-2.147511],[104.899483,-2.091442],[104.847588,-2.007696],[104.686527,-1.992045],[104.649983,-1.913998],[104.552302,-1.854772],[104.519772,-1.925953],[104.475063,-1.913292],[104.482233,-1.837572],[104.536062,-1.796749],[104.544899,-1.725683],[104.515165,-1.67627],[104.418398,-1.628021],[104.362201,-1.642867],[104.351075,-1.741535],[104.30012,-1.774048],[104.272829,-1.743732],[104.072833,-1.805048],[103.980489,-1.809214],[103.925284,-1.750187],[103.863641,-1.803907],[103.597851,-1.813841],[103.552617,-1.891252],[103.500085,-1.857687],[103.441719,-1.913766],[103.56171,-2.000056],[103.513543,-2.084383],[103.526903,-2.167123],[103.453247,-2.177541],[103.465737,-2.249964],[103.449943,-2.343645],[103.303619,-2.238668],[103.273361,-2.154748],[103.164581,-2.219417],[103.211938,-2.312515],[103.123599,-2.357747],[103.054261,-2.312252],[102.98499,-2.338936],[102.878348,-2.304883],[102.839739,-2.358138],[102.875275,-2.407647],[102.73603,-2.577646],[102.64112,-2.609328],[102.597958,-2.677392],[102.517768,-2.677439],[102.490935,-2.70477],[102.405707,-2.688557],[102.387126,-2.648317],[102.33295,-2.65582],[102.279852,-2.615552],[102.23631,-2.687767],[102.066829,-2.766654],[102.12852,-2.834456],[102.132041,-2.87452],[102.223949,-2.929184],[102.247734,-3.027864],[102.322517,-3.068047],[102.389915,-3.044319],[102.441376,-3.057934],[102.485085,-3.1067],[102.491776,-3.244821],[102.596323,-3.333274],[102.640813,-3.349581],[102.742687,-3.315027],[102.773751,-3.280437],[102.816825,-3.333799],[102.888499,-3.375246],[102.989653,-3.370434],[102.998046,-3.466969],[102.921399,-3.593359],[102.813889,-3.534643],[102.809992,-3.608159],[102.7655,-3.644093],[102.728362,-3.75001],[102.655215,-3.772596],[102.63594,-3.812298],[102.746036,-3.892661],[102.79337,-3.954387],[102.956093,-4.012947],[103.128459,-4.025171],[103.185598,-4.163748],[103.200666,-4.247289],[103.307721,-4.256566],[103.329801,-4.292813],[103.468517,-4.348306],[103.428073,-4.40753],[103.405136,-4.499798],[103.476627,-4.564854],[103.521138,-4.57475],[103.590699,-4.52343],[103.693762,-4.652768],[103.704562,-4.697992],[103.762881,-4.7421],[103.777253,-4.79643],[103.777597,-4.796539]]]},"properties":{"ID":28,"kode":16,"Propinsi":"SUMATERA SELATAN","SUMBER":"Peta Dasar BAKOSURTANAL Skala 1 : 250.000"},"id":16},
    {"type":"Feature","geometry":{"type":"Polygon","coordinates":[[[101.294159,-2.280203],[101.559204,-2.451228],[101.546486,-2.560535],[101.674995,-2.532605],[101.733284,-2.607907],[101.867928,-2.728184],[101.989708,-2.723145],[102.066829,-2.766654],[102.23631,-2.687767],[102.279852,-2.615552],[102.33295,-2.65582],[102.387126,-2.648317],[102.405707,-2.688557],[102.490935,-2.70477],[102.517768,-2.677439],[102.597958,-2.677392],[102.64112,-2.609328],[102.73603,-2.577646],[102.875275,-2.407647],[102.839739,-2.358138],[102.878348,-2.304883],[102.98499,-2.338936],[103.054261,-2.312252],[103.123599,-2.357747],[103.211938,-2.312515],[103.164581,-2.219417],[103.273361,-2.154748],[103.303619,-2.238668],[103.449943,-2.343645],[103.465737,-2.249964],[103.453247,-2.177541],[103.526903,-2.167123],[103.513543,-2.084383],[103.56171,-2.000056],[103.441719,-1.913766],[103.500085,-1.857687],[103.552617,-1.891252],[103.597851,-1.813841],[103.863641,-1.803907],[103.925284,-1.750187],[103.980489,-1.809214],[104.072833,-1.805048],[104.272829,-1.743732],[104.30012,-1.774048],[104.351075,-1.741535],[104.362201,-1.642867],[104.418398,-1.628021],[104.515165,-1.67627],[104.465553,-1.596184],[104.444763,-1.469791],[104.46064,-1.336228],[104.40168,-1.230084],[104.413643,-1.130576],[104.369728,-1.022185],[104.209656,-1.071357],[104.05471,-1.011177],[103.921692,-0.98653],[103.870873,-1.000657],[103.748962,-0.987215],[103.669304,-0.952914],[103.544289,-0.81498],[103.482338,-0.771407],[103.342834,-0.785774],[103.126038,-0.746429],[103.008949,-0.755179],[102.90477,-0.894179],[102.808495,-0.96665],[102.780602,-1.023676],[102.638,-1.12041],[102.616814,-1.094634],[102.495422,-1.084733],[102.44252,-1.025452],[102.324387,-0.960805],[102.304298,-0.916958],[102.217072,-0.946344],[102.16272,-0.898907],[102.116615,-0.921174],[101.983551,-0.880408],[101.924278,-0.941475],[101.821533,-0.977189],[101.830315,-1.10193],[101.878525,-1.110225],[101.815407,-1.209807],[101.709229,-1.237597],[101.689585,-1.295043],[101.719172,-1.344921],[101.691318,-1.397239],[101.720899,-1.42113],[101.694035,-1.480637],[101.567154,-1.572305],[101.492464,-1.681019],[101.415512,-1.671203],[101.21579,-1.714355],[101.18763,-1.677177],[101.125816,-1.679094],[101.124443,-1.78474],[101.144699,-1.917723],[101.194092,-1.989151],[101.243668,-2.021798],[101.291611,-2.133106],[101.294159,-2.280203]],[[101.466292,-2.163241],[101.46859,-2.129224],[101.524849,-2.128504],[101.528671,-2.17382],[101.466292,-2.163241]]]},"properties":{"ID":29,"kode":15,"Propinsi":"JAMBI","SUMBER":"Peta Dasar BAKOSURTANAL Skala 1 : 250.000"},"id":15},
    {"type":"Feature","geometry":{"type":"Polygon","coordinates":[[[103.777539,-4.79652],[103.71843,-4.802312],[103.603287,-4.89334],[103.598244,-4.922405],[103.715195,-4.967688],[103.770218,-5.028835],[103.835388,-5.065404],[103.933052,-5.170211],[103.905228,-5.207043],[103.996071,-5.26727],[103.998734,-5.32204],[104.119209,-5.456481],[104.166809,-5.476431],[104.297874,-5.573801],[104.29969,-5.641016],[104.412384,-5.706299],[104.45295,-5.764961],[104.561798,-5.865867],[104.592552,-5.937325],[104.721489,-5.934022],[104.709442,-5.845267],[104.646019,-5.748027],[104.639206,-5.688042],[104.529739,-5.541902],[104.595329,-5.497139],[104.709152,-5.522681],[104.775848,-5.605471],[104.824852,-5.621506],[104.927589,-5.696409],[104.986458,-5.715514],[105.148201,-5.810163],[105.185173,-5.804526],[105.157707,-5.747686],[105.194298,-5.706558],[105.178093,-5.668644],[105.205086,-5.576796],[105.24472,-5.589002],[105.265236,-5.517141],[105.250793,-5.471121],[105.292465,-5.446177],[105.407997,-5.623131],[105.552834,-5.69501],[105.587814,-5.742107],[105.603989,-5.830646],[105.710793,-5.856688],[105.774124,-5.837541],[105.821823,-5.593658],[105.819687,-5.336089],[105.863403,-5.259794],[105.855354,-5.079322],[105.86618,-4.98373],[105.903664,-4.938873],[105.870087,-4.876098],[105.859253,-4.776061],[105.912933,-4.647402],[105.884163,-4.593911],[105.898064,-4.465971],[105.817635,-4.316465],[105.82164,-4.166204],[105.785599,-4.117105],[105.736504,-4.14257],[105.705254,-4.098131],[105.651817,-4.087366],[105.609012,-3.941194],[105.51181,-3.870661],[105.476404,-3.821803],[105.432106,-3.826865],[105.414685,-3.776846],[105.353288,-3.794026],[105.339727,-3.729057],[105.281975,-3.798395],[105.290791,-3.839618],[105.245973,-3.907812],[105.201302,-3.892022],[105.112688,-3.999992],[105.063462,-4.11991],[105.011985,-4.173651],[104.966435,-4.170873],[104.788078,-4.261929],[104.601004,-4.232642],[104.448685,-4.298732],[104.330181,-4.424722],[104.311634,-4.521019],[104.332608,-4.612251],[104.294205,-4.647204],[104.303461,-4.764368],[104.349944,-4.85207],[104.311096,-4.885782],[104.190925,-4.865033],[104.160093,-4.922752],[104.060074,-4.894125],[103.955718,-4.904517],[103.93436,-4.886683],[103.86399,-4.918034],[103.864089,-4.847539],[103.777597,-4.796539],[103.777539,-4.79652]]]},"properties":{"ID":30,"kode":18,"Propinsi":"LAMPUNG","SUMBER":"Peta Dasar BAKOSURTANAL Skala 1 : 250.000"},"id":18},
    {"type":"Feature","geometry":{"type":"MultiPolygon","coordinates":[[[[103.777253,-4.79643],[103.762881,-4.7421],[103.704562,-4.697992],[103.693762,-4.652768],[103.590699,-4.52343],[103.521138,-4.57475],[103.476627,-4.564854],[103.405136,-4.499798],[103.428073,-4.40753],[103.468517,-4.348306],[103.329801,-4.292813],[103.307721,-4.256566],[103.200666,-4.247289],[103.185598,-4.163748],[103.128459,-4.025171],[102.956093,-4.012947],[102.79337,-3.954387],[102.746036,-3.892661],[102.63594,-3.812298],[102.655215,-3.772596],[102.728362,-3.75001],[102.7655,-3.644093],[102.809992,-3.608159],[102.813889,-3.534643],[102.921399,-3.593359],[102.998046,-3.466969],[102.989653,-3.370434],[102.888499,-3.375246],[102.816825,-3.333799],[102.773751,-3.280437],[102.742687,-3.315027],[102.640813,-3.349581],[102.596323,-3.333274],[102.491776,-3.244821],[102.485085,-3.1067],[102.441376,-3.057934],[102.389915,-3.044319],[102.322517,-3.068047],[102.247734,-3.027864],[102.223949,-2.929184],[102.132041,-2.87452],[102.12852,-2.834456],[102.066829,-2.766654],[101.989708,-2.723145],[101.867928,-2.728184],[101.733284,-2.607907],[101.674995,-2.532605],[101.546486,-2.560535],[101.559204,-2.451228],[101.294159,-2.280203],[101.244644,-2.344946],[101.155373,-2.390157],[101.027755,-2.482182],[101.154854,-2.639229],[101.325256,-2.739109],[101.405663,-2.925677],[101.48774,-3.022807],[101.523598,-3.11352],[101.620651,-3.239907],[101.799576,-3.372551],[101.899567,-3.425596],[101.933876,-3.477239],[102.087273,-3.550713],[102.214775,-3.653597],[102.265976,-3.764632],[102.254799,-3.797299],[102.300446,-3.841087],[102.307587,-3.900745],[102.277046,-3.951083],[102.347687,-4.018148],[102.692581,-4.272606],[102.883217,-4.442],[102.900131,-4.49004],[103.040985,-4.538898],[103.113358,-4.578361],[103.277702,-4.704457],[103.309036,-4.781792],[103.401039,-4.816718],[103.429695,-4.87312],[103.500389,-4.875894],[103.535866,-4.914454],[103.598244,-4.922405],[103.603287,-4.89334],[103.71843,-4.802312],[103.777539,-4.79652],[103.777253,-4.79643]]],[[[102.156013,-5.285942],[102.104958,-5.351578],[102.215576,-5.409292],[102.273949,-5.497576],[102.294418,-5.47437],[102.370514,-5.503264],[102.400116,-5.390039],[102.169739,-5.277181],[102.156013,-5.285942]]]]},"properties":{"ID":31,"kode":17,"Propinsi":"BENGKULU","SUMBER":"Peta Dasar BAKOSURTANAL Skala 1 : 250.000"},"id":17},
    {"type":"Feature","geometry":{"type":"MultiPolygon","coordinates":[[[[98.25574,4.290953],[98.286339,4.41748],[98.169907,4.50053],[97.994522,4.527931],[97.970482,4.559347],[98.012398,4.615899],[97.959435,4.672001],[97.960312,4.727588],[97.900314,4.886347],[97.822609,4.919947],[97.647247,5.083181],[97.553452,5.213005],[97.494469,5.248788],[97.192665,5.1418],[97.143356,5.20007],[97.010216,5.258295],[96.911911,5.249453],[96.824829,5.271552],[96.635086,5.209005],[96.537407,5.195907],[96.460292,5.234842],[96.392037,5.209993],[96.264411,5.260112],[96.186943,5.260334],[96.085419,5.287781],[95.904404,5.441279],[95.890839,5.499509],[95.606527,5.628805],[95.487781,5.613286],[95.440803,5.657204],[95.359057,5.597326],[95.195138,5.528332],[95.243118,5.460232],[95.251068,5.368226],[95.213608,5.311016],[95.268826,5.198396],[95.308858,5.162571],[95.300005,5.116235],[95.380723,4.964445],[95.423939,4.817422],[95.492639,4.750018],[95.503654,4.70863],[95.730766,4.513642],[95.882767,4.362245],[96.014725,4.214571],[96.054756,4.206528],[96.124184,4.13581],[96.208038,4.088209],[96.416214,3.818041],[96.527695,3.732057],[96.669891,3.745795],[96.768112,3.739015],[96.863861,3.693694],[96.904762,3.60113],[97.001579,3.545805],[97.169327,3.256543],[97.265831,3.209728],[97.31015,3.068522],[97.391426,2.965523],[97.540428,2.885374],[97.58123,2.890189],[97.614929,2.833094],[97.650513,2.668232],[97.660049,2.402731],[97.786621,2.235493],[97.949188,2.268416],[98.100174,2.193217],[98.153148,2.146027],[98.18766,2.319383],[98.155571,2.413039],[98.112091,2.424448],[98.075233,2.57553],[98.085129,2.63422],[98.12426,2.655123],[98.086838,2.7349],[98.088196,2.821929],[98.042084,2.828039],[98.006783,2.889557],[97.954605,2.900333],[97.939224,3.071936],[97.983467,3.083911],[97.925278,3.226437],[97.872261,3.249049],[97.984924,3.275573],[98.029823,3.329871],[97.949715,3.391531],[97.906899,3.553616],[97.869896,3.57131],[97.803185,3.731739],[97.908562,3.820508],[97.89991,3.89141],[98.023132,3.969775],[98.059311,4.190727],[98.090927,4.19672],[98.145401,4.287369],[98.25574,4.290953]]],[[[96.000046,2.587204],[96.068642,2.567691],[96.221466,2.440987],[96.300812,2.422866],[96.308983,2.357318],[96.424072,2.32803],[96.490204,2.362194],[96.462692,2.455348],[96.424355,2.488191],[96.36515,2.485914],[96.335121,2.548106],[96.245384,2.584614],[96.197578,2.642474],[96.093048,2.651589],[96.10466,2.737498],[95.866943,2.850055],[95.903023,2.889753],[95.804932,2.927299],[95.690453,2.772583],[95.813866,2.644832],[95.862289,2.637353],[95.937935,2.571712],[96.000046,2.587204]]],[[[97.293701,2.079459],[97.336807,2.15933],[97.271385,2.222774],[97.215462,2.202798],[97.162033,2.235634],[97.133141,2.200681],[97.256218,2.133173],[97.293701,2.079459]]],[[[95.32904,5.771702],[95.375166,5.846886],[95.32245,5.877151],[95.287225,5.841259],[95.286805,5.779638],[95.32904,5.771702]]],[[[97.111031,2.111826],[97.069054,2.070064],[97.104469,2.014735],[97.153557,2.066705],[97.111031,2.111826]]],[[[96.629654,2.119773],[96.639084,2.057627],[96.679573,2.087339],[96.629654,2.119773]]]]},"properties":{"ID":32,"kode":11,"Propinsi":"DI. ACEH","SUMBER":"Peta Dasar BAKOSURTANAL Skala 1 : 250.000"},"id":11},
    {"type":"Feature","geometry":{"type":"MultiPolygon","coordinates":[[[[110.1698084443043,-2.8529116617437467],[110.14665837228614,-2.8986491647271464],[110.20170740717117,-2.883666436956446],[110.1698084443043,-2.8529116617437467]]],[[[110.11308256590775,-2.6749835594436604],[110.0450861489067,-2.7484538772445717],[110.1217303288916,-2.7485678636159605],[110.11308256590775,-2.6749835594436604]]],[[[108.89750667559264,-1.5347558307169606],[108.82964451927921,-1.5552658682252058],[108.83064475425209,-1.6655413382621305],[108.85768795273691,-1.6770540714881577],[108.95751544368284,-1.639416529249388],[108.98264949567772,-1.6008401694382428],[108.89750667559264,-1.5347558307169606]]],[[[109.49809184616186,-0.9790335733407005],[109.45889269773988,-1.00262757680116],[109.42490284618947,-1.20563086777031],[109.37958957769689,-1.2553938927139257],[109.50358639359723,-1.307665746476971],[109.5422228011414,-1.2726505895529954],[109.77999977297122,-1.1447058568897432],[109.76029311153792,-1.004532350787315],[109.68570468192559,-1.0191685293041246],[109.59956879086707,-0.9814729709008247],[109.55233027981865,-1.0032976985299342],[109.49809184616186,-0.9790335733407005]]],[[[109.52579318111049,-0.6994373286697169],[109.47646754594058,-0.7319683818353155],[109.54217870468352,-0.7312369838996347],[109.52579318111049,-0.6994373286697169]]],[[[109.25225834094971,-0.6617833989846531],[109.23686494316263,-0.7952608984716676],[109.25607530832889,-0.8528049764684624],[109.32566415577622,-0.9172558019136545],[109.40599808864096,-0.9325733778590575],[109.43956932826194,-0.8581599886924778],[109.59364403384512,-0.9088105203891814],[109.62227307973887,-0.9784504034632846],[109.68338367291824,-1.0139399554645365],[109.74389219426939,-0.901343020463969],[109.71247556839285,-0.8339453891683206],[109.67610230837488,-0.8321144684079513],[109.53474699957445,-0.73841699934502],[109.46640829430737,-0.7549303723387766],[109.39104377764829,-0.7069521886925259],[109.30640619758799,-0.7023711006457347],[109.25225834094971,-0.6617833989846531]]],[[[109.48295633886403,-0.6284685398911734],[109.48429049121324,-0.682366600837895],[109.54671687798157,-0.7031294746454932],[109.58374948225287,-0.6532046859474576],[109.48295633886403,-0.6284685398911734]]],[[[109.36401040875342,-0.6174014036517974],[109.4047805963475,-0.6722647456214759],[109.44930301452257,-0.6601658918423823],[109.36401040875342,-0.6174014036517974]]],[[[109.12715201435407,-0.20221439118114404],[109.06099539262334,-0.2163955649033369],[109.08325734455087,-0.2700634992310711],[109.19309495716658,-0.21883212240447847],[109.12715201435407,-0.20221439118114404]]],[[[109.17795838417214,-0.11744500828046966],[109.16426640207288,-0.0614082767705213],[109.12397387679306,-0.1159154062709149],[109.17627888855992,-0.19448412374327972],[109.17795838417214,-0.11744500828046966]]],[[[114.20538782878532,1.4103666938678998],[114.14253920851775,1.4661263064838863],[113.97469429510568,1.4497532565076199],[113.81469639552233,1.3662670325975341],[113.8036994315836,1.300375142498865],[113.70327065211893,1.2654556743399326],[113.63255931855781,1.2192509690570432],[113.5746625057701,1.3063253665225147],[113.53766127434835,1.3226385648179644],[113.4275815318623,1.2861182458603935],[113.3558837463379,1.35703258698436],[113.24107187107006,1.392587439658655],[113.18308682489715,1.377035821446043],[113.12035082133343,1.432925184649605],[112.9810907053718,1.4081015831216064],[112.98589586580158,1.4522663607040158],[113.04132132002292,1.4748637129899862],[113.06388995066072,1.552588844799402],[112.88449010333568,1.586636229578403],[112.84084744605286,1.5381646544752812],[112.77457699623142,1.5637564748814725],[112.50102712929868,1.583720282165359],[112.42598462119338,1.5299768515504866],[112.32927896215449,1.5083892076958136],[112.21223019956415,1.44950618845985],[112.23232133106467,1.379186160712777],[112.1811736370538,1.3062303387591783],[112.14295094193244,1.1350264413172795],[111.93533814523926,1.1221497333235675],[111.88692001414739,1.0786730225419774],[111.85942893709586,1.0039169314213154],[111.81802296928464,0.9863245896081594],[111.77189303723395,1.0162469721201433],[111.71742338967778,1.0067706151717744],[111.6675769436211,1.0431767553030795],[111.54876840293952,0.9884302892265282],[111.52093482987857,0.9583450700689582],[111.48866389931953,1.0352760132774392],[111.38509354692968,1.0150170988600848],[111.23154362184073,1.0861536894412893],[111.1383178211106,1.050467716511946],[110.99793805639626,1.0293417854950349],[110.90689394709801,1.029224615523617],[110.885620573131,0.9781064003901179],[110.71630358464279,0.9060762074510649],[110.6902960688086,0.8634477794914801],[110.63815994252741,0.8923738741549982],[110.59559208930352,0.8577452170681568],[110.49048239074978,0.8766942752207001],[110.40544202772747,0.9530323574574027],[110.39644546358733,0.9976922747787285],[110.27630537499311,0.9966582612697721],[110.28664762708638,1.0402571026831993],[110.24736344326834,1.1086351811687223],[110.16513192829592,1.196073971336773],[110.06509582611153,1.2089842537203594],[110.06401369077929,1.262999714864975],[109.97969215496903,1.299181893229843],[109.96348818113472,1.4028260763623734],[109.93031403266656,1.425038367726529],[109.83761208073298,1.421791304325268],[109.83823743960619,1.475719648143297],[109.78061958752403,1.5088191268013134],[109.66199466502184,1.6174194836223137],[109.66088523796344,1.69324670776939],[109.6854850575894,1.7821385037889854],[109.58632842311829,1.7918995537214641],[109.54008167183173,1.9264616778642107],[109.56024416903324,1.9712199450444814],[109.62042034412366,1.9831146338333383],[109.62547393957072,2.0649757630210956],[109.59265999836032,1.9964535016278546],[109.45643437754455,1.9766255054627777],[109.43501850240204,1.9527831910914415],[109.33757075698492,1.943304569650195],[109.33514663980566,1.8287683635691678],[109.25160613731344,1.6596945283798163],[109.11860978591295,1.5792830784513399],[109.04148880066765,1.4850006282763957],[109.03570955755009,1.3298283253170098],[108.98724372371896,1.2714301054151065],[108.97110731954723,1.1766850520735375],[108.90303581275259,1.1627692314149272],[108.96676658700846,1.0444720587385632],[108.97851521420586,0.9809411830891577],[108.94889686459868,0.899347406157915],[108.84063381829611,0.8146871559874853],[108.88448869579673,0.7552149881811943],[108.87500579987784,0.7084738813645686],[108.92859657507194,0.6238890843138165],[108.9072861481373,0.5053237131189121],[108.94616529709083,0.4238185490868318],[108.9222823198732,0.32455862388144396],[109.0069490226793,0.30139765927458484],[109.1158635522612,0.2157070036753339],[109.13287316666339,0.14122384330579507],[109.1758708976239,0.07421247352687033],[109.24760947279901,0.02664251643903981],[109.1704410123429,0.033679019870930915],[109.16013215027857,-0.04612924576804289],[109.18795802064619,-0.0917639166713684],[109.18138454665956,-0.1943727094329688],[109.19847101082854,-0.22064116625676888],[109.08971142813994,-0.273541266616121],[109.11433985430091,-0.5042460822908197],[109.14999132024332,-0.5690828553894107],[109.20174242607214,-0.5516191867760085],[109.2590579998269,-0.5992729993494095],[109.37415375329311,-0.5846175249787393],[109.41837755158281,-0.6313176541863186],[109.47292214324239,-0.6172303858735404],[109.58615170363828,-0.6527178424544218],[109.59596728396303,-0.6936104673491172],[109.6543690103216,-0.6717105689875211],[109.69679912338091,-0.7160939807525892],[109.63319421104404,-0.7510236346329862],[109.63543436470422,-0.7955836948315778],[109.71322582601113,-0.8293056626261546],[109.75797251621873,-0.9036226057985459],[109.72721059409372,-0.9217746514789269],[109.73222389721514,-0.9876025889882385],[109.82003266937227,-1.084148180394152],[109.93969781790003,-1.1236674622834926],[109.90689417482639,-1.2041797837699733],[109.96169980460235,-1.2769773385332996],[110.04780191802416,-1.3226283204405718],[110.07168466231735,-1.3775668924980664],[110.0358478991613,-1.5228469299418066],[110.03311539815718,-1.6636400842224361],[109.98410150667922,-1.7399567814802595],[109.91416661629637,-1.7731731081523776],[109.9236476533166,-1.8571067762566713],[110.07507067007543,-1.9394013265099375],[110.10367449628103,-1.9908137692399919],[110.11962733713199,-2.090578448836311],[110.08635590899809,-2.2418545937144927],[110.14447409979994,-2.3233372324272636],[110.14851680240855,-2.429092021879285],[110.19738684192924,-2.524339792647254],[110.1591333000618,-2.6311325526251608],[110.19908164040544,-2.6381695165099472],[110.2325041501465,-2.6927702879183926],[110.2216433426662,-2.739430168867159],[110.26281741579118,-2.814924751775834],[110.22410239401034,-2.8872391313807384],[110.3034491266759,-2.9944567104088264],[110.42514776375833,-2.8932686666155973],[110.56357089777879,-2.8388852856273843],[110.61612869458367,-2.874486772646378],[110.64963074216507,-3.039549807777348],[110.73447882204005,-2.9882708352308214],[110.79969480866856,-2.9070457812377413],[110.96664269240637,-2.8578475134519294],[111.00686539791985,-2.8004546483632566],[111.10152467392464,-2.767778656859491],[111.16931709231,-2.7062645324821233],[111.11857604384943,-2.6526453297181547],[111.13629911920907,-2.61128377942282],[111.10498044479175,-2.4333453025436143],[111.06958388538806,-2.29957650994794],[111.03189085767701,-2.2410564202175465],[111.0787810981692,-2.1611959930006037],[111.05731572254263,-2.0717972131707825],[111.09001131027384,-2.0162046730072234],[111.01798996936168,-1.956085626450431],[110.98458637506121,-1.9557795287022373],[110.97462858853856,-1.878446858335792],[111.01614834037366,-1.744279995225554],[110.97449408863133,-1.6691206085292265],[110.90060424788777,-1.7130919689191728],[110.85514831454316,-1.6738330128831649],[110.85889900008885,-1.6304969992370957],[110.9519271846919,-1.579167962331553],[110.97866512809327,-1.5395948551184233],[111.0168779342693,-1.5625089657161197],[111.06768233007551,-1.5386907576722706],[111.11867348269516,-1.5527542191318844],[111.13837627254702,-1.451035206609447],[111.25962713898133,-1.4162588214873608],[111.3320895532903,-1.3342994107891286],[111.3931387506529,-1.3277580812703604],[111.38900164980635,-1.2710486865476014],[111.47079289267793,-1.2132016683223128],[111.51660577413725,-1.2221351522154578],[111.568018450691,-1.1813690223624462],[111.56827144886836,-1.1096268166242567],[111.61939104086389,-1.070966792883155],[111.6220420039354,-0.9990841732958984],[111.74982367422325,-0.912642485762035],[111.82530894375282,-0.9114859054501494],[111.91508806216439,-0.8434812776388299],[111.92547551238505,-0.791747516134933],[112.01322745638208,-0.7946546555878626],[112.10850232012604,-0.7015380109704097],[112.17514214129687,-0.7257830975119077],[112.17771325716114,-0.6427337138897542],[112.23137978674777,-0.6154532607593524],[112.27372362064864,-0.646700903124156],[112.3101588799284,-0.7204847749523537],[112.38754538910848,-0.7135410204017489],[112.43143639507366,-0.6713648668950327],[112.4976365637765,-0.6982751887489371],[112.56797803585778,-0.6961957592268391],[112.73335944987878,-0.632519199701278],[112.74526516795322,-0.5724051722608579],[112.78746488189881,-0.5849300771612889],[113.02663773014717,-0.47562395218358233],[113.06255503298848,-0.5094070001329101],[113.11481134466783,-0.4958928445790889],[113.15182240837748,-0.4490945453769086],[113.21065463390426,-0.5062690604686964],[113.26422615281479,-0.44191157116205204],[113.26231431465396,-0.3916585326151676],[113.20861038316275,-0.3449153555591806],[113.29174065001109,-0.24179568132558416],[113.35445423437545,-0.22185275899755652],[113.42073067008437,-0.14150873933681396],[113.43827039796054,0.01904372898496831],[113.41255169940143,0.04414342957568351],[113.40589125287909,0.13858021780288254],[113.32508834605039,0.17974429046665819],[113.27314743110912,0.2427239527482925],[113.35679611934552,0.27815116914121063],[113.43796522471541,0.2654058251187621],[113.51375562881924,0.320514673013804],[113.58845501768496,0.4059597021785635],[113.65720346756609,0.4385018430856462],[113.66863993558457,0.4903102591111974],[113.7723996833987,0.5637071877365543],[113.84323861097323,0.6656452661162007],[113.84168221186462,0.702718638454428],[113.89486671202917,0.7385810152017598],[113.87395538982946,0.7797888452790289],[113.9263923321405,0.8403579980232507],[113.87119985988568,0.8886867041281334],[113.91188690605588,0.9679100749900158],[113.90265380672781,1.0586908403100779],[113.9482388206651,1.0612406296513655],[113.9887679755617,1.1265689514959831],[114.09370742975409,1.106362194159999],[114.22046554025258,1.160452624589027],[114.18700366089035,1.2688401154790085],[114.20299125334373,1.349370617659929],[114.16907164783834,1.369966057487602],[114.20538782878532,1.4103666938678998]]]]},"properties":{"ID":12,"kode":61,"Propinsi":"KALIMANTAN BARAT","SUMBER":"Batas Provinsi Desember 2019 Dukcapil (Skala tidak diketahui)"},"id":61},
    {"type":"Feature","geometry":{"type":"Polygon","coordinates":[[[115.75398994737827,-1.3150423402317415],[115.78364466377025,-1.2130490012103792],[115.84696093779712,-1.1572596597054599],[115.66422082133386,-1.035728539340596],[115.64891725592668,-0.9896177619501145],[115.58238135321699,-0.947523255194028],[115.49765697239138,-0.8499946724161305],[115.39253159595648,-0.8222751486791253],[115.36704945596773,-0.7494720154211336],[115.35156941929336,-0.5798368216119911],[115.25309754211798,-0.45188281154247534],[115.23403149925434,-0.37084343877364745],[115.2387173340378,-0.23291629974738726],[115.2601316488566,-0.15899691177799014],[115.3151849501254,-0.1007616238497917],[115.26239580452284,-0.046852824997813514],[115.15861294772947,-0.09852041078829643],[115.14951286082987,-0.13534743543573313],[115.0447915902597,-0.18981582394104635],[114.92241775027901,-0.18244368632701935],[114.92455121376759,-0.09955558352334037],[114.89346695483619,-0.02756507586752832],[114.89469522100774,0.04036379755126518],[114.79467950015885,0.08393383907548468],[114.83330884802501,0.22726005800529947],[114.86394122910451,0.2376325255206666],[114.89719808822122,0.3119646132763023],[115.02346646660419,0.3299461708791114],[115.03756982828497,0.3027468455904909],[115.1286699986216,0.37463400135811753],[115.1327772212918,0.4324947756134634],[115.0940112286354,0.46996692083678226],[115.01075086585979,0.606699075801771],[114.9893489383029,0.7177897794747992],[114.91735663470104,0.7774846895667906],[114.86205044497217,0.7366982161498186],[114.83425143015938,0.7537362680143929],[114.7159153258317,0.7013624482184468],[114.66808325953491,0.7038549255644284],[114.61988269423102,0.6425123234849934],[114.54528424886905,0.6306128116319769],[114.5249766127805,0.5587300481532225],[114.43596910009398,0.5440140557041673],[114.41005289062844,0.49542720100458837],[114.319796555067,0.5405255396220241],[114.24769966840506,0.5226097962051881],[114.16489955976692,0.5841325882483943],[114.17657412419658,0.6396731961611408],[114.09145017008939,0.6977617480063145],[114.01171196073847,0.6502201528378464],[113.97751590183748,0.6674166418645768],[113.84323861097323,0.6656452661162007],[113.7723996833987,0.5637071877365543],[113.66863993558457,0.4903102591111974],[113.65720346756609,0.4385018430856462],[113.58845501768496,0.4059597021785635],[113.51375562881924,0.320514673013804],[113.43796522471541,0.2654058251187621],[113.35679611934552,0.27815116914121063],[113.27314743110912,0.2427239527482925],[113.32508834605039,0.17974429046665819],[113.40589125287909,0.13858021780288254],[113.41255169940143,0.04414342957568351],[113.43827039796054,0.01904372898496831],[113.42073067008437,-0.14150873933681396],[113.35445423437545,-0.22185275899755652],[113.29174065001109,-0.24179568132558416],[113.20861038316275,-0.3449153555591806],[113.26231431465396,-0.3916585326151676],[113.26422615281479,-0.44191157116205204],[113.21065463390426,-0.5062690604686964],[113.15182240837748,-0.4490945453769086],[113.11481134466783,-0.4958928445790889],[113.06255503298848,-0.5094070001329101],[113.02663773014717,-0.47562395218358233],[112.78746488189881,-0.5849300771612889],[112.74526516795322,-0.5724051722608579],[112.73335944987878,-0.632519199701278],[112.56797803585778,-0.6961957592268391],[112.4976365637765,-0.6982751887489371],[112.43143639507366,-0.6713648668950327],[112.38754538910848,-0.7135410204017489],[112.3101588799284,-0.7204847749523537],[112.27372362064864,-0.646700903124156],[112.23137978674777,-0.6154532607593524],[112.17771325716114,-0.6427337138897542],[112.17514214129687,-0.7257830975119077],[112.10850232012604,-0.7015380109704097],[112.01322745638208,-0.7946546555878626],[111.92547551238505,-0.791747516134933],[111.91508806216439,-0.8434812776388299],[111.82530894375282,-0.9114859054501494],[111.74982367422325,-0.912642485762035],[111.6220420039354,-0.9990841732958984],[111.61939104086389,-1.070966792883155],[111.56827144886836,-1.1096268166242567],[111.568018450691,-1.1813690223624462],[111.51660577413725,-1.2221351522154578],[111.47079289267793,-1.2132016683223128],[111.38900164980635,-1.2710486865476014],[111.3931387506529,-1.3277580812703604],[111.3320895532903,-1.3342994107891286],[111.25962713898133,-1.4162588214873608],[111.13837627254702,-1.451035206609447],[111.11867348269516,-1.5527542191318844],[111.06768233007551,-1.5386907576722706],[111.0168779342693,-1.5625089657161197],[110.97866512809327,-1.5395948551184233],[110.9519271846919,-1.579167962331553],[110.85889900008885,-1.6304969992370957],[110.85514831454316,-1.6738330128831649],[110.90060424788777,-1.7130919689191728],[110.97449408863133,-1.6691206085292265],[111.01614834037366,-1.744279995225554],[110.97462858853856,-1.878446858335792],[110.98458637506121,-1.9557795287022373],[111.01798996936168,-1.956085626450431],[111.09001131027384,-2.0162046730072234],[111.05731572254263,-2.0717972131707825],[111.0787810981692,-2.1611959930006037],[111.03189085767701,-2.2410564202175465],[111.06958388538806,-2.29957650994794],[111.10498044479175,-2.4333453025436143],[111.13629911920907,-2.61128377942282],[111.11857604384943,-2.6526453297181547],[111.16931709231,-2.7062645324821233],[111.10152467392464,-2.767778656859491],[111.00686539791985,-2.8004546483632566],[110.96664269240637,-2.8578475134519294],[110.79969480866856,-2.9070457812377413],[110.73447882204005,-2.9882708352308214],[110.8018742715804,-2.9769096611519217],[110.9540167549693,-3.0633010891738763],[111.03680032867231,-3.0545821061792253],[111.19124009695298,-2.9898941618860135],[111.35382027118862,-2.906677132943287],[111.41181575669185,-2.9037981899344913],[111.48992743060649,-2.9453769579801587],[111.55471880772683,-3.010966642596429],[111.69044709265927,-2.94180993827797],[111.6692711512427,-2.8942623257456717],[111.71792006815667,-2.84707178543448],[111.81402940203532,-3.001186972200969],[111.82497672879305,-3.0506177075411074],[111.79788446689469,-3.203948781710835],[111.8198444840358,-3.374512378943109],[111.77186444059151,-3.5093597005896413],[111.8901951687721,-3.543584050363563],[112.01187037221996,-3.4512171183752685],[112.17905978598037,-3.344040640163371],[112.25642831681341,-3.3135943683853384],[112.33590723722932,-3.3151956958246274],[112.42087733532082,-3.352781241960713],[112.44577166852775,-3.3876074944902257],[112.56323157687586,-3.446816290439415],[112.66644389566932,-3.3751421166153364],[112.93854755922257,-3.2261447548764863],[113.00936342997841,-3.160173449245235],[112.94538692136939,-3.1023041916850502],[113.01129759920491,-3.0333713645967464],[113.03249378885732,-2.976400215897172],[113.09705971853123,-3.039807268390689],[113.1679188430802,-3.0692609071650736],[113.18951758636763,-3.106790371578313],[113.36383925617679,-3.2716031712492963],[113.4276201478516,-3.236502091298405],[113.45041435723681,-3.1904394636102893],[113.54044849370314,-3.162282234437498],[113.59557142318272,-3.166918728816256],[113.63331467892931,-3.297551291358957],[113.58195872531496,-3.444503694589798],[113.6935975154131,-3.469261498119579],[113.79737008396228,-3.457684252925901],[113.96222097351915,-3.365278274172965],[114.08019513309898,-3.3496457619423268],[114.18319375588715,-3.3933855334155965],[114.25321857667609,-3.3681524049094946],[114.25462738264764,-3.40339176551754],[114.3471385398118,-3.4608900302506527],[114.34926948609791,-3.3483473522484815],[114.37622297181281,-3.2884838948158404],[114.44936603711301,-3.2096548982548825],[114.42345527304246,-3.1798829876097443],[114.54594877411671,-3.0677356956458084],[114.50671369418171,-2.999378926596137],[114.54626840666174,-2.951662966372737],[114.56727600488375,-2.864029777851897],[114.61545093411337,-2.884553995870192],[114.59691411529423,-2.8157670316231815],[114.65685591356964,-2.803326775410312],[114.6796372005964,-2.7385046621603806],[114.7626184021176,-2.7198655616463157],[114.7941057605725,-2.600536850395258],[114.91457911273596,-2.459341385296625],[115.2490526505594,-2.244720914738366],[115.32993515908038,-2.16262783960309],[115.30356057326196,-2.1369284584815205],[115.32289414914578,-2.072138089501209],[115.40846593775291,-2.0580233819734417],[115.4203790878247,-1.9001861314847588],[115.35568662263961,-1.8503283063062668],[115.39698548479237,-1.741857300773745],[115.38168032308852,-1.7191038594555152],[115.45054883426133,-1.5594019627303624],[115.52376341814727,-1.4302425157794119],[115.57724158832866,-1.3805388164132069],[115.66737161680669,-1.3349505739097935],[115.75398994737827,-1.3150423402317415]]]},"properties":{"ID":27,"kode":62,"Propinsi":"KALIMANTAN TENGAH","SUMBER":"Batas Provinsi Desember 2019 Dukcapil (Skala tidak diketahui)"}},
    {"type":"Feature","geometry":{"type":"MultiPolygon","coordinates":[[[[116.41050744806034,-3.361709571839242],[116.34523891224603,-3.451592698644106],[116.31338357459231,-3.551338434920808],[116.34336156668303,-3.568576003179942],[116.3623216945906,-3.6523041582103133],[116.3991335386819,-3.6259856433227355],[116.43475387279307,-3.4216783129037935],[116.41050744806034,-3.361709571839242]]],[[[116.25975486689367,-3.2120414291685506],[116.1139383829501,-3.3081104896073725],[116.04608876498457,-3.4687585378761696],[116.03657660152896,-3.5819757514797175],[116.00612475575292,-3.6825611793548774],[116.07114908965877,-3.7945196082932284],[116.05985938560218,-3.8734596189661943],[116.07855007932278,-3.9254545777665157],[116.03893061025951,-4.022375226935139],[116.09084106696173,-4.060652087323945],[116.14116260686887,-4.035779821681388],[116.20264711926916,-3.9595894809697256],[116.27211427585326,-3.9075590430153966],[116.3099717410031,-3.9152277689463517],[116.27191444829316,-3.820934609644496],[116.33673014667897,-3.7258363691530576],[116.2993832338492,-3.7086470162467435],[116.3064557623236,-3.5905062356741837],[116.27015657586537,-3.525976175460073],[116.31170264186346,-3.5070909260053895],[116.30990682793777,-3.4556162546863334],[116.25311504452372,-3.3886253237996016],[116.28133554190185,-3.22267904560141],[116.25975486689367,-3.2120414291685506]]],[[[116.1501472253143,-2.8990178265114537],[116.1500421629155,-2.935760445288281],[116.20342816877508,-2.9429438134062025],[116.1501472253143,-2.8990178265114537]]],[[[116.55893137508292,-2.4051927633353216],[116.45450760294364,-2.3705188478664923],[116.23623299985309,-2.327163654379092],[116.22664600021278,-2.308784654887859],[115.8903077118315,-2.3356261444309894],[115.85808061063176,-2.386906717770785],[115.83938794110065,-2.290349990959271],[115.80211892304987,-2.206727209493067],[115.81215100976135,-2.0938492894131286],[115.8365955938117,-2.0591879851373847],[115.75367176184238,-2.0504681019212967],[115.7476063805301,-1.9951180774372688],[115.6961962139842,-1.9744231932756975],[115.72395225559217,-1.9222646343054066],[115.72672172682633,-1.8036336431780455],[115.68083629166165,-1.7891570493582662],[115.70774264570662,-1.7275772555858566],[115.66591440662467,-1.7080954066776144],[115.6654484759664,-1.6281206468503342],[115.63652150266523,-1.60348628696255],[115.64719851390032,-1.511441892329401],[115.61889672230598,-1.4878552102497338],[115.67883333329178,-1.4563055548574084],[115.75398994737827,-1.3150423402317415],[115.66737161680669,-1.3349505739097935],[115.57724158832866,-1.3805388164132069],[115.52376341814727,-1.4302425157794119],[115.45054883426133,-1.5594019627303624],[115.38168032308852,-1.7191038594555152],[115.39698548479237,-1.741857300773745],[115.35568662263961,-1.8503283063062668],[115.4203790878247,-1.9001861314847588],[115.40846593775291,-2.0580233819734417],[115.32289414914578,-2.072138089501209],[115.30356057326196,-2.1369284584815205],[115.32993515908038,-2.16262783960309],[115.2490526505594,-2.244720914738366],[114.91457911273596,-2.459341385296625],[114.7941057605725,-2.600536850395258],[114.7626184021176,-2.7198655616463157],[114.6796372005964,-2.7385046621603806],[114.65685591356964,-2.803326775410312],[114.59691411529423,-2.8157670316231815],[114.61545093411337,-2.884553995870192],[114.56727600488375,-2.864029777851897],[114.54626840666174,-2.951662966372737],[114.50671369418171,-2.999378926596137],[114.54594877411671,-3.0677356956458084],[114.42345527304246,-3.1798829876097443],[114.44936603711301,-3.2096548982548825],[114.37622297181281,-3.2884838948158404],[114.34926948609791,-3.3483473522484815],[114.3471385398118,-3.4608900302506527],[114.48022804658717,-3.501677373312077],[114.5551631045937,-3.556845689776708],[114.61552742055403,-3.6494697343406983],[114.62302122205176,-3.711367267585274],[114.60301369422666,-3.8059525203924522],[114.63731323811555,-4.026860596539279],[114.63025475525285,-4.149130469495503],[114.7030143847062,-4.171919129164451],[115.00706889481376,-4.0130195697972795],[115.65618064302237,-3.7430773701244675],[115.7175543193764,-3.730662199600772],[115.8557052430026,-3.623831286784423],[115.96977191124472,-3.6074743706456616],[116.01465456365725,-3.4781314889769988],[116.031335974076,-3.364342329934516],[116.08610373160195,-3.281939099309966],[116.17687846696776,-3.2505816128510787],[116.16798260171572,-3.165631162248303],[116.20844499993689,-3.1288437275559318],[116.27459773839496,-3.1250123890105215],[116.17257566603428,-3.061885116504868],[116.15629436039649,-3.0145885236414074],[116.08467771440507,-2.9899255257423647],[116.12090964416484,-2.9558806293874795],[116.12755216090352,-2.819341826863763],[116.15463566610322,-2.89813986786055],[116.20538589484329,-2.9357880203008335],[116.22167759934177,-3.006860909203567],[116.26393635018246,-3.0048824537622068],[116.36391593896951,-2.8778650345436745],[116.3692116768774,-2.658868108576314],[116.41076560295028,-2.5879138771236967],[116.35323804280154,-2.5539143749484197],[116.28755942063083,-2.615483524345109],[116.30252846431722,-2.5329430454851263],[116.4755861109104,-2.5125328615023363],[116.48079989719758,-2.5711790595659068],[116.52621627655992,-2.540517058415446],[116.55893137508292,-2.4051927633353216]]]]},"properties":{"ID":11,"kode":63,"Propinsi":"KALIMANTAN SELATAN","SUMBER":"Batas Provinsi Desember 2019 Dukcapil (Skala tidak diketahui)"},"id":63},
    {"type":"Feature","geometry":{"type":"MultiPolygon","coordinates":[[[[117.47207113297645,-0.7462227504794896],[117.52583235308066,-0.8137595158888757],[117.55264599871396,-0.7921447808569155],[117.47207113297645,-0.7462227504794896]]],[[[117.38738846630474,-0.7395510894111794],[117.41410053261359,-0.8339262722795979],[117.43995302691076,-0.8150355846244679],[117.38738846630474,-0.7395510894111794]]],[[[117.46009969424551,-0.7026600312353821],[117.44605935615448,-0.7410420817266186],[117.59805912432921,-0.785301706308644],[117.6091108291015,-0.7307825375839911],[117.5151735126476,-0.7363204512278116],[117.46009969424551,-0.7026600312353821]]],[[[117.32034899990651,-0.7194399992565081],[117.30676400025845,-0.6773979994180763],[117.29126732432758,-0.7839641347370048],[117.343904999816,-0.9137789995011758],[117.39170699997817,-0.8793869999100821],[117.32893099996579,-0.7665479997903049],[117.32034899990651,-0.7194399992565081]]],[[[117.45409800022264,-0.6810959999803572],[117.40544948890283,-0.7010769141681976],[117.44056015382807,-0.7295811602422759],[117.45409800022264,-0.6810959999803572]]],[[[117.36430914215327,-0.6458856784812497],[117.4108938145979,-0.6961213996827951],[117.43252910993056,-0.6599362652464151],[117.36430914215327,-0.6458856784812497]]],[[[117.32256377110127,-0.6328287571413966],[117.30044300014436,-0.6326759488359244],[117.33201800023062,-0.7500089997155328],[117.40998048021504,-0.8844199981843417],[117.3870199807875,-0.7310498376797909],[117.32256377110127,-0.6328287571413966]]],[[[117.49987228997429,-0.6140052686282047],[117.52610819763527,-0.6535776626789698],[117.56877429369877,-0.6263153371830299],[117.49987228997429,-0.6140052686282047]]],[[[117.37279536171661,-0.5990033861972393],[117.45474352639269,-0.6665917376185462],[117.45722173779302,-0.6341748093199726],[117.37279536171661,-0.5990033861972393]]],[[[117.34614492324965,-0.5898620896636544],[117.2904780909912,-0.5920159488769059],[117.3257983833887,-0.6299735238590074],[117.38600310386016,-0.6314013747735885],[117.34614492324965,-0.5898620896636544]]],[[[117.47524392226921,-0.5558609543195416],[117.37405163817266,-0.5921027595346686],[117.44878556010553,-0.6089146031263795],[117.50132292611227,-0.5890682949657844],[117.47524392226921,-0.5558609543195416]]],[[[117.50361612088739,-0.5273191174832164],[117.43735409771352,-0.5436885180106401],[117.4833721280213,-0.5635494905165501],[117.50361612088739,-0.5273191174832164]]],[[[117.55598244213604,-0.5080365628370487],[117.50503316464892,-0.5264929094201989],[117.50873523464338,-0.5962416644212567],[117.57807884686133,-0.5775543026888954],[117.55598244213604,-0.5080365628370487]]],[[[117.55093414099792,-0.44031768021670814],[117.42352010906586,-0.5283546751281278],[117.43607744711653,-0.5433328838054763],[117.58751701589767,-0.47887050476992954],[117.55093414099792,-0.44031768021670814]]],[[[117.6201877670519,-0.41765194797898175],[117.55237845130455,-0.438312882733328],[117.60422915794936,-0.47745683616403767],[117.6201877670519,-0.41765194797898175]]],[[[117.5240086421851,-0.3505724464611717],[117.4693633282551,-0.41839947795347143],[117.44262639659098,-0.5003870293379009],[117.5374969413308,-0.39409697959189316],[117.5240086421851,-0.3505724464611717]]],[[[117.48890789318477,-0.3287690489523811],[117.43080075505088,-0.39825644747702427],[117.45297563102065,-0.4388097563651172],[117.48890789318477,-0.3287690489523811]]],[[[118.46831485704513,1.4661547232619228],[118.480182371919,1.3930329161362351],[118.52007267901104,1.3859830352889162],[118.46831485704513,1.4661547232619228]]],[[[117.87218007335173,1.9497810436602663],[117.82733942737275,1.9496740486184763],[117.85979232855323,1.8928410888452163],[117.87218007335173,1.9497810436602663]]],[[[117.85642236200249,2.077834840705407],[117.83299990961825,2.095315707054283],[117.80168178288807,2.0262816846520764],[117.88246138108798,2.05639921555138],[117.85642236200249,2.077834840705407]]],[[[117.77761854735809,2.0836202675613436],[117.71241768282982,2.0758532052612395],[117.71440142808353,2.032628170653595],[117.77761854735809,2.0836202675613436]]],[[[117.82750694319088,2.096159935732487],[117.79562377421792,2.1097460307547635],[117.75212866060929,2.058076599555477],[117.80149841382081,2.0418866596417047],[117.82750694319088,2.096159935732487]]],[[[117.89746078678593,2.0794854464962214],[117.86445602652452,2.1453690412483297],[117.83206203363602,2.1124316842748385],[117.89746078678593,2.0794854464962214]]],[[[117.80384082489422,2.1650779608792163],[117.7311551583839,2.168109341672846],[117.7339096352215,2.0860296178726117],[117.80236829566036,2.1207157092626403],[117.80384082489422,2.1650779608792163]]],[[[117.87445819459003,2.152790195511159],[117.80166627407937,2.1819052260453873],[117.81056224455199,2.122900617569485],[117.8666002755823,2.147765047419057],[117.91281779800306,2.0985121763959],[117.95677425033148,2.129502409408701],[117.87445819459003,2.152790195511159]]],[[[117.98593392680937,2.435721765746962],[117.91935357240948,2.395732575498016],[117.85696421072976,2.39190943966895],[117.79783086700093,2.325750083999253],[117.72082870917768,2.346972762283201],[117.70835577789694,2.3899416690728117],[117.61178313308517,2.521811781488566],[117.57448505703985,2.504078438569138],[117.49855600895273,2.52293414979124],[117.40273447071934,2.6096855602404503],[117.31459780664352,2.626341573804609],[117.2009314311407,2.5962774194673557],[117.07413251660239,2.6080991120844033],[116.91652673002466,2.533530129411986],[116.75409447178254,2.475823604176014],[116.72694190224706,2.4436226624559367],[116.58116315385655,2.4280521539837423],[116.56450692715305,2.4544998636778246],[116.4490393741678,2.509853889245619],[116.44287323011554,2.4667458492415903],[116.32261307753151,2.251490208206576],[116.32169022562346,2.1297040814782235],[116.22083725933214,2.091965842149932],[116.22937818735352,2.0106005406824465],[116.19395935623936,1.9810038944142434],[116.18412555385135,1.8467056817218577],[116.12935223132047,1.6626557953287602],[116.0765520960025,1.6540164589924302],[116.03623285456263,1.605871908861559],[116.04082283420655,1.5598521815330173],[115.97274677054713,1.5312360247228298],[115.95020660525074,1.4884599982303826],[115.85249998818392,1.43599288366471],[115.85505790829586,1.402264023465932],[115.75845179071757,1.3312668565802142],[115.76050752400306,1.2599315320146616],[115.59377598927051,1.2832141820888978],[115.4363746437748,1.2285489625646164],[115.41815044638611,1.1439773855479416],[115.37147528595574,1.0719765150042235],[115.25240368638106,1.046624899019946],[115.18553021324885,1.0676532293131231],[115.17354149494406,1.1160348596210952],[115.00679722131474,1.1273422236647548],[114.97432216353707,1.1932353206535709],[114.89608083436303,1.2093574804633818],[114.84826798837707,1.1680904408212314],[114.71592885882978,1.278230747251257],[114.69984943210568,1.35396884858352],[114.63882155766885,1.3862095853041865],[114.58958656426864,1.463283702381034],[114.5692285031929,1.4298677657848202],[114.414297657411,1.5114452317121163],[114.30062778624335,1.4586956284005623],[114.23831916479764,1.44827575042558],[114.20538782878532,1.4103666938678998],[114.16907164783834,1.369966057487602],[114.20299125334373,1.349370617659929],[114.18700366089035,1.2688401154790085],[114.22046554025258,1.160452624589027],[114.09370742975409,1.106362194159999],[113.9887679755617,1.1265689514959831],[113.9482388206651,1.0612406296513655],[113.90265380672781,1.0586908403100779],[113.91188690605588,0.9679100749900158],[113.87119985988568,0.8886867041281334],[113.9263923321405,0.8403579980232507],[113.87395538982946,0.7797888452790289],[113.89486671202917,0.7385810152017598],[113.84168221186462,0.702718638454428],[113.84323861097323,0.6656452661162007],[113.97751590183748,0.6674166418645768],[114.01171196073847,0.6502201528378464],[114.09145017008939,0.6977617480063145],[114.17657412419658,0.6396731961611408],[114.16489955976692,0.5841325882483943],[114.24769966840506,0.5226097962051881],[114.319796555067,0.5405255396220241],[114.41005289062844,0.49542720100458837],[114.43596910009398,0.5440140557041673],[114.5249766127805,0.5587300481532225],[114.54528424886905,0.6306128116319769],[114.61988269423102,0.6425123234849934],[114.66808325953491,0.7038549255644284],[114.7159153258317,0.7013624482184468],[114.83425143015938,0.7537362680143929],[114.86205044497217,0.7366982161498186],[114.91735663470104,0.7774846895667906],[114.9893489383029,0.7177897794747992],[115.01075086585979,0.606699075801771],[115.0940112286354,0.46996692083678226],[115.1327772212918,0.4324947756134634],[115.1286699986216,0.37463400135811753],[115.03756982828497,0.3027468455904909],[115.02346646660419,0.3299461708791114],[114.89719808822122,0.3119646132763023],[114.86394122910451,0.2376325255206666],[114.83330884802501,0.22726005800529947],[114.79467950015885,0.08393383907548468],[114.89469522100774,0.04036379755126518],[114.89346695483619,-0.02756507586752832],[114.92455121376759,-0.09955558352334037],[114.92241775027901,-0.18244368632701935],[115.0447915902597,-0.18981582394104635],[115.14951286082987,-0.13534743543573313],[115.15861294772947,-0.09852041078829643],[115.26239580452284,-0.046852824997813514],[115.3151849501254,-0.1007616238497917],[115.2601316488566,-0.15899691177799014],[115.2387173340378,-0.23291629974738726],[115.23403149925434,-0.37084343877364745],[115.25309754211798,-0.45188281154247534],[115.35156941929336,-0.5798368216119911],[115.36704945596773,-0.7494720154211336],[115.39253159595648,-0.8222751486791253],[115.49765697239138,-0.8499946724161305],[115.58238135321699,-0.947523255194028],[115.64891725592668,-0.9896177619501145],[115.66422082133386,-1.035728539340596],[115.84696093779712,-1.1572596597054599],[115.78364466377025,-1.2130490012103792],[115.75398994737827,-1.3150423402317415],[115.67883333329178,-1.4563055548574084],[115.61889672230598,-1.4878552102497338],[115.64719851390032,-1.511441892329401],[115.63652150266523,-1.60348628696255],[115.6654484759664,-1.6281206468503342],[115.66591440662467,-1.7080954066776144],[115.70774264570662,-1.7275772555858566],[115.68083629166165,-1.7891570493582662],[115.72672172682633,-1.8036336431780455],[115.72395225559217,-1.9222646343054066],[115.6961962139842,-1.9744231932756975],[115.7476063805301,-1.9951180774372688],[115.75367176184238,-2.0504681019212967],[115.8365955938117,-2.0591879851373847],[115.81215100976135,-2.0938492894131286],[115.80211892304987,-2.206727209493067],[115.83938794110065,-2.290349990959271],[115.85808061063176,-2.386906717770785],[115.8903077118315,-2.3356261444309894],[116.22664600021278,-2.308784654887859],[116.23623299985309,-2.327163654379092],[116.45450760294364,-2.3705188478664923],[116.55893137508292,-2.4051927633353216],[116.59574454387564,-2.202063903626197],[116.51589199202192,-2.2214798655033405],[116.55237516718023,-2.173778370875084],[116.50217341786902,-2.109271333305344],[116.46107342010237,-2.1326913997882],[116.36450557497233,-2.108387675650647],[116.45770763270116,-2.0625581396463986],[116.45718585864051,-1.91952960890427],[116.42084931884108,-1.8640030169256647],[116.45068450398674,-1.7732516144703823],[116.37503041821924,-1.7622953358610403],[116.26243610833978,-1.8103140483545985],[116.24999999980025,-1.7897317044545389],[116.31292040485289,-1.704235220578937],[116.55899381501263,-1.6002855827134113],[116.53267796751425,-1.5156455726850027],[116.58100369236661,-1.43055403554024],[116.74901924134497,-1.370952729584758],[116.78014654362812,-1.2248811493454923],[116.81081164384238,-1.2812338414685769],[116.8841287477436,-1.2766494052457915],[117.00018557610349,-1.2007159612725218],[117.15753783929995,-0.9687708339068308],[117.24878006205029,-0.9071503557042888],[117.25749541268317,-0.804246678841082],[117.28207730432416,-0.7910772253336518],[117.30385677536992,-0.683061509680897],[117.27710322423445,-0.5814296045925289],[117.3677525356511,-0.5692860311253867],[117.41256936128707,-0.5391013748285332],[117.45457138805921,-0.4473959031982986],[117.44340978433411,-0.29883471624913227],[117.41725962073497,-0.2467027286479606],[117.48172919794422,-0.06895057690752537],[117.51772447380552,-0.03150952844191579],[117.47239263880931,0.06558693998533727],[117.52162835616377,0.12476909801551983],[117.4854011496434,0.17265250121198505],[117.52807193567139,0.22033777027195356],[117.52369398918631,0.3178258862557186],[117.61213517270016,0.43243523329942946],[117.67340642706506,0.6153902823356816],[117.70847823857991,0.6237951321396622],[117.71163328784598,0.6970389592805759],[117.75142167027388,0.7558392022174303],[117.91439936553832,0.8372286477838884],[117.9732730372209,0.7728789780824172],[118.02946113902044,0.7804561260494438],[118.0104321050577,0.8849660208651926],[117.94074426833333,1.0364045230503507],[117.88852827056326,1.089485814318948],[117.9018561072736,1.1124387873202295],[117.98433726685141,1.0592008620301954],[118.00845301109769,0.9610120185898268],[118.06490118334295,0.90344801161649],[118.32032368289174,0.8497349627983226],[118.37889743336996,0.8038892956545283],[118.42376575328694,0.8392919344752272],[118.5464099519578,0.8084472711246917],[118.67749186975402,0.8570510546624632],[118.79511138618159,0.8016983645878781],[118.86552102597466,0.8794263175705623],[118.88818995170493,0.8726303944771985],[118.9875522287524,0.9884438788819807],[118.945911635014,1.058044889659982],[118.83641126996417,1.0514499335676533],[118.76808291589396,1.1949788569887119],[118.5803277246448,1.354317035502845],[118.45477949098074,1.3862576324838187],[118.40717795329999,1.4865899443705075],[118.2457731839853,1.5625447310545155],[118.11506100536121,1.6520940304152418],[118.05249833622929,1.7341596492484541],[118.0666591448038,1.7618290141977013],[117.92942771861442,1.8056647037631137],[117.81568143205254,1.9495621675600319],[117.82415769522152,2.0098694656034013],[117.7012941447091,2.0360173476225327],[117.72339635096091,2.1370294462519723],[117.68293367394995,2.1781067855997094],[117.80513010557002,2.1989284741698043],[117.93386092394258,2.180001252455895],[118.02068208940693,2.1980055017525615],[118.09449360999213,2.2755681314641265],[118.05391797903155,2.3672750806804856],[118.01508345893455,2.3663088373829737],[117.98593392680937,2.435721765746962]]]]},"properties":{"ID":21,"kode":64,"Propinsi":"KALIMANTAN TIMUR","SUMBER":"Batas Provinsi Desember 2019 Dukcapil (Skala tidak diketahui)"},"id":64},
    {"type":"Feature","geometry":{"type":"MultiPolygon","coordinates":[[[[117.70565965357025,2.8393553992323177],[117.64136507453861,2.815179237631753],[117.7296656553458,2.8071669356056645],[117.70565965357025,2.8393553992323177]]],[[[117.58087911987559,2.9032799629999317],[117.5941542356295,2.8600302950621312],[117.70490611522507,2.8612674888036054],[117.71258517616502,2.895560063845892],[117.58087911987559,2.9032799629999317]]],[[[117.68736278556412,2.935048103287386],[117.60560624663106,2.91738862618422],[117.71057515991572,2.9042087333464224],[117.68736278556412,2.935048103287386]]],[[[117.46262382862687,2.9531572567020703],[117.50700358554707,2.915610181764521],[117.56591820875838,2.9204400105980426],[117.46262382862687,2.9531572567020703]]],[[[117.66728803071805,2.987271695832135],[117.56365178680062,2.9539498993684106],[117.6169662066252,2.9260218804055285],[117.693154919564,2.9457601638005713],[117.66728803071805,2.987271695832135]]],[[[117.62281549793693,3.0590440036778546],[117.52829744427174,3.0388433104704404],[117.5776040398946,2.983527078012287],[117.62281549793693,3.0590440036778546]]],[[[117.53000630454733,3.0679094133887475],[117.44619272831187,3.053827917824208],[117.36036673553645,2.9629188795027517],[117.45103474565701,2.96566288013787],[117.50264004170458,3.0649101302983013],[117.53000630454733,3.0679094133887475]]],[[[117.45888536037114,3.112244418245382],[117.40138980079871,3.1078259851811367],[117.38291915499508,3.0417999135352147],[117.42388077497787,3.0365053303567606],[117.45888536037114,3.112244418245382]]],[[[117.44676098473167,3.3409000081289264],[117.39607981133429,3.276270658264309],[117.5166776548499,3.2758979971948747],[117.50451331603676,3.322016429614564],[117.44676098473167,3.3409000081289264]]],[[[117.48858721292959,3.4078995680106914],[117.44928904375445,3.4020922561527414],[117.4553246647016,3.3473975235768876],[117.50508342326145,3.355352799592083],[117.48858721292959,3.4078995680106914]]],[[[117.4172208626527,3.4211427371476475],[117.41628336798306,3.345985291188299],[117.44426654776305,3.3986992813468078],[117.4172208626527,3.4211427371476475]]],[[[117.61864830577474,3.438541292146965],[117.54857758089065,3.4422965822215588],[117.51495792626736,3.381084482562869],[117.54117523864636,3.326880271707239],[117.64809554587282,3.241068097015102],[117.66578098010825,3.4152204901335494],[117.61864830577474,3.438541292146965]]],[[[117.4448693588339,3.5503453731404875],[117.48605562406783,3.498318548662155],[117.54718979567258,3.4712424116080456],[117.60942869987468,3.5006169882834115],[117.50817147663236,3.5431954840843787],[117.4448693588339,3.5503453731404875]]],[[[117.2480673322417,3.5881477377279793],[117.20141585186013,3.539053423476787],[117.23076864155962,3.4967593733464355],[117.32304983398274,3.491269501486329],[117.46177772216424,3.4492705180200574],[117.51790566111742,3.481845526449945],[117.43543611628377,3.508632950550293],[117.37109588226917,3.562561659493042],[117.2480673322417,3.5881477377279793]]],[[[117.62244393134245,3.5758667496507996],[117.50985307126234,3.5792660062212462],[117.62813720556767,3.5369073362046493],[117.62244393134245,3.5758667496507996]]],[[[117.81739809124895,3.576855824037125],[117.75623589137331,3.5639538298054276],[117.7591270031088,3.5170494708564206],[117.84234363275255,3.4554651525947406],[117.87325342140832,3.4761518924958636],[117.81739809124895,3.576855824037125]]],[[[117.42231988555432,3.600744274528722],[117.38953610041074,3.6136810347520054],[117.31203462190035,3.584243083751346],[117.42231988555432,3.600744274528722]]],[[[117.48215589208087,3.637394906150064],[117.43022668631261,3.6237290250745104],[117.49060686181724,3.598143073643996],[117.48215589208087,3.637394906150064]]],[[[117.68013138375636,3.7755859934988507],[117.77704999326261,3.686331563850615],[117.81010175389292,3.726024769227763],[117.68013138375636,3.7755859934988507]]],[[[117.59534466552395,3.7798254210064215],[117.47833244958292,3.750460366352854],[117.5204235667942,3.6740515056724803],[117.57660404594003,3.6338957196118145],[117.66853000165827,3.6156727470996657],[117.71754357207828,3.6343690256101127],[117.72931643690413,3.7404081150424986],[117.59534466552395,3.7798254210064215]]],[[[117.7354172892766,3.87298092622882],[117.74385468374669,3.805990188696285],[117.82650384117937,3.7827752881490824],[117.82917815964436,3.807536623316537],[117.7354172892766,3.87298092622882]]],[[[117.5228192393165,4.027963962367039],[117.49966043937786,4.05276963770865],[117.44327887721852,4.005761437640274],[117.4616601537931,3.930030074028764],[117.56527800657477,3.918393216373886],[117.60620947318864,3.8821056059889543],[117.6816598139493,3.887949378161295],[117.68272444307865,3.913798233801515],[117.59745398401424,3.933491176076984],[117.5228192393165,4.027963962367039]]],[[[117.66086041237816,4.146907465207391],[117.58927553763601,4.080048629440739],[117.603026533248,4.010830168677387],[117.66906204597672,3.966490659116687],[117.72403513401423,3.984371262423849],[117.75350656767398,4.0617375620389],[117.66086041237816,4.146907465207391]]],[[[117.90110403482345,4.166424557647247],[117.68345039651865,4.166558506270121],[117.86121902563764,4.028976658346153],[117.92627782426223,4.063103457758416],[117.90110403482345,4.166424557647247]]],[[[117.98593392680937,2.435721765746962],[117.81189906698842,2.60968878610862],[117.78962544635738,2.6527063237379025],[117.78520058224115,2.748287808635496],[117.61522680177552,2.7951914184492352],[117.66469384184734,2.845320448579912],[117.44841785609924,2.940351015986664],[117.43084721132982,2.9654809787642193],[117.35431648621693,2.9562351837068377],[117.38649012182168,3.0370490397814365],[117.35376744201392,3.0467585585606685],[117.38589480120413,3.095971374679266],[117.46045647958294,3.141867119671872],[117.42655361136019,3.1726771825059927],[117.3176514906238,3.177713195307774],[117.3159256223696,3.2136857758778774],[117.379139655171,3.229498471777106],[117.35266117966978,3.267176780284217],[117.41523354709057,3.336758867527749],[117.41234883762877,3.3913389455359493],[117.35504274092978,3.4491453665654603],[117.22114571939949,3.4860688138247724],[117.19436796301113,3.541776245077699],[117.22609190611661,3.603621242626275],[117.17637412876309,3.619094075731084],[117.01643494321809,3.5956352943334196],[117.06594675334009,3.631378211435333],[117.16868258972977,3.6442683103343256],[117.25772799625008,3.617608708674993],[117.37039393713053,3.638041405386616],[117.42841260805551,3.6247408963753287],[117.48883859502519,3.6525066578560086],[117.42872284898033,3.671145711605334],[117.47309371430356,3.712591573342479],[117.49313374182873,3.774579371540824],[117.6006547323301,3.7938075190018594],[117.6489409553609,3.771654219566642],[117.73438227662086,3.835576351567397],[117.66892531125416,3.8787979453689445],[117.59807156465104,3.8763186835604415],[117.53325733216025,3.924778914615274],[117.45756846691131,3.929949820327977],[117.43822656600332,4.013427105876303],[117.468357083113,4.0828682225904345],[117.41840123003283,4.094335871003693],[117.40746384617967,4.1458819332046914],[117.52396113729674,4.103228856626458],[117.58779380474039,4.161929412412519],[117.46782351983961,4.1735539844289065],[117.37365943663372,4.285156937442764],[117.29079999252565,4.315319160151148],[117.24883721576498,4.373868883442242],[117.20100249287077,4.335061383476102],[116.97553193924762,4.343415829876676],[116.91245943995125,4.368634996407991],[116.84393916156307,4.3258122195583155],[116.75241027451466,4.389533053607579],[116.70241721828006,4.333903609763809],[116.61823138567001,4.345589443597987],[116.56727166255723,4.408174443795588],[116.53047666366717,4.325887220319032],[116.43837694184242,4.323007221506089],[116.34922860791403,4.3901499984237375],[116.26260499652346,4.361909999247132],[116.17813610859457,4.380682499797558],[116.0757249994092,4.276627499159815],[115.97786999870152,4.357803611147801],[115.92913472079078,4.353913055842895],[115.87852638708318,4.391395000079228],[115.87127166495543,4.285576388439608],[115.8038411085804,4.2214777788764195],[115.76771472055793,4.24488333299945],[115.68197777595367,4.153115833329082],[115.67840743505519,4.089664226622801],[115.64088941451496,3.9615351931946634],[115.58113354567661,3.9400355587940794],[115.57720618471774,3.893489456473276],[115.61748613657596,3.8752571175219828],[115.57236785998884,3.680853250077462],[115.61030221267708,3.5106178954995357],[115.65833853479558,3.43884030683472],[115.62528602682869,3.4079978522191254],[115.58787340053709,3.449885986149411],[115.54436934586863,3.357704839706628],[115.51681001297175,3.2217239316141786],[115.56292409087416,3.1701157451455515],[115.51180367420022,3.093302242604466],[115.48680679219979,3.0180646193867346],[115.44100055762965,3.0227447758507537],[115.4041163891601,2.9841710177782943],[115.33184404206895,2.97589048935464],[115.28582957757305,3.04734976747784],[115.24982612777364,2.9646043645997793],[115.14938240337528,2.908015014081684],[115.15329064204957,2.8703106890870913],[115.10419881082657,2.8315706032008165],[115.15526305584547,2.792696056078171],[115.09606343567907,2.6975804757584],[115.12056947490146,2.654864742513894],[115.08934280832398,2.6161578946711757],[115.1149553500095,2.5831871890375737],[115.17103997491495,2.6134110287960084],[115.25251939675286,2.541072694849049],[115.20570209397647,2.471044097806896],[115.15061313908518,2.477096978542761],[115.09794540285816,2.40244770799535],[115.06456486357763,2.407549132986162],[114.94918355287871,2.3241147972601084],[114.96902265297308,2.2942760507991693],[114.91838325578271,2.254812456729553],[114.80038657807813,2.2487269315027447],[114.78929093063198,2.200928489058583],[114.74239445334138,2.1910987830823956],[114.74166835331187,2.132228658325971],[114.82358215309398,2.118225197834647],[114.80991747171402,2.025700789160112],[114.88228603906953,2.03059725326068],[114.85218701621784,1.945629012269137],[114.881289231413,1.9204002068041746],[114.79058829261567,1.8474886251999578],[114.7473284569428,1.8693627435957865],[114.69767774832951,1.8032980955307494],[114.71921791427542,1.715850724031725],[114.70507691596697,1.6373121662235235],[114.6104767479037,1.5752155725406851],[114.58958656426864,1.463283702381034],[114.63882155766885,1.3862095853041865],[114.69984943210568,1.35396884858352],[114.71592885882978,1.278230747251257],[114.84826798837707,1.1680904408212314],[114.89608083436303,1.2093574804633818],[114.97432216353707,1.1932353206535709],[115.00679722131474,1.1273422236647548],[115.17354149494406,1.1160348596210952],[115.18553021324885,1.0676532293131231],[115.25240368638106,1.046624899019946],[115.37147528595574,1.0719765150042235],[115.41815044638611,1.1439773855479416],[115.4363746437748,1.2285489625646164],[115.59377598927051,1.2832141820888978],[115.76050752400306,1.2599315320146616],[115.75845179071757,1.3312668565802142],[115.85505790829586,1.402264023465932],[115.85249998818392,1.43599288366471],[115.95020660525074,1.4884599982303826],[115.97274677054713,1.5312360247228298],[116.04082283420655,1.5598521815330173],[116.03623285456263,1.605871908861559],[116.0765520960025,1.6540164589924302],[116.12935223132047,1.6626557953287602],[116.18412555385135,1.8467056817218577],[116.19395935623936,1.9810038944142434],[116.22937818735352,2.0106005406824465],[116.22083725933214,2.091965842149932],[116.32169022562346,2.1297040814782235],[116.32261307753151,2.251490208206576],[116.44287323011554,2.4667458492415903],[116.4490393741678,2.509853889245619],[116.56450692715305,2.4544998636778246],[116.58116315385655,2.4280521539837423],[116.72694190224706,2.4436226624559367],[116.75409447178254,2.475823604176014],[116.91652673002466,2.533530129411986],[117.07413251660239,2.6080991120844033],[117.2009314311407,2.5962774194673557],[117.31459780664352,2.626341573804609],[117.40273447071934,2.6096855602404503],[117.49855600895273,2.52293414979124],[117.57448505703985,2.504078438569138],[117.61178313308517,2.521811781488566],[117.70835577789694,2.3899416690728117],[117.72082870917768,2.346972762283201],[117.79783086700093,2.325750083999253],[117.85696421072976,2.39190943966895],[117.91935357240948,2.395732575498016],[117.98593392680937,2.435721765746962]]]]},"properties":{"ID":33,"kode":65,"Propinsi":"KALIMANTAN UTARA","SUMBER":"Batas Provinsi Desember 2019 Dukcapil (Skala tidak diketahui)"},"id":65},
    {"type":"Feature","geometry":{"type":"Polygon","coordinates":[[[141.0413746462612,-9.120183785268836],[141.00176053883524,-5.178939170055429],[140.91222076670664,-5.185798689674954],[140.82956866935666,-5.229240579118212],[140.7423247888205,-5.224667890169258],[140.65278501669053,-5.2612484649527005],[140.56522236102114,-5.255507291924303],[140.5147127459736,-5.228071809286305],[140.43665243181005,-5.228071809286305],[140.30808250259884,-5.159477857059613],[140.25298110436512,-5.0565730546686325],[140.11293171718899,-5.035990120911848],[139.9085973654066,-5.049712149312683],[139.89023023266293,-5.065720815377759],[139.59176432556433,-5.058860006970292],[139.50222455343567,-5.001683784594292],[139.11738391797894,-4.991418184029143],[138.88937434597813,-4.957223438885194],[138.89427777763422,-4.918141563275427],[138.96782925247288,-4.9156988696940545],[139.04873587479642,-4.864400242262917],[138.9433120941938,-4.837527969987775],[138.9457638100211,-4.766677790822868],[138.8550503243854,-4.695820305303329],[138.81337115531073,-4.766677790822868],[138.78395056537408,-4.7398016678150015],[138.6417510473529,-4.737358331981099],[138.59516844662056,-4.703150725677133],[138.50445496098484,-4.725141523383073],[138.46522750773744,-4.690933315580978],[138.29115568395082,-4.668941439071446],[138.16611817672526,-4.705594181994584],[138.13179415513252,-4.5931863853575265],[138.07785640691833,-4.5565278169570576],[138.0263703745299,-4.607849285972719],[137.874363993195,-4.576079287010046],[137.82532967663542,-4.5369758151922355],[137.74335783466654,-4.587854431453394],[137.76299956776495,-4.641694088520964],[137.90049169944876,-4.768935047181898],[137.83665606688072,-4.891259903014074],[137.8583379616474,-4.928012102026742],[137.82180617992304,-5.029915103072653],[137.7633553291662,-5.015358500518616],[137.67567905302974,-5.037193282348099],[137.6610663403422,-5.102693214788559],[137.5880027768955,-5.131802154917452],[137.5514709951711,-5.182739599991763],[137.62453455861464,-5.219120977079555],[137.71663267418478,-5.329170797182641],[137.87319947065453,-5.365849709577148],[138.0481858902374,-5.67752992224851],[138.25080174449084,-5.860793111760444],[138.43499797563095,-6.346144735865224],[138.67445307611348,-6.620671799066244],[138.60077458365657,-6.7395865033363975],[138.6376138298857,-6.831039537761441],[138.54551571431557,-6.959044362883688],[138.66524326455618,-7.10529282456487],[138.68366288766936,-7.242358527894268],[138.91390817659465,-7.443312657365354],[138.91390817659465,-7.52549477514205],[138.73892175701172,-7.370248949791915],[138.17712325203524,-7.461576687194992],[137.93766815155277,-7.744570521756231],[137.79031116664174,-8.009134846132682],[137.67058361639977,-8.200608993349505],[137.6429541817293,-8.473983083864496],[137.76268173196985,-8.410212941864287],[138.22317230982026,-8.373768143501394],[138.31527042539045,-8.446654313126459],[138.49025684497326,-8.319094551698257],[138.66524326455618,-8.373768143501394],[138.92311798815194,-8.36465641011604],[139.00600629216467,-8.300868323177426],[138.99679648060737,-8.191493250277091],[139.12573384240528,-8.109442194733745],[139.20862214641943,-8.13679441541268],[139.3559791313305,-8.209724527416412],[139.6322734780407,-8.13679441541268],[139.87172857852323,-8.100324374052079],[139.963826694092,-8.155028192467057],[140.34142896792963,-8.455764118768172],[140.59930369152534,-8.801775125213084],[140.86638822667834,-9.08380840855996],[141.0413746462612,-9.120183785268836]]]},"properties":{"ID":93,"kode":93,"Propinsi":"PAPUA SELATAN","SUMBER":"MAMS-ARK.MY.ID"},"id":93},
    {"type":"Feature","geometry":{"type":"Polygon","coordinates":[[[137.5568147710938,-5.1677632474180655],[137.659921081822,-5.1007740959056775],[137.67679064423993,-5.033002931190012],[137.7372847222024,-5.008572405891272],[137.8190334762047,-5.024859524470159],[137.8533679528855,-4.933646454341726],[137.8370182020854,-4.889664230672537],[137.89587730496726,-4.769105627901112],[137.7569044231617,-4.645266656154334],[137.7454016069131,-4.583970210498649],[137.83281550541756,-4.53908144603632],[137.8619534715857,-4.438731799567705],[137.92022940392195,-4.412321717500802],[137.95201627610464,-4.235350210082103],[137.93347393399796,-4.164021793451397],[138.0102922084409,-4.113823840263834],[138.0102922084409,-4.0292727884777975],[137.98380314828734,-3.952640800449103],[138.14803532123466,-3.852215771944458],[138.23809812575365,-3.8469299130827324],[138.30167187012063,-3.7649949352485663],[138.27354799352196,-3.6292844341650294],[138.04722061432227,-3.5845559094203594],[138.05730450745432,-3.449238916595135],[138.03377542347823,-3.4346995678853887],[138.03532588989344,-3.321289791172049],[138.08693938203584,-3.3033672635881715],[138.06407238249938,-3.124683143377041],[137.99784973211786,-3.1431977545944534],[138.0163920742246,-3.024169604569394],[137.9024891155682,-3.0135886847520936],[137.8839467734615,-3.0823628086733947],[137.85480880729335,-3.0585568791760664],[137.78858615691183,-3.085007879148023],[137.77534162683588,-3.0506214516921517],[137.70117225840744,-3.032105226706321],[137.58197148772035,-3.053266600701818],[137.4521750929718,-3.1008781635943876],[137.3594633824368,-3.085007879148023],[137.24291151776583,-3.1193931943838322],[137.13165746512396,-3.1220381722103525],[137.08448457391358,-3.161864325333511],[136.9503358699588,-3.124084425163616],[136.91593876637933,-3.1584298455712627],[136.74739295884518,-3.1601470868726977],[136.72503484151997,-3.2030771918975773],[136.571967730597,-3.254590939770168],[136.51693236486983,-3.163581560950149],[136.54273019255402,-3.1584298455712627],[136.571967730597,-3.0433682857415647],[136.44297859217664,-3.0553902254794423],[136.38450351609464,-3.007301663958259],[136.32743567409102,-3.0181765027006264],[136.29270991204294,-2.89795428433348],[136.21168313393093,-2.8008423752648497],[136.1098208985918,-2.8031546582684683],[135.98712320602272,-2.747658613738608],[135.94545229156546,-2.777719294748053],[135.92924693594335,-2.9557550543486286],[135.7232074144597,-3.0667240430367],[135.7579331765064,-3.1083344677926164],[135.61430224798988,-3.179222681815318],[135.50373352564702,-3.35554776291481],[135.32504404152888,-3.3895459339951657],[135.15119468402042,-3.371109148878517],[135.0863964977038,-3.3346188946420767],[135.01495234356184,-3.339594918468478],[134.9241029052572,-3.2664645832912953],[134.8626871358536,-3.2497419016497986],[134.86492043655852,-3.1605496204014116],[134.8090879189195,-3.1226405665669006],[134.81355452033074,-3.018941213023936],[134.85040398197287,-2.896273311295161],[134.80350466715635,-2.907425496261226],[134.75325540128034,-2.9932935963848735],[134.69183963187675,-2.972105981774405],[134.67285657587973,-2.927499151104584],[134.66727332411534,-2.782514825446256],[134.64047371564897,-2.7546311512790282],[134.58687449871485,-2.798129395326484],[134.63350714652722,-3.1115793416485786],[134.72002809553658,-3.334184398884176],[134.75996084123216,-3.39398029712396],[134.82318768858562,-3.3740487390327587],[134.90884626730127,-3.43451224827443],[135.00879462508584,-3.5532772072878913],[134.99292980639018,-3.5817785422200217],[135.0500431536962,-3.610278989717088],[135.1785481851358,-3.5706947948114447],[135.18965355822297,-3.618195622249459],[135.14840502961272,-3.6466949255800216],[135.15039209729923,-3.7441875821787107],[135.21837506106607,-3.808452654170466],[135.27383484729506,-3.8245181756231545],[135.24252690345486,-3.910195840227601],[135.25326105562982,-4.003895752971445],[135.33231829723888,-4.063113044367768],[135.28055066686574,-4.084628389375908],[135.13962767307186,-4.051637958834874],[135.04184437125622,-4.050203561688107],[134.95556498729985,-4.154907813232882],[134.9526890078355,-4.199367078635518],[134.88717570541382,-4.250617427326532],[135.0699628131161,-4.394152823516066],[135.20933798274098,-4.464771266098978],[135.42639767313807,-4.437435895068873],[135.73579821059764,-4.496135151988909],[135.91858531830002,-4.491579522676673],[136.02825758292278,-4.575854028838123],[136.27273533947636,-4.664673171826195],[136.33671082717183,-4.664673171826195],[136.42810438102362,-4.730710905462374],[136.48294051333505,-4.7443731013794235],[136.55834019526304,-4.803572816160312],[136.77996956335295,-4.883256612117137],[136.83252085681863,-4.912851047627157],[136.91934473297772,-4.885533153625289],[136.99245957605865,-4.94244416925828],[137.03130183644623,-4.924233173401532],[137.0792834522178,-4.978864657551441],[137.11812571260532,-4.965207209992101],[137.1775315226081,-5.013007034003323],[137.23008281607383,-4.9925218215082054],[137.3054824980004,-5.003902574275074],[137.41515476262322,-5.131353379448186],[137.44714250647093,-5.092665618363569],[137.4974089610896,-5.135904726875808],[137.54539057686128,-5.1222505872224815],[137.5568147710938,-5.1677632474180655]]]},"properties":{"ID":94,"kode":94,"Propinsi":"PAPUA TENGAH","SUMBER":"MAMS-ARK.MY.ID"},"id":94},
    {"type":"Feature","geometry":{"type":"MultiPolygon","coordinates":[[[[140.99938861387898,-3.9215208426585377],[141.0082661379933,-2.597645598418211],[140.9212075806298,-2.6179382246922955],[140.79932560032188,-2.5947466251299858],[140.74418851399315,-2.620837144536594],[140.70065923531138,-2.568655567303452],[140.75579632164187,-2.536765773314471],[140.6252084855983,-2.4468903370013635],[140.48301284190603,-2.4352930629882934],[140.3466211020381,-2.3947018208516226],[140.3814445249825,-2.441091712504317],[140.33791524630072,-2.4468903370013635],[140.21603326599285,-2.39760123541447],[140.1231708048067,-2.3019173555130834],[140.07383762230052,-2.3599083696161927],[139.78364243109343,-2.3599083696161927],[139.46152576885152,-2.197527624087286],[138.9391848509863,-1.9566207177434052],[138.876403624813,-1.96882101652389],[138.81013455274007,-1.9374486405584577],[138.6793403315461,-1.7997520218800105],[138.41600796620827,-1.7300281994583742],[138.19104190575223,-1.6341537800810215],[138.02536922557192,-1.5766269142713867],[137.9730515370956,-1.5313015943484345],[137.93294130926182,-1.456338398341316],[137.74808547663957,-1.482488640192642],[137.10063015268435,-1.7922453773977054],[137.0955193433286,-1.8944305035741706],[137.13862357120564,-1.8903916861895453],[137.1898098418107,-1.9388568688851109],[137.1776867777195,-2.019629072369625],[137.23156706256617,-2.0452061073589505],[137.1817277990827,-2.0869361815676797],[137.05780314393638,-2.09635894906485],[136.97294169530232,-2.1313573011258313],[136.9406135243949,-2.12058866154851],[136.9042443321227,-2.1744311024050518],[136.81190923025594,-2.1787997673626904],[136.74861832299712,-2.2535421609817803],[136.70546543168405,-2.2262328783580756],[136.68101212660747,-2.2607287294227802],[136.60333692224492,-2.2535421609817803],[136.58895262514113,-2.1859866991983807],[136.5429228744062,-2.220483491012928],[136.51559270990958,-2.1902988417889873],[136.42641006786323,-2.2003604595218746],[136.33435056639513,-2.2779763482786706],[136.34298114465884,-2.367085721020601],[136.3012666830566,-2.4073267987592146],[136.25379850261254,-2.56253107775089],[136.20201503303747,-2.625757121322792],[136.00782702213024,-2.699037845027405],[135.9901496674152,-2.7455496848027963],[136.10252450533682,-2.800807890764176],[136.214034921429,-2.800807890764176],[136.31344343189903,-2.94066845592522],[136.32727418118225,-3.0166347994001796],[136.3843260219714,-3.0097289854928135],[136.44092820638014,-3.0552822174478393],[136.56975655831093,-3.0409882077764365],[136.58276952315202,-3.061779431703414],[136.5229098848818,-3.2008102355014785],[136.57105785479388,-3.2566771598640685],[136.72591213640686,-3.2008102355014785],[136.74673288015384,-3.1618315041986023],[136.9185040160616,-3.157933550201804],[136.94713253871282,-3.1228513080004774],[137.08246737306342,-3.165729443545686],[137.1254101570404,-3.120252576609289],[137.251635916002,-3.1228513080004774],[137.35964352418586,-3.086468485757578],[137.46895242885427,-3.096863705587751],[137.54013658324203,-3.0565161708877895],[137.69469506331387,-3.027852904713612],[137.7741822816365,-3.0432870658231366],[137.79626206450462,-3.078564316543279],[137.8536694999604,-3.049901638698799],[137.88016523940092,-3.074154723812512],[137.89562108740796,-3.0146234486807657],[138.06784339377424,-2.979344114690548],[138.014851914892,-3.0543113313513857],[138.01043595831834,-3.1579338393271854],[138.06121945891448,-3.120454533472909],[138.1664378853156,-3.1015559369967605],[138.22183089789337,-3.134239718667345],[138.24197381155858,-3.1845204625643646],[138.28477750309486,-3.16692247946618],[138.3603134293379,-3.2347987515915833],[138.43333149137203,-3.229771034257894],[138.49124236815726,-3.3076978313837344],[138.59447480068764,-3.3353478106672867],[138.68008218376326,-3.189548402573223],[138.71785014688328,-3.2021181449415934],[138.83367190045522,-3.1644084574284648],[138.8034575299589,-3.207145998725352],[138.94949365402715,-3.264964530614762],[139.00236880239606,-3.302670479379074],[139.05776181497384,-3.272505834136595],[139.1408513338406,-3.4057260522962025],[139.2037979390421,-3.4484531959719504],[139.26422668003624,-3.413266274941506],[139.30703037157252,-3.4685594242138507],[139.36242338415036,-3.478612378120104],[139.38004843360665,-3.438399922254604],[139.47320940930598,-3.461019638605734],[139.49587018717853,-3.5137968704093083],[139.54370960713118,-3.538927839140186],[139.61169194074904,-3.5037442931228355],[139.58147757025273,-3.5489800360290076],[139.6620492249105,-3.5238493393955395],[139.85592476893288,-3.581648918928636],[139.90376418888548,-3.6193423344009688],[139.96419292987957,-3.60929090963252],[139.98181797933586,-3.652008693012405],[140.0573539055789,-3.639444849024059],[140.1605863381094,-3.7148252633409697],[140.27389022747235,-3.664572361161362],[140.3267653758428,-3.750000594540822],[140.4079868926239,-3.734254249559129],[140.52976043006902,-3.7804932461123144],[140.55131326855735,-3.7503844102373023],[140.68601850909602,-3.7944719936102445],[140.71080427335443,-3.8665127025464585],[140.7021831379596,-3.9460729339566285],[140.77869571458672,-3.9546735863486617],[140.8185684657853,-3.901993196806046],[140.90873743583035,-3.945206893558307],[140.90657907444745,-3.915060893926352],[140.99938861387898,-3.9215208426585377]]],[[[136.90497423404082,-1.7896038949025694],[136.79256713503122,-1.7426675736495163],[136.58917864087942,-1.7276756117079233],[136.45206792508145,-1.6961171519667606],[136.40355370699635,-1.7197714805006548],[136.2039852498944,-1.6484641349123839],[136.0437058598016,-1.6550087678339298],[135.91197820011718,-1.6338067492126642],[135.4009382705012,-1.597996146322686],[135.46621864171908,-1.631225654530669],[135.4741750555295,-1.6799575407656746],[135.54799386546566,-1.6653107075592883],[135.6834869282515,-1.7120524744701484],[135.72614933914144,-1.6880926962331557],[135.79574653150684,-1.7765390345103071],[135.8131582429799,-1.7272289125427704],[135.87119728122173,-1.7388314106661653],[135.93794217519905,-1.791041762701738],[136.15558856860446,-1.8751552932957622],[136.25425493361666,-1.889657222621409],[136.29778421229673,-1.9273616698066576],[136.3297056833298,-1.8693544878650954],[136.4457837598133,-1.9012586789354913],[136.47190132702207,-1.872254892980152],[136.55025402864817,-1.9070593778791078],[136.52413646143947,-1.8577528195588826],[136.60829306688993,-1.863553663266302],[136.78605209346068,-1.8127749733927772],[136.86076288324136,-1.825847840255534],[136.90497423404082,-1.7896038949025694]]],[[[136.39133146000933,-1.0827883605661555],[136.25963855082898,-1.0229380582045309],[136.1792545667011,-1.0485883292463],[136.10913236778032,-0.9665067474099516],[136.04756165653356,-0.8519312594560233],[135.93126142417879,-0.7852364667525933],[135.87311130800032,-0.7099897867826854],[135.80640970415004,-0.6860473983316666],[135.7568110756456,-0.7390625199628857],[135.64393143835912,-0.6603947064425171],[135.58920191725105,-0.7031491168363289],[135.59262251231945,-0.6638150731224215],[135.36344264169298,-0.6296112996409562],[135.38396621210927,-0.7014389455438703],[135.50881793213802,-0.8450908172625304],[135.54644447790025,-0.8639019978671456],[135.55670626310734,-0.817728937940231],[135.64735203244226,-0.886133272901418],[135.69866095848192,-0.810888438725712],[135.74312869438285,-0.8040479279511601],[135.82351267851072,-1.0331981892777549],[135.80127881055927,-1.0964682666371175],[135.84061565385662,-1.1614469534815441],[135.8970554724998,-1.1785463630176451],[135.9552055886782,-1.1460573963966567],[136.0390101678745,-1.1460573963966567],[136.0492719530816,-1.1905158873176305],[136.13649712734815,-1.2007754382357234],[136.24082527696066,-1.1768364267636855],[136.39133146000933,-1.0827883605661555]]]]},"properties":{"ID":91,"kode":91,"Propinsi":"PAPUA","SUMBER":"Peta Dasar BAKOSURTANAL Skala 1 : 250.000"},"id":91},
    {"type":"Feature","geometry":{"type":"Polygon","coordinates":[[[134.65217071441168,-2.7463683800030907],[134.6566402755529,-2.554382222100628],[134.638762030988,-2.469541874391993],[134.49126651333364,-2.500799483689491],[134.46444914648646,-2.599032801527855],[134.50914475789705,-2.728510468902371],[134.50467519675595,-2.8490461429126697],[134.45997958534525,-2.871366197385086],[134.366118801384,-2.6481466168035297],[134.18286679459987,-2.362367412091743],[134.0979451329198,-2.0497294452022317],[134.14711030547164,-1.99166112196977],[134.0979451329198,-1.763835465136438],[134.08482662556884,-1.6559609175332497],[134.18572972461385,-1.562102405975864],[134.21701665260088,-1.387846988874756],[134.29299919199872,-1.3342272878257546],[134.18126016347264,-1.1822986320176625],[134.0605820126641,-1.0527058390656663],[134.0114168401122,-0.9365146181846313],[134.05611245152295,-0.873948496513151],[134.11868630749842,-0.9007626799608204],[134.13209499092068,-0.8694794472656611],[133.9711907898427,-0.721998032481082],[133.85945176131662,-0.7175288195575149],[133.8058170276235,-0.7532823991906099],[133.74771273278918,-0.7264672410393018],[133.7119562436609,-0.7622207490855573],[133.5108259923133,-0.7488132173972275],[133.352835424778,-0.8934038758084597],[133.36347284321045,-0.9714013765768783],[133.33156058791752,-1.0033089368196073],[133.35992703706557,-1.0458518669018133],[133.43438896608393,-0.9997636674644923],[133.44857219065904,-1.0281257144635418],[133.40956832307853,-1.2089275748839583],[133.36701864935316,-1.2231076290991467],[133.2429154343261,-1.191202403464871],[133.22720542356097,-1.2581501319175743],[133.131218043572,-1.267146779487888],[133.00073519889855,-1.3661077990800692],[132.91674624140677,-1.2881388356877608],[132.90174821328384,-1.3541127344671366],[132.94374269202888,-1.475559940712074],[132.9092472273462,-1.5370307323995576],[132.85225472047648,-1.552023343484322],[132.80126142485813,-1.6794561551359237],[132.77126536861044,-1.706440884975052],[132.73377029830215,-1.859347045741444],[132.67227838299573,-1.8683411249244557],[132.68273632159986,-2.0988903539956425],[132.64114461518693,-2.0932225359845944],[132.6298014225273,-2.1744592798495432],[132.5976623766636,-2.2084640723128786],[132.6354730188583,-2.2953616518908433],[132.72621856012086,-2.299139689379558],[132.8207451656064,-2.2462462636286205],[132.9587540096107,-2.297250671881372],[133.0305942297794,-2.2462462636286205],[133.1213397710443,-2.233022606763157],[133.1440261563588,-2.2046858001740617],[133.306574976454,-2.2236077264297194],[133.37645703855048,-2.208372086534766],[133.4272803564387,-2.233764732546362],[133.61151488378334,-2.237573591786898],[133.66233820167156,-2.2248773560167905],[133.68774986061646,-2.2667745167173194],[133.75127900797645,-2.26296573360041],[133.86817263911826,-2.309940022305341],[133.8097258235473,-2.3302527499017316],[133.85927855848792,-2.387380719999854],[133.73730259555714,-2.4305425063372326],[133.7910254424857,-2.523371391641163],[133.6156849957714,-2.49163712256788],[133.5915439197757,-2.454824414631517],[133.4898972839992,-2.420549603982238],[133.5229324406268,-2.4929065080535366],[133.58646158798672,-2.5500275805537314],[133.5153089429425,-2.5792218213465645],[133.4784620374736,-2.5081390383794258],[133.41747405600898,-2.49163712256788],[133.3844388993814,-2.5551048875399403],[133.38189773348614,-2.4637103339290007],[133.32853324970415,-2.4281663037638026],[133.3005804248656,-2.4459384363619847],[133.21799253329743,-2.4142023215232484],[133.12651056109888,-2.4421301419617407],[133.03502858890033,-2.505600295592913],[132.93084078722865,-2.6388775295693847],[132.79742957777222,-2.7734096013398357],[132.7237357668344,-2.8089438548658023],[132.5877833914842,-2.6959920200156233],[132.43202991571047,-2.6975283967599353],[132.29600069585842,-2.6602512905136706],[132.1370993062979,-2.6674663025887497],[132.1166347334003,-2.6963259271818316],[132.20932721064332,-2.705945650537757],[132.10098535412448,-2.715565297688215],[131.93606497253455,-2.779293515629874],[132.03477644180697,-2.769674380174905],[132.04199923224257,-2.844220619198339],[132.09255876528414,-2.963244104467293],[132.16237907281874,-2.9307843996182754],[132.3285032528148,-2.9512221018243707],[132.4308261173058,-3.006522230702771],[132.57407812759192,-3.14115421647881],[132.445271698174,-3.1026896711553604],[132.4693476662901,-3.132740217499091],[132.64389843512646,-3.201252229317788],[132.5981540957066,-3.222886655568118],[132.67488483280886,-3.3254263316198944],[132.718934902417,-3.34670485987742],[132.7317236323043,-3.289961100304012],[132.80703504163495,-3.2715186811300327],[132.8226657114962,-3.31124039118437],[132.80135116168526,-3.3807495440056243],[132.8510851112448,-3.487131435705635],[132.88234645096736,-3.487131435705635],[132.92355458060155,-3.5651372046953327],[132.89022108749316,-3.648109802394046],[132.7824607572424,-3.6443363728999714],[132.74654064715799,-3.6235822285383392],[132.73141639028012,-3.6896164788207244],[132.82783352787368,-3.912209611262682],[132.84484831686188,-3.998967391608545],[132.914798004918,-4.0800587651295785],[133.00932461040355,-4.119658567241558],[133.07549323424126,-4.06120102990937],[133.23996952778293,-4.083830259172501],[133.30991921584132,-4.023484240938444],[133.45927125250512,-3.853737337424093],[133.39877422499598,-3.7462133671090783],[133.40444582132454,-3.700936146310937],[133.58658375650032,-3.573884281599973],[133.59937825348112,-3.5228041553958462],[133.5497995776808,-3.457353657273174],[133.5937806610513,-3.4286178621511283],[133.7027103183574,-3.609155556077525],[133.69454410256185,-3.6824140955105094],[133.7473043608332,-3.6523269619681997],[133.81932630069485,-3.734228440291872],[133.78582772401586,-3.6088659929678926],[133.83021333811644,-3.5587161421405398],[133.8436127687889,-3.648983884801808],[133.89051077614027,-3.6874285192580203],[133.92735921048842,-3.8228071576221367],[133.9616952515857,-3.8712709029517924],[134.04627915770152,-3.792724833898802],[134.05632873070687,-3.8228071576221367],[134.11578870431237,-3.8035880163158424],[134.13588785032096,-3.748435067575727],[134.18697317975773,-3.8411902815198573],[134.10701110935156,-3.898428050645464],[134.25317111518876,-3.9843548088108633],[134.32494611805402,-4.05335011879302],[134.33799611857643,-4.023409474240211],[134.27927111623035,-3.9531097420352097],[134.34713111894115,-3.9726380471864218],[134.3627911195655,-3.9192595927397633],[134.43848112258837,-3.923165449265852],[134.5076461253517,-4.045539622300552],[134.66950130439244,-3.926569943967081],[134.661745410327,-3.9865351915004226],[134.68792155279755,-4.06970554679495],[134.6297523473104,-4.123858386205626],[134.71312820851074,-4.145131710194619],[134.72185358933348,-4.200246291659283],[134.81276119189192,-4.253855374837727],[134.8861699226311,-4.257877723505459],[134.9302392747532,-4.2288819751125075],[134.95353828517955,-4.155978985408188],[134.99673639304848,-4.1331067999094655],[135.04690748083078,-4.055556112052229],[135.29204474341358,-4.0825096554965725],[135.3356362787615,-4.062559141066206],[135.25280863554337,-4.00490032415802],[135.24008114996923,-3.914177852704628],[135.28062169154467,-3.8252268387375534],[135.23944653597493,-3.8243917015865367],[135.14938461310817,-3.7417528731611407],[135.13979459194107,-3.6525480618168364],[135.1883171020022,-3.6144030651995305],[135.1818803906007,-3.5711462353013816],[135.04981211283263,-3.611963700519869],[134.99375455653478,-3.5808325167998056],[135.00590270337685,-3.551180396334697],[134.90914218684395,-3.4335680762564404],[134.82476726512868,-3.3806506656815327],[134.75883499731555,-3.3990146971754047],[134.62731748562885,-3.112673068493459],[134.58677788256819,-2.8026964307461655],[134.65217071441168,-2.7463683800030907]]]},"properties":{"ID":92,"kode":92,"Propinsi":"PAPUA BARAT","SUMBER":"MAMS-ARK.MY.ID"},"id":92},
    {"type":"Feature","geometry":{"type":"MultiPolygon","coordinates":[[[[132.7762684428389,-1.6921295959628964],[132.85989591138346,-1.5401585400245361],[132.91564756897657,-1.522760247010492],[132.95341479326393,-1.4496810178079018],[132.8956398672969,-1.3162310611586485],[132.9308218676606,-1.2835833354981265],[133.00911024994755,-1.3589569575064702],[133.06934985783676,-1.2968188881135057],[133.207737010185,-1.2418746724483074],[133.24827158237179,-1.246239558507069],[133.23669553069644,-1.1799739992168083],[133.37897902547155,-1.221657947573314],[133.43897560464114,-1.1724590553618774],[133.44190705712555,-0.9998146943266168],[133.33271342787228,-1.0143888248938513],[133.3729148964735,-0.9518896291272165],[133.3723404107584,-0.8723316774872958],[133.48026124700255,-0.8012458730817817],[133.49302294706771,-0.7421461158895926],[133.4014063033356,-0.7385170479931078],[133.26895469772302,-0.6500096098833773],[133.13628516561863,-0.537814752354045],[133.03739990706683,-0.5156361964629603],[132.97315373256498,-0.45600873798713515],[132.86549222028776,-0.4526313568997056],[132.71723843286668,-0.3678527142525696],[132.40516550032405,-0.34434484590929704],[132.22269058529383,-0.39679725098412855],[132.07479930900843,-0.4834532818472963],[132.0461767258806,-0.5532201120546246],[131.81131373783512,-0.7188491096569933],[131.54051873641257,-0.7540081526953273],[131.52975963699515,-0.7149390996440061],[131.22978022968618,-0.8162548982486797],[131.24218778115937,-0.8770701903295759],[131.2883042989708,-0.9096077899855448],[131.23818860124635,-1.0298155100891286],[131.22284589715974,-1.1334887385916157],[131.144751463018,-1.2178796537880952],[131.04537768515502,-1.2530375610403364],[131.05056994599815,-1.157517625323983],[131.08541518689105,-1.006632620027382],[131.02884234476352,-0.9111235962802766],[130.94820530643932,-0.9410705591672013],[130.9267020962198,-0.8842479039166307],[130.64280780182804,-0.95104123076311],[130.7199500640897,-1.0941047315606625],[130.6876000831419,-1.1003247350606813],[130.73612505456498,-1.1575481477635634],[130.77345195566045,-1.2632839742188366],[130.81326731682816,-1.2695035979290026],[130.85930382817895,-1.339162341952857],[130.92898071022205,-1.3254795277184996],[130.94764416076976,-1.3677716143419474],[131.0160768127775,-1.2894062926689003],[130.97626145160973,-1.3963805449309206],[130.93146917029588,-1.4200137464603273],[130.97999414171898,-1.4535973521913093],[131.17301390513882,-1.4556446469820798],[131.21108783189476,-1.520182927818837],[131.2888910735291,-1.5036348316757113],[131.34020810524657,-1.4655737357936403],[131.33524194088727,-1.4076534388156148],[131.36503892704508,-1.3646259958765796],[131.4014574656806,-1.4258571188743474],[131.3849035844823,-1.4506800861289832],[131.44284216867942,-1.5052896469696861],[131.51236846971358,-1.4672285796481077],[131.5934824875868,-1.493705913566643],[131.63817796682446,-1.54169526261677],[131.70604887974025,-1.5168733187122285],[131.71101504409955,-1.576445495912239],[131.7904736738543,-1.569826448265772],[131.81861527189164,-1.6062309481476404],[131.861655363009,-1.5665169165641544],[131.9891202482383,-1.54169526261677],[131.90966161848553,-1.5847192758119064],[131.88483079668697,-1.6475989084886038],[131.91959394720408,-1.7187497750518332],[131.99739718883842,-1.6691099091174095],[132.03878189183524,-1.7005486389955848],[131.92952627592268,-1.809752811825092],[131.9262154996838,-1.8709704770841],[131.96760020268061,-1.9586569007793315],[132.04374805619454,-2.0264866524289573],[132.09506508791196,-2.033104038370496],[132.03712650371483,-2.069499173033435],[132.13644979090878,-2.145595370513334],[132.1960437630985,-2.1588290980289315],[132.31854248397053,-2.282889685440125],[132.48904746031712,-2.2068004261069945],[132.5975087253624,-2.1948217016089835],[132.634507601078,-2.167868809860657],[132.64235446906872,-2.0889963306063772],[132.68138377939857,-2.1097033070813804],[132.67010987326358,-1.8621576090543388],[132.72894520499477,-1.8641079702761791],[132.7762684428389,-1.6921295959628964]]],[[[130.26255364585734,-1.7219521713201402],[130.09853726227698,-1.7172002141798117],[129.76099629896623,-1.8502504285285397],[129.71345531821828,-1.8858872138547298],[129.81804547586404,-1.9357774841288062],[129.85845530950036,-1.976163772166288],[130.07238972286552,-2.0236757931915577],[130.15083234109983,-2.0806883779768555],[130.26255366035093,-2.054557845499545],[130.32673398436054,-1.9832906458978243],[130.3790290631834,-2.0379291126383237],[130.48599626986595,-2.0022955371657645],[130.3980454554832,-1.9286503747859314],[130.35288152377194,-1.9238989632219727],[130.45509463238108,-1.8193646179940401],[130.4027995535581,-1.762343308457929],[130.3409962785853,-1.7362079546324054],[130.3600126708851,-1.6625518491567277],[130.25304546420108,-1.7053202528202718],[130.26255364585734,-1.7219521713201402]]],[[[130.88630784706902,-0.4153276507216219],[130.98202457495182,-0.3440981662404283],[131.0688374211722,-0.3463240962526868],[131.09777503657904,-0.3040313404543582],[131.20107073679594,-0.3624307383463332],[131.25671999719287,-0.37133443746171224],[131.33462896174808,-0.2956527308486585],[131.29233552384693,-0.22664836890962192],[131.31682119842174,-0.20438882236554434],[131.2767537309358,-0.15319175376768612],[131.196618795964,-0.13093211817069061],[131.14764744681423,-0.0797348868265999],[131.05193071893132,-0.07083101285765281],[131.05415668915776,-0.021859683148505837],[130.9406321979472,-0.048571322852765775],[130.78481426883405,-0.006277890755200133],[130.56444319766143,-0.07305698344866585],[130.50656796684785,-0.04634535319989652],[130.49543811476877,-0.08863876079931288],[130.3641058602318,-0.0797348887559366],[130.27951898442814,-0.10644649824781993],[130.33294227440973,-0.2110666916494779],[130.23054763527836,-0.20661478039366443],[130.319586451914,-0.25335978123882796],[130.44424079520365,-0.27116735793882185],[130.55331334558235,-0.2489078831725493],[130.51769781892824,-0.2978786733358447],[130.5444094639185,-0.32681585844160566],[130.56444319766143,-0.4559191033530112],[130.48653423310486,-0.4381118820692933],[130.45982258811472,-0.4737262805958551],[130.5288276710075,-0.5115663781617599],[130.58002499057244,-0.4670485943999836],[130.57112110890864,-0.5315992817030377],[130.6512560438818,-0.5249216542897983],[130.70022739303027,-0.4381118820692933],[130.63344828055415,-0.40694914402725146],[130.56444319766143,-0.41140097133330755],[130.58002499057244,-0.32904179239795894],[130.69132351136778,-0.3045564922955606],[130.7202611267732,-0.43143416308569726],[130.88630784706902,-0.4153276507216219]]]]},"properties":{"ID":96,"kode":96,"Propinsi":"PAPUA BARAT DAYA","SUMBER":"Peta Dasar BAKOSURTANAL Skala 1 : 250.000"},"id":96},
    {"type":"Feature","geometry":{"type":"Polygon","coordinates":[[[141.0023536215519,-5.178988367280255],[141.00027699943607,-3.906833470240506],[140.85873285036473,-3.908408226010506],[140.72148638302096,-3.947096209096708],[140.69753300993182,-3.7839824920126723],[140.3262604905774,-3.7354479015609883],[140.26676063666113,-3.6683886034855098],[140.19180330575819,-3.710051967508404],[139.96848468239995,-3.61764679833831],[139.88886724345352,-3.6013195422541378],[139.75165355402544,-3.517466065537617],[139.60935330597118,-3.496296293914039],[139.559645486835,-3.541853939986189],[139.3935257028158,-3.4198107299444835],[139.3482021651899,-3.4695338096875554],[139.19883192069284,-3.444420717788505],[139.09094173174134,-3.306414351087742],[138.85314016537376,-3.235667716669475],[138.82530119811878,-3.1748483110291232],[138.69621930205193,-3.1924502531836936],[138.69496937536005,-3.2349162735549433],[138.61906556041947,-3.297803115860118],[138.4966195151611,-3.3136176852728694],[138.43523732852918,-3.2280975816150512],[138.38587691681786,-3.2475720672348514],[138.20641173568947,-3.1254469134531373],[138.07503365424708,-3.1157184573991517],[138.069191356804,-3.293929251137195],[138.02814517729507,-3.3278707508262535],[138.05338960502084,-3.4062994927703656],[138.03916754758916,-3.60281929171958],[138.09401183918555,-3.5925372599039482],[138.26405589911647,-3.61045103847138],[138.29827875900583,-3.7249584612565307],[138.24454060298282,-3.823583981833643],[137.9695708931274,-3.9420919257891986],[138.0206371949684,-4.011937766813899],[138.01439171771386,-4.15152833807306],[137.93293289352226,-4.165368436241715],[137.94736119575796,-4.350121355570808],[137.92334123705552,-4.434756518016545],[137.86625728362554,-4.443556809065433],[137.83067901843955,-4.544947534453282],[137.91141888779583,-4.607831974314996],[138.01019793099647,-4.610376534195485],[138.1061723062478,-4.576702439978378],[138.16242362300378,-4.682405344202525],[138.16421003281278,-4.728256655651485],[138.24159366823181,-4.691232197841529],[138.32992531191093,-4.677383827793193],[138.42626999161035,-4.723772469901675],[138.5946213361263,-4.710553167577061],[138.6354337832803,-4.747159849783117],[138.7843992153973,-4.747159849783117],[138.8120324297464,-4.779830627475761],[138.8566013521281,-4.710737863475927],[138.95403150195466,-4.774084424858557],[138.9486369641814,-4.845938489251097],[139.03577059852785,-4.868110403248025],[138.95868386693138,-4.932849942259153],[138.89325147063954,-4.930105052402794],[138.89256270857408,-4.963729171170328],[139.27413689325812,-5.011074517493441],[139.50195300631572,-5.011932120862852],[139.58712680315432,-5.0631164353075775],[139.67739251176152,-5.073260595422653],[139.89358748773714,-5.0744082569646025],[139.95405854384722,-5.049301106143631],[140.0561485161462,-5.061372740479499],[140.19202365913492,-5.0482036737106455],[140.25917556278637,-5.069166128631267],[140.29824450279102,-5.159965394733987],[140.44757467347733,-5.236918437130612],[140.64552396950518,-5.274959154044524],[140.7123752668478,-5.245564258115337],[140.8521552521995,-5.2395121959672935],[141.0023536215519,-5.178988367280255]]]},"properties":{"ID":95,"kode":95,"Propinsi":"PAPUA PEGUNUNGAN","SUMBER":"MAMS-ARK.MY.ID"},"id":95}
    ]}